Method,N,Replication,Seed / scramble,Ticker,Metric,Estimate,Analytic,Runtime seconds,Error,Relative error
MC,1024,0,21260728,SPX Index,price,671.440052678796,644.2866661564472,0.0030217000166885555,27.153386522348796,0.04214488355677898
MC,1024,0,21260728,SPX Index,delta,0.608787112282556,0.5951256241492728,0.0030217000166885555,0.013661488133283162,0.022955637564442206
MC,1024,0,21260728,SPX Index,vega,2989.067787159829,2829.6360448038345,0.0030217000166885555,159.43174235599463,0.05634355084243609
MC,1024,0,21260728,SPX Index,gamma,0.0002322321864667601,0.0002810396349131103,0.0030217000166885555,-4.880744844635017e-05,-0.1736674916384662
MC,1024,0,21260728,NDX Index,price,3308.2463490887058,3367.4914742178444,0.0030217000166885555,-59.245125129138614,-0.017593251707608042
MC,1024,0,21260728,NDX Index,delta,0.59990071772614,0.6016489211760171,0.0030217000166885555,-0.0017482034498771393,-0.0029056870017484643
MC,1024,0,21260728,NDX Index,vega,10611.716117423271,10732.284898910899,0.0030217000166885555,-120.56878148762735,-0.01123421364819178
MC,1024,0,21260728,NDX Index,gamma,6.759346178991563e-05,5.2107169399970926e-05,0.0030217000166885555,1.5486292389944708e-05,0.2972007992042905
MC,1024,0,21260728,RTY Index,price,297.0197164653093,292.88192219894063,0.0030217000166885555,4.137794266368644,0.014127858200678016
MC,1024,0,21260728,RTY Index,delta,0.5722684014062966,0.5854387475048874,0.0030217000166885555,-0.013170346098590802,-0.02249653982542529
MC,1024,0,21260728,RTY Index,vega,1171.906810095914,1128.2462808147527,0.0030217000166885555,43.66052928116119,0.03869769395528797
MC,1024,0,21260728,RTY Index,gamma,0.0006198809412146456,0.0005906533709811822,0.0030217000166885555,2.9227570233463364e-05,0.04948345623578018
MC,1024,1,21260729,SPX Index,price,684.5255977424443,644.2866661564472,0.002584700006991625,40.23893158599719,0.06245501218587424
MC,1024,1,21260729,SPX Index,delta,0.6207129646722719,0.5951256241492728,0.002584700006991625,0.025587340522999047,0.0429948560181322
MC,1024,1,21260729,SPX Index,vega,3031.089469787586,2829.6360448038345,0.002584700006991625,201.45342498375157,0.07119411182002999
MC,1024,1,21260729,SPX Index,gamma,0.00023289257588815515,0.0002810396349131103,0.002584700006991625,-4.814705902495513e-05,-0.17131768278819773
MC,1024,1,21260729,NDX Index,price,3541.708455224932,3367.4914742178444,0.002584700006991625,174.21698100708772,0.051734943455960046
MC,1024,1,21260729,NDX Index,delta,0.6256339765166402,0.6016489211760171,0.002584700006991625,0.023985055340623118,0.03986553369652948
MC,1024,1,21260729,NDX Index,vega,11330.854275899239,10732.284898910899,0.002584700006991625,598.5693769883401,0.055772781157634226
MC,1024,1,21260729,NDX Index,gamma,5.5660131314557575e-05,5.2107169399970926e-05,0.002584700006991625,3.5529619145866485e-06,0.06818566342213613
MC,1024,1,21260729,RTY Index,price,314.3362848494303,292.88192219894063,0.002584700006991625,21.454362650489657,0.07325260121693936
MC,1024,1,21260729,RTY Index,delta,0.593895366297556,0.5854387475048874,0.002584700006991625,0.008456618792668569,0.014444924987815176
MC,1024,1,21260729,RTY Index,vega,1239.6834976349758,1128.2462808147527,0.002584700006991625,111.43721682022306,0.09877029396431929
MC,1024,1,21260729,RTY Index,gamma,0.0005765446511311522,0.0005906533709811822,0.002584700006991625,-1.4108719850030042e-05,-0.023886632233373874
MC,1024,2,21260730,SPX Index,price,633.4357261280203,644.2866661564472,0.003247200045734644,-10.850940028426862,-0.016841788909212056
MC,1024,2,21260730,SPX Index,delta,0.5930862764672664,0.5951256241492728,0.003247200045734644,-0.0020393476820064205,-0.0034267515953823216
MC,1024,2,21260730,SPX Index,vega,2760.1976395776596,2829.6360448038345,0.003247200045734644,-69.43840522617484,-0.02453969490305552
MC,1024,2,21260730,SPX Index,gamma,0.00027344855140757566,0.0002810396349131103,0.003247200045734644,-7.591083505534616e-06,-0.027010722198958056
MC,1024,2,21260730,NDX Index,price,3249.6964807119284,3367.4914742178444,0.003247200045734644,-117.79499350591595,-0.034980042090017704
MC,1024,2,21260730,NDX Index,delta,0.588906087717455,0.6016489211760171,0.003247200045734644,-0.012742833458562086,-0.021179849261017906
MC,1024,2,21260730,NDX Index,vega,10359.629539667174,10732.284898910899,0.003247200045734644,-372.6553592437249,-0.03472283514217383
MC,1024,2,21260730,NDX Index,gamma,5.407337533130544e-05,5.2107169399970926e-05,0.003247200045734644,1.966205931334513e-06,0.03773388487565034
MC,1024,2,21260730,RTY Index,price,291.55559607230174,292.88192219894063,0.003247200045734644,-1.3263261266388895,-0.004528535311025376
MC,1024,2,21260730,RTY Index,delta,0.5903133378263549,0.5854387475048874,0.003247200045734644,0.00487459032146742,0.008326388272458385
MC,1024,2,21260730,RTY Index,vega,1116.6729813380823,1128.2462808147527,0.003247200045734644,-11.5732994766704,-0.01025777764435691
MC,1024,2,21260730,RTY Index,gamma,0.00069100853924253,0.0005906533709811822,0.003247200045734644,0.00010035516826134778,0.16990535090765616
MC,1024,3,21260731,SPX Index,price,682.2400682210465,644.2866661564472,0.0035345000214874744,37.953402064599345,0.05890763236031865
MC,1024,3,21260731,SPX Index,delta,0.6097140684811451,0.5951256241492728,0.0035345000214874744,0.01458844433187223,0.02451321828517515
MC,1024,3,21260731,SPX Index,vega,3063.7006277868163,2829.6360448038345,0.0035345000214874744,234.06458298298185,0.08271897137188484
MC,1024,3,21260731,SPX Index,gamma,0.00028658996081802694,0.0002810396349131103,0.0035345000214874744,5.55032590491666e-06,0.019749263859642673
MC,1024,3,21260731,NDX Index,price,3591.4428487916553,3367.4914742178444,0.0035345000214874744,223.95137457381088,0.06650391731899702
MC,1024,3,21260731,NDX Index,delta,0.6337726094226706,0.6016489211760171,0.0035345000214874744,0.03212368824665346,0.0533927463608888
MC,1024,3,21260731,NDX Index,vega,11607.915925878773,10732.284898910899,0.0035345000214874744,875.6310269678743,0.08158850004594384
MC,1024,3,21260731,NDX Index,gamma,4.935738165651513e-05,5.2107169399970926e-05,0.0035345000214874744,-2.7497877434557965e-06,-0.05277177354134555
MC,1024,3,21260731,RTY Index,price,292.8146586317395,292.88192219894063,0.0035345000214874744,-0.06726356720110971,-0.00022966104120083176
MC,1024,3,21260731,RTY Index,delta,0.5848394109193382,0.5854387475048874,0.0035345000214874744,-0.0005993365855492261,-0.0010237391838233642
MC,1024,3,21260731,RTY Index,vega,1131.4196229168044,1128.2462808147527,0.0035345000214874744,3.17334210205172,0.0028126324509220807
MC,1024,3,21260731,RTY Index,gamma,0.0007013143961369563,0.0005906533709811822,0.0035345000214874744,0.00011066102515577413,0.18735358264686805
MC,1024,4,21260732,SPX Index,price,665.5455948614834,644.2866661564472,0.002909999981056899,21.258928705036283,0.032996071192747826
MC,1024,4,21260732,SPX Index,delta,0.6015928873692423,0.5951256241492728,0.002909999981056899,0.006467263219969488,0.010867055555227332
MC,1024,4,21260732,SPX Index,vega,2960.7118378220416,2829.6360448038345,0.002909999981056899,131.07579301820715,0.04632249198935195
MC,1024,4,21260732,SPX Index,gamma,0.0003343862829974336,0.0002810396349131103,0.002909999981056899,5.334664808432331e-05,0.1898189488497472
MC,1024,4,21260732,NDX Index,price,3534.7101995646717,3367.4914742178444,0.002909999981056899,167.21872534682734,0.04965676279422999
MC,1024,4,21260732,NDX Index,delta,0.6075457043267671,0.6016489211760171,0.002909999981056899,0.00589678315075004,0.009801036689675855
MC,1024,4,21260732,NDX Index,vega,11532.117724224054,10732.284898910899,0.002909999981056899,799.8328253131549,0.07452586591270244
MC,1024,4,21260732,NDX Index,gamma,4.7592715627949194e-05,5.2107169399970926e-05,0.002909999981056899,-4.5144537720217325e-06,-0.08663786239028082
MC,1024,4,21260732,RTY Index,price,301.36154333471916,292.88192219894063,0.002909999981056899,8.47962113577853,0.02895235415048502
MC,1024,4,21260732,RTY Index,delta,0.6000259957390872,0.5854387475048874,0.002909999981056899,0.014587248234199768,0.024916779588590503
MC,1024,4,21260732,RTY Index,vega,1158.9686838283815,1128.2462808147527,0.002909999981056899,30.722403013628764,0.02723022759839533
MC,1024,4,21260732,RTY Index,gamma,0.0007520177014256343,0.0005906533709811822,0.002909999981056899,0.00016136433044445207,0.2731963252430045
MC,1024,5,21260733,SPX Index,price,707.0107091075441,644.2866661564472,0.0031023999908939004,62.724042951096976,0.09735424655810924
MC,1024,5,21260733,SPX Index,delta,0.6287793503628127,0.5951256241492728,0.0031023999908939004,0.0336537262135399,0.05654894504273384
MC,1024,5,21260733,SPX Index,vega,3158.3112417390385,2829.6360448038345,0.0031023999908939004,328.675196935204,0.11615458374541221
MC,1024,5,21260733,SPX Index,gamma,0.00024276058041415287,0.0002810396349131103,0.0031023999908939004,-3.827905449895741e-05,-0.13620518156021744
MC,1024,5,21260733,NDX Index,price,3681.8514029449016,3367.4914742178444,0.0031023999908939004,314.3599287270572,0.09335136588581044
MC,1024,5,21260733,NDX Index,delta,0.6527608498412334,0.6016489211760171,0.0031023999908939004,0.0511119286652163,0.0849530795556153
MC,1024,5,21260733,NDX Index,vega,11754.688178133742,10732.284898910899,0.0031023999908939004,1022.4032792228427,0.0952642693380787
MC,1024,5,21260733,NDX Index,gamma,4.117389460529561e-05,5.2107169399970926e-05,0.0031023999908939004,-1.0933274794675315e-05,-0.20982285011016957
MC,1024,5,21260733,RTY Index,price,321.64889484939147,292.88192219894063,0.0031023999908939004,28.76697265045084,0.0982203764386346
MC,1024,5,21260733,RTY Index,delta,0.6191236851734185,0.5854387475048874,0.0031023999908939004,0.03368493766853109,0.05753793682446664
MC,1024,5,21260733,RTY Index,vega,1261.1422569959411,1128.2462808147527,0.0031023999908939004,132.89597618118842,0.11778986418215251
MC,1024,5,21260733,RTY Index,gamma,0.0005120639446400018,0.0005906533709811822,0.0031023999908939004,-7.858942634118035e-05,-0.13305507121821566
MC,1024,6,21260734,SPX Index,price,718.9012599416967,644.2866661564472,0.003821199992671609,74.61459378524955,0.11580961969983011
MC,1024,6,21260734,SPX Index,delta,0.6497852747670185,0.5951256241492728,0.003821199992671609,0.05465965061774569,0.0918455673890386
MC,1024,6,21260734,SPX Index,vega,3195.266407684194,2829.6360448038345,0.003821199992671609,365.63036288035937,0.1292146258709773
MC,1024,6,21260734,SPX Index,gamma,0.0002855919514751811,0.0002810396349131103,0.003821199992671609,4.552316562070834e-06,0.016198130073284096
MC,1024,6,21260734,NDX Index,price,3700.739730540109,3367.4914742178444,0.003821199992671609,333.24825632226475,0.09896038605403364
MC,1024,6,21260734,NDX Index,delta,0.651718108332169,0.6016489211760171,0.003821199992671609,0.05006918715615194,0.08321994005787274
MC,1024,6,21260734,NDX Index,vega,11854.980191856905,10732.284898910899,0.003821199992671609,1122.6952929460058,0.10460915858280427
MC,1024,6,21260734,NDX Index,gamma,4.613057846152226e-05,5.2107169399970926e-05,0.003821199992671609,-5.976590938448665e-06,-0.11469805416933664
MC,1024,6,21260734,RTY Index,price,328.18375855141414,292.88192219894063,0.003821199992671609,35.301836352473515,0.12053265728191538
MC,1024,6,21260734,RTY Index,delta,0.6357475782037606,0.5854387475048874,0.003821199992671609,0.05030883069887315,0.0859335513976262
MC,1024,6,21260734,RTY Index,vega,1288.5562337924025,1128.2462808147527,0.003821199992671609,160.3099529776498,0.14208773004940325
MC,1024,6,21260734,RTY Index,gamma,0.0005019552364723619,0.0005906533709811822,0.003821199992671609,-8.869813450882032e-05,-0.15016952220466745
MC,1024,7,21260735,SPX Index,price,687.827309018272,644.2866661564472,0.0034918999881483614,43.540642861824836,0.06757961191649463
MC,1024,7,21260735,SPX Index,delta,0.6267446243793775,0.5951256241492728,0.0034918999881483614,0.031619000230104666,0.05312995936833297
MC,1024,7,21260735,SPX Index,vega,3048.6261830767235,2829.6360448038345,0.0034918999881483614,218.990138272889,0.07739162733491069
MC,1024,7,21260735,SPX Index,gamma,0.00030995326492422196,0.0002810396349131103,0.0034918999881483614,2.891363001111168e-05,0.10288096915600882
MC,1024,7,21260735,NDX Index,price,3628.644899793297,3367.4914742178444,0.0034918999881483614,261.15342557545273,0.0775513249476333
MC,1024,7,21260735,NDX Index,delta,0.6454924032910546,0.6016489211760171,0.0034918999881483614,0.043843482115037524,0.07287220266154316
MC,1024,7,21260735,NDX Index,vega,11607.61921358678,10732.284898910899,0.0034918999881483614,875.3343146758816,0.08156085334304809
MC,1024,7,21260735,NDX Index,gamma,5.469114176330883e-05,5.2107169399970926e-05,0.0034918999881483614,2.5839723633379043e-06,0.04958957458432478
MC,1024,7,21260735,RTY Index,price,312.99918061378634,292.88192219894063,0.0034918999881483614,20.117258414845708,0.06868726572062382
MC,1024,7,21260735,RTY Index,delta,0.6406987155184247,0.5854387475048874,0.0034918999881483614,0.055259968013537275,0.0943906911680388
MC,1024,7,21260735,RTY Index,vega,1194.2402959166775,1128.2462808147527,0.0034918999881483614,65.99401510192479,0.0584925616189648
MC,1024,7,21260735,RTY Index,gamma,0.0004991279563378447,0.0005906533709811822,0.0034918999881483614,-9.152541464333753e-05,-0.15495622160133826
MC,1024,8,21260736,SPX Index,price,650.4174012714715,644.2866661564472,0.0037216999917291105,6.130735115024322,0.0095155393353052
MC,1024,8,21260736,SPX Index,delta,0.5947761770691028,0.5951256241492728,0.0037216999917291105,-0.00034944708017004,-0.0005871820435720134
MC,1024,8,21260736,SPX Index,vega,2861.2389254021464,2829.6360448038345,0.0037216999917291105,31.602880598311913,0.011168531958852253
MC,1024,8,21260736,SPX Index,gamma,0.00022673294096963237,0.0002810396349131103,0.0037216999917291105,-5.430669394347791e-05,-0.1932350003239509
MC,1024,8,21260736,NDX Index,price,3360.9105198671973,3367.4914742178444,0.0037216999917291105,-6.580954350647062,-0.001954260137266004
MC,1024,8,21260736,NDX Index,delta,0.5929557065854247,0.6016489211760171,0.0037216999917291105,-0.008693214590592357,-0.014448982262945153
MC,1024,8,21260736,NDX Index,vega,10747.703786120332,10732.284898910899,0.0037216999917291105,15.418887209432796,0.0014366826220758907
MC,1024,8,21260736,NDX Index,gamma,5.212577067207936e-05,5.2107169399970926e-05,0.0037216999917291105,1.860127210843597e-08,0.0003569810512187666
MC,1024,8,21260736,RTY Index,price,286.43881449921014,292.88192219894063,0.0037216999917291105,-6.44310769973049,-0.021998994172655
MC,1024,8,21260736,RTY Index,delta,0.5806999955993313,0.5854387475048874,0.0037216999917291105,-0.004738751905556171,-0.008094359872407678
MC,1024,8,21260736,RTY Index,vega,1086.4977164561571,1128.2462808147527,0.0037216999917291105,-41.74856435859556,-0.03700305958770563
MC,1024,8,21260736,RTY Index,gamma,0.0008107670633625092,0.0005906533709811822,0.0037216999917291105,0.00022011369238132705,0.37266136654003745
MC,1024,9,21260737,SPX Index,price,733.3681484712007,644.2866661564472,0.003182699962053448,89.08148231475354,0.13826373723699348
MC,1024,9,21260737,SPX Index,delta,0.6334841232337586,0.5951256241492728,0.003182699962053448,0.03835849908448574,0.06445445722374818
MC,1024,9,21260737,SPX Index,vega,3329.8145940497184,2829.6360448038345,0.003182699962053448,500.1785492458839,0.17676426979518456
MC,1024,9,21260737,SPX Index,gamma,0.00028401116921641787,0.0002810396349131103,0.003182699962053448,2.971534303307594e-06,0.010573363804099413
MC,1024,9,21260737,NDX Index,price,3655.212015683021,3367.4914742178444,0.003182699962053448,287.72054146517667,0.0854406146735693
MC,1024,9,21260737,NDX Index,delta,0.6416499626837594,0.6016489211760171,0.003182699962053448,0.04000104150774231,0.06648568641917284
MC,1024,9,21260737,NDX Index,vega,11800.349942441922,10732.284898910899,0.003182699962053448,1068.0650435310235,0.09951888657366985
MC,1024,9,21260737,NDX Index,gamma,5.506366797401022e-05,5.2107169399970926e-05,0.003182699962053448,2.956498574039296e-06,0.05673880596632343
MC,1024,9,21260737,RTY Index,price,339.8890165042978,292.88192219894063,0.003182699962053448,47.00709430535716,0.16049844917853104
MC,1024,9,21260737,RTY Index,delta,0.6288602672560714,0.5854387475048874,0.003182699962053448,0.04342151975118391,0.07416919350870504
MC,1024,9,21260737,RTY Index,vega,1354.3929703417357,1128.2462808147527,0.003182699962053448,226.14668952698298,0.200440890763383
MC,1024,9,21260737,RTY Index,gamma,0.0007077051574255676,0.0005906533709811822,0.003182699962053448,0.00011705178644438538,0.19817339948461002
MC,1024,10,21260738,SPX Index,price,587.9546137263387,644.2866661564472,0.0035040000220760703,-56.33205243010843,-0.08743321162637527
MC,1024,10,21260738,SPX Index,delta,0.5701342863417972,0.5951256241492728,0.0035040000220760703,-0.024991337807475644,-0.04199338222614856
MC,1024,10,21260738,SPX Index,vega,2526.6099679206504,2829.6360448038345,0.0035040000220760703,-303.02607688318403,-0.10709012469629868
MC,1024,10,21260738,SPX Index,gamma,0.0002665955265557095,0.0002810396349131103,0.0035040000220760703,-1.4444108357400756e-05,-0.05139527156682536
MC,1024,10,21260738,NDX Index,price,2922.753131324352,3367.4914742178444,0.0035040000220760703,-444.73834289349224,-0.13206814220570226
MC,1024,10,21260738,NDX Index,delta,0.5549513282026687,0.6016489211760171,0.0035040000220760703,-0.04669759297334841,-0.07761601713183604
MC,1024,10,21260738,NDX Index,vega,8973.264625965627,10732.284898910899,0.0035040000220760703,-1759.0202729452722,-0.16389988613922984
MC,1024,10,21260738,NDX Index,gamma,5.7428898680081584e-05,5.2107169399970926e-05,0.0035040000220760703,5.321729280110658e-06,0.10213046191900087
MC,1024,10,21260738,RTY Index,price,290.9883402817449,292.88192219894063,0.0035040000220760703,-1.8935819171957178,-0.0064653424252982695
MC,1024,10,21260738,RTY Index,delta,0.5659197408138712,0.5854387475048874,0.0035040000220760703,-0.01951900669101625,-0.033340817932201006
MC,1024,10,21260738,RTY Index,vega,1141.1292556382052,1128.2462808147527,0.0035040000220760703,12.882974823452514,0.011418583905412205
MC,1024,10,21260738,RTY Index,gamma,0.0004046028301960434,0.0005906533709811822,0.0035040000220760703,-0.00018605054078513878,-0.3149910758590527
MC,1024,11,21260739,SPX Index,price,658.1279592447463,644.2866661564472,0.0037862000172026455,13.841293088299153,0.02148312826473764
MC,1024,11,21260739,SPX Index,delta,0.5993834604678332,0.5951256241492728,0.0037862000172026455,0.00425783631856036,0.00715451687136964
MC,1024,11,21260739,SPX Index,vega,2892.7028624890127,2829.6360448038345,0.0037862000172026455,63.066817685178194,0.02228796095561128
MC,1024,11,21260739,SPX Index,gamma,0.00022316873824391542,0.0002810396349131103,0.0037862000172026455,-5.7870896669194854e-05,-0.2059172069700665
MC,1024,11,21260739,NDX Index,price,3519.6341619506634,3367.4914742178444,0.0037862000172026455,152.142687732819,0.04517982863435658
MC,1024,11,21260739,NDX Index,delta,0.6086801688285532,0.6016489211760171,0.0037862000172026455,0.0070312476525361545,0.011686628871190327
MC,1024,11,21260739,NDX Index,vega,11345.890728537957,10732.284898910899,0.0037862000172026455,613.6058296270585,0.057173829748903386
MC,1024,11,21260739,NDX Index,gamma,4.829863879948619e-05,5.2107169399970926e-05,0.0037862000172026455,-3.808530600484734e-06,-0.07309033755510157
MC,1024,11,21260739,RTY Index,price,293.3729305301193,292.88192219894063,0.0037862000172026455,0.49100833117864795,0.001676471963486806
MC,1024,11,21260739,RTY Index,delta,0.5976759323264512,0.5854387475048874,0.0037862000172026455,0.012237184821563774,0.02090258780054802
MC,1024,11,21260739,RTY Index,vega,1115.386639059149,1128.2462808147527,0.0037862000172026455,-12.859641755603661,-0.01139790307690373
MC,1024,11,21260739,RTY Index,gamma,0.0006000881251166573,0.0005906533709811822,0.0037862000172026455,9.4347541354751e-06,0.0159734196044666
MC,1024,12,21260740,SPX Index,price,610.2789642001027,644.2866661564472,0.0032756999717094004,-34.00770195634448,-0.052783494898661534
MC,1024,12,21260740,SPX Index,delta,0.576021092045482,0.5951256241492728,0.0032756999717094004,-0.019104532103790817,-0.03210167959260801
MC,1024,12,21260740,SPX Index,vega,2658.6936244621766,2829.6360448038345,0.0032756999717094004,-170.9424203416579,-0.060411451379256284
MC,1024,12,21260740,SPX Index,gamma,0.0003623029910963504,0.0002810396349131103,0.0032756999717094004,8.126335618324011e-05,0.28915265353360037
MC,1024,12,21260740,NDX Index,price,3313.5095915452503,3367.4914742178444,0.0032756999717094004,-53.98188267259411,-0.016030295276436384
MC,1024,12,21260740,NDX Index,delta,0.5712802901328798,0.6016489211760171,0.0032756999717094004,-0.03036863104313725,-0.05047566774287071
MC,1024,12,21260740,NDX Index,vega,10795.912476187947,10732.284898910899,0.0032756999717094004,63.62757727704775,0.005928614258414311
MC,1024,12,21260740,NDX Index,gamma,6.381639054163725e-05,5.2107169399970926e-05,0.0032756999717094004,1.1709221141666325e-05,0.224714204906952
MC,1024,12,21260740,RTY Index,price,273.52153163565976,292.88192219894063,0.0032756999717094004,-19.360390563280873,-0.0661030575664219
MC,1024,12,21260740,RTY Index,delta,0.5569104309093772,0.5854387475048874,0.0032756999717094004,-0.02852831659551025,-0.048729806008052254
MC,1024,12,21260740,RTY Index,vega,1041.7318454057909,1128.2462808147527,0.0032756999717094004,-86.51443540896184,-0.07668045255729648
MC,1024,12,21260740,RTY Index,gamma,0.0006455074747609291,0.0005906533709811822,0.0032756999717094004,5.4854103779746854e-05,0.09287021199696914
MC,1024,13,21260741,SPX Index,price,624.565192366763,644.2866661564472,0.003568399988580495,-19.721473789684183,-0.030609781058072324
MC,1024,13,21260741,SPX Index,delta,0.5884258256360227,0.5951256241492728,0.003568399988580495,-0.006699798513250088,-0.011257788677520641
MC,1024,13,21260741,SPX Index,vega,2703.274776814009,2829.6360448038345,0.003568399988580495,-126.36126798982559,-0.044656367811636934
MC,1024,13,21260741,SPX Index,gamma,0.00031465596880693035,0.0002810396349131103,0.003568399988580495,3.3616333893820075e-05,0.11961420994662664
MC,1024,13,21260741,NDX Index,price,3207.730219329909,3367.4914742178444,0.003568399988580495,-159.7612548879356,-0.04744221510614004
MC,1024,13,21260741,NDX Index,delta,0.586126371569033,0.6016489211760171,0.003568399988580495,-0.01552254960698407,-0.025800012367084138
MC,1024,13,21260741,NDX Index,vega,10100.302125611235,10732.284898910899,0.003568399988580495,-631.9827732996637,-0.058886134616478236
MC,1024,13,21260741,NDX Index,gamma,5.981324226945921e-05,5.2107169399970926e-05,0.003568399988580495,7.706072869488286e-06,0.14788891736446128
MC,1024,13,21260741,RTY Index,price,279.16439801471125,292.88192219894063,0.003568399988580495,-13.717524184229376,-0.0468363635462339
MC,1024,13,21260741,RTY Index,delta,0.578659207038828,0.5854387475048874,0.003568399988580495,-0.006779540466059442,-0.011580272906351904
MC,1024,13,21260741,RTY Index,vega,1051.1417025638311,1128.2462808147527,0.003568399988580495,-77.10457825092158,-0.06834020156950237
MC,1024,13,21260741,RTY Index,gamma,0.0008702342305064407,0.0005906533709811822,0.003568399988580495,0.00027958085952525845,0.4733416810282891
MC,1024,14,21260742,SPX Index,price,621.5305239898129,644.2866661564472,0.0029931000317446887,-22.756142166634277,-0.035319902400569904
MC,1024,14,21260742,SPX Index,delta,0.5781301954229902,0.5951256241492728,0.0029931000317446887,-0.01699542872628268,-0.02855771628146159
MC,1024,14,21260742,SPX Index,vega,2717.1790530088383,2829.6360448038345,0.0029931000317446887,-112.45699179499616,-0.039742564066324045
MC,1024,14,21260742,SPX Index,gamma,0.00022481715706499497,0.0002810396349131103,0.0029931000317446887,-5.62224778481153e-05,-0.20005177513661995
MC,1024,14,21260742,NDX Index,price,3282.895453498461,3367.4914742178444,0.0029931000317446887,-84.59602071938343,-0.025121376361920043
MC,1024,14,21260742,NDX Index,delta,0.5948470667842028,0.6016489211760171,0.0029931000317446887,-0.006801854391814244,-0.011305354588717542
MC,1024,14,21260742,NDX Index,vega,10365.19349748483,10732.284898910899,0.0029931000317446887,-367.09140142606884,-0.03420440333850259
MC,1024,14,21260742,NDX Index,gamma,4.779523555780024e-05,5.2107169399970926e-05,0.0029931000317446887,-4.3119338421706855e-06,-0.0827512584510701
MC,1024,14,21260742,RTY Index,price,280.9569639147009,292.88192219894063,0.0029931000317446887,-11.924958284239722,-0.04071592467950162
MC,1024,14,21260742,RTY Index,delta,0.5933032553738343,0.5854387475048874,0.0029931000317446887,0.00786450786894688,0.0134335281059975
MC,1024,14,21260742,RTY Index,vega,1054.2558398427384,1128.2462808147527,0.0029931000317446887,-73.99044097201431,-0.06558004420682229
MC,1024,14,21260742,RTY Index,gamma,0.0005155931361334002,0.0005906533709811822,0.0029931000317446887,-7.506023484778201e-05,-0.12708000755687446
MC,1024,15,21260743,SPX Index,price,613.5377781672867,644.2866661564472,0.003449800016824156,-30.748887989160494,-0.0477254762582561
MC,1024,15,21260743,SPX Index,delta,0.5782972075650757,0.5951256241492728,0.003449800016824156,-0.016828416584197092,-0.0282770828566711
MC,1024,15,21260743,SPX Index,vega,2660.5050184416928,2829.6360448038345,0.003449800016824156,-169.1310263621417,-0.05977130050796578
MC,1024,15,21260743,SPX Index,gamma,0.0003735608811295733,0.0002810396349131103,0.003449800016824156,9.252124621646305e-05,0.3292106689686957
MC,1024,15,21260743,NDX Index,price,3347.1416663822206,3367.4914742178444,0.003449800016824156,-20.34980783562378,-0.006043016884059182
MC,1024,15,21260743,NDX Index,delta,0.6018305222309005,0.6016489211760171,0.003449800016824156,0.00018160105488340683,0.00030183891052017365
MC,1024,15,21260743,NDX Index,vega,10648.07468851376,10732.284898910899,0.003449800016824156,-84.21021039713924,-0.007846438217987
MC,1024,15,21260743,NDX Index,gamma,4.851474191824911e-05,5.2107169399970926e-05,0.003449800016824156,-3.5924274817218167e-06,-0.06894305568868266
MC,1024,15,21260743,RTY Index,price,277.01481893186275,292.88192219894063,0.003449800016824156,-15.86710326707788,-0.05417576867820513
MC,1024,15,21260743,RTY Index,delta,0.5769857367301011,0.5854387475048874,0.003449800016824156,-0.00845301077478633,-0.014438762058050763
MC,1024,15,21260743,RTY Index,vega,1045.2062420297134,1128.2462808147527,0.003449800016824156,-83.04003878503931,-0.07360098605871114
MC,1024,15,21260743,RTY Index,gamma,0.0005953760131633308,0.0005906533709811822,0.003449800016824156,4.722642182148577e-06,0.007995623853468258
MC,4096,0,21460728,SPX Index,price,641.1748064422827,644.2866661564472,0.012585400021634996,-3.1118597141644386,-0.004829930336333873
MC,4096,0,21460728,SPX Index,delta,0.5848288036648344,0.5951256241492728,0.012585400021634996,-0.010296820484438474,-0.01730192763781209
MC,4096,0,21460728,SPX Index,vega,2836.217623966115,2829.6360448038345,0.012585400021634996,6.581579162280377,0.0023259454778173237
MC,4096,0,21460728,SPX Index,gamma,0.00028713701111807675,0.0002810396349131103,0.012585400021634996,6.097376204966477e-06,0.021695787524245887
MC,4096,0,21460728,NDX Index,price,3349.610637051164,3367.4914742178444,0.012585400021634996,-17.88083716668052,-0.005309838882616219
MC,4096,0,21460728,NDX Index,delta,0.5914919489795037,0.6016489211760171,0.012585400021634996,-0.010156972196513347,-0.01688189214510674
MC,4096,0,21460728,NDX Index,vega,10742.58225864829,10732.284898910899,0.012585400021634996,10.297359737391162,0.0009594750637337374
MC,4096,0,21460728,NDX Index,gamma,5.224011374374657e-05,5.2107169399970926e-05,0.012585400021634996,1.3294434377564718e-07,0.002551363762540541
MC,4096,0,21460728,RTY Index,price,295.1320850101734,292.88192219894063,0.012585400021634996,2.2501628112327694,0.007682832707251702
MC,4096,0,21460728,RTY Index,delta,0.5727622953854221,0.5854387475048874,0.012585400021634996,-0.012676452119465331,-0.02165290933251647
MC,4096,0,21460728,RTY Index,vega,1153.480097170531,1128.2462808147527,0.012585400021634996,25.233816355778345,0.022365521415728465
MC,4096,0,21460728,RTY Index,gamma,0.0006817372606105658,0.0005906533709811822,0.012585400021634996,9.108388962938356e-05,0.15420870192965583
MC,4096,1,21460729,SPX Index,price,648.4433110429991,644.2866661564472,0.011597599950619042,4.1566448865519305,0.006451545724745147
MC,4096,1,21460729,SPX Index,delta,0.6037860123144976,0.5951256241492728,0.011597599950619042,0.008660388165224742,0.014552201776901632
MC,4096,1,21460729,SPX Index,vega,2845.058190836436,2829.6360448038345,0.011597599950619042,15.422146032601631,0.005450222498021217
MC,4096,1,21460729,SPX Index,gamma,0.00030053300448704774,0.0002810396349131103,0.011597599950619042,1.9493369573937464e-05,0.06936163854598046
MC,4096,1,21460729,NDX Index,price,3392.5332421430303,3367.4914742178444,0.011597599950619042,25.041767925185923,0.007436327045490824
MC,4096,1,21460729,NDX Index,delta,0.6047360293338284,0.6016489211760171,0.011597599950619042,0.0030871081578113246,0.005131079021594667
MC,4096,1,21460729,NDX Index,vega,10872.289082323097,10732.284898910899,0.011597599950619042,140.00418341219847,0.013045142272211386
MC,4096,1,21460729,NDX Index,gamma,4.5107676698600624e-05,5.2107169399970926e-05,0.011597599950619042,-6.999492701370302e-06,-0.13432878396526768
MC,4096,1,21460729,RTY Index,price,292.30252843149924,292.88192219894063,0.011597599950619042,-0.5793937674413883,-0.001978250357998654
MC,4096,1,21460729,RTY Index,delta,0.5823753851621921,0.5854387475048874,0.011597599950619042,-0.0030633623426953305,-0.005232592403135661
MC,4096,1,21460729,RTY Index,vega,1128.1081833218084,1128.2462808147527,0.011597599950619042,-0.1380974929443255,-0.00012240013133001391
MC,4096,1,21460729,RTY Index,gamma,0.0005207099613717477,0.0005906533709811822,0.011597599950619042,-6.994340960943452e-05,-0.11841701587725785
MC,4096,2,21460730,SPX Index,price,650.9084953854996,644.2866661564472,0.01168239995604381,6.621829229052423,0.010277768541378591
MC,4096,2,21460730,SPX Index,delta,0.5964378511156708,0.5951256241492728,0.01168239995604381,0.001312226966397989,0.0022049579335015304
MC,4096,2,21460730,SPX Index,vega,2869.3889135867903,2829.6360448038345,0.01168239995604381,39.75286878295583,0.014048756855481643
MC,4096,2,21460730,SPX Index,gamma,0.0002720986579904805,0.0002810396349131103,0.01168239995604381,-8.940976922629793e-06,-0.03181393587204914
MC,4096,2,21460730,NDX Index,price,3419.5097191406408,3367.4914742178444,0.01168239995604381,52.018244922796384,0.01544717939779743
MC,4096,2,21460730,NDX Index,delta,0.6064330330122896,0.6016489211760171,0.01168239995604381,0.0047841118362724755,0.007951666940449555
MC,4096,2,21460730,NDX Index,vega,10915.30886706894,10732.284898910899,0.01168239995604381,183.0239681580406,0.017053588297550104
MC,4096,2,21460730,NDX Index,gamma,5.883940342732359e-05,5.2107169399970926e-05,0.01168239995604381,6.732234027352662e-06,0.12919976473249797
MC,4096,2,21460730,RTY Index,price,287.8366478355631,292.88192219894063,0.01168239995604381,-5.04527436337753,-0.017226308559770094
MC,4096,2,21460730,RTY Index,delta,0.5737181080135562,0.5854387475048874,0.01168239995604381,-0.011720639491331286,-0.020020266067601614
MC,4096,2,21460730,RTY Index,vega,1110.4612897200989,1128.2462808147527,0.01168239995604381,-17.784991094653833,-0.015763394390992863
MC,4096,2,21460730,RTY Index,gamma,0.0006581231928232427,0.0005906533709811822,0.01168239995604381,6.746982184206046e-05,0.11422913193567467
MC,4096,3,21460731,SPX Index,price,650.7408938399005,644.2866661564472,0.010975400044117123,6.454227683453382,0.010017633489075113
MC,4096,3,21460731,SPX Index,delta,0.5851075620181657,0.5951256241492728,0.010975400044117123,-0.01001806213110712,-0.016833525098886234
MC,4096,3,21460731,SPX Index,vega,2897.8604854971304,2829.6360448038345,0.010975400044117123,68.22444069329595,0.024110676996279792
MC,4096,3,21460731,SPX Index,gamma,0.000262972768055822,0.0002810396349131103,0.010975400044117123,-1.8066866857288275e-05,-0.0642858323626632
MC,4096,3,21460731,NDX Index,price,3474.2151434144293,3367.4914742178444,0.010975400044117123,106.72366919658498,0.03169233538189531
MC,4096,3,21460731,NDX Index,delta,0.6032059640249948,0.6016489211760171,0.010975400044117123,0.00155704284897773,0.00258795918047064
MC,4096,3,21460731,NDX Index,vega,11251.607438411951,10732.284898910899,0.010975400044117123,519.3225395010522,0.04838881416144222
MC,4096,3,21460731,NDX Index,gamma,5.065502485004952e-05,5.2107169399970926e-05,0.010975400044117123,-1.452144549921409e-06,-0.02786842130638206
MC,4096,3,21460731,RTY Index,price,292.23040783429326,292.88192219894063,0.010975400044117123,-0.6515143646473689,-0.0022244949765278664
MC,4096,3,21460731,RTY Index,delta,0.5710499177309851,0.5854387475048874,0.010975400044117123,-0.014388829773902323,-0.02457785692393413
MC,4096,3,21460731,RTY Index,vega,1140.5388044129807,1128.2462808147527,0.010975400044117123,12.292523598227945,0.010895248499601533
MC,4096,3,21460731,RTY Index,gamma,0.0005680236149999497,0.0005906533709811822,0.010975400044117123,-2.2629755981232506e-05,-0.038313090372514735
MC,4096,4,21460732,SPX Index,price,637.89295896394,644.2866661564472,0.009716699947603047,-6.393707192507122,-0.009923699384699959
MC,4096,4,21460732,SPX Index,delta,0.6058724511755997,0.5951256241492728,0.009716699947603047,0.0107468270263269,0.018058081504538474
MC,4096,4,21460732,SPX Index,vega,2752.867755335562,2829.6360448038345,0.009716699947603047,-76.76828946827254,-0.02713009314722471
MC,4096,4,21460732,SPX Index,gamma,0.00028716204618438394,0.0002810396349131103,0.009716699947603047,6.122411271273663e-06,0.021784867722186387
MC,4096,4,21460732,NDX Index,price,3333.4977085123464,3367.4914742178444,0.009716699947603047,-33.993765705497935,-0.01009468500982428
MC,4096,4,21460732,NDX Index,delta,0.6114281091920254,0.6016489211760171,0.009716699947603047,0.0097791880160083,0.016253977480576786
MC,4096,4,21460732,NDX Index,vega,10437.211244142332,10732.284898910899,0.009716699947603047,-295.0736547685665,-0.027494019917278775
MC,4096,4,21460732,NDX Index,gamma,5.227930911323442e-05,5.2107169399970926e-05,0.009716699947603047,1.721397132634916e-07,0.0033035706073795603
MC,4096,4,21460732,RTY Index,price,293.22731099735887,292.88192219894063,0.009716699947603047,0.34538879841824155,0.0011792766034348665
MC,4096,4,21460732,RTY Index,delta,0.5983249846996953,0.5854387475048874,0.009716699947603047,0.012886237194807859,0.02201124754678162
MC,4096,4,21460732,RTY Index,vega,1117.2507080666924,1128.2462808147527,0.009716699947603047,-10.99557274806034,-0.009745720358253685
MC,4096,4,21460732,RTY Index,gamma,0.0006304349670856348,0.0005906533709811822,0.009716699947603047,3.97815961044526e-05,0.06735184807016029
MC,4096,5,21460733,SPX Index,price,679.1161044764356,644.2866661564472,0.009957500034943223,34.82943831998841,0.05405891530825356
MC,4096,5,21460733,SPX Index,delta,0.5993246491833994,0.5951256241492728,0.009957500034943223,0.004199025034126613,0.0070556952410326555
MC,4096,5,21460733,SPX Index,vega,3056.173129608376,2829.6360448038345,0.009957500034943223,226.53708480454134,0.08005873590016631
MC,4096,5,21460733,SPX Index,gamma,0.0003248237978096271,0.0002810396349131103,0.009957500034943223,4.3784162896516805e-05,0.15579355171754924
MC,4096,5,21460733,NDX Index,price,3518.1526186059386,3367.4914742178444,0.009957500034943223,150.66114438809427,0.044739874040241726
MC,4096,5,21460733,NDX Index,delta,0.6125600627874886,0.6016489211760171,0.009957500034943223,0.010911141611471553,0.018135396287496067
MC,4096,5,21460733,NDX Index,vega,11376.501405715366,10732.284898910899,0.009957500034943223,644.2165068044669,0.06002603479803647
MC,4096,5,21460733,NDX Index,gamma,5.2655188626928675e-05,5.2107169399970926e-05,0.009957500034943223,5.480192269577492e-07,0.010517155955089263
MC,4096,5,21460733,RTY Index,price,303.9727054665343,292.88192219894063,0.009957500034943223,11.090783267593679,0.03786776317337962
MC,4096,5,21460733,RTY Index,delta,0.5919950521717713,0.5854387475048874,0.009957500034943223,0.006556304666883839,0.011198959233269924
MC,4096,5,21460733,RTY Index,vega,1184.0736476074158,1128.2462808147527,0.009957500034943223,55.82736679266304,0.049481542941446986
MC,4096,5,21460733,RTY Index,gamma,0.0005091418572562204,0.0005906533709811822,0.009957500034943223,-8.151151372496181e-05,-0.13800228311497897
MC,4096,6,21460734,SPX Index,price,666.5453993898818,644.2866661564472,0.011719000001903623,22.25873323343467,0.03454787193753557
MC,4096,6,21460734,SPX Index,delta,0.605317131254972,0.5951256241492728,0.011719000001903623,0.01019150710569916,0.017124967724701547
MC,4096,6,21460734,SPX Index,vega,2950.722366383982,2829.6360448038345,0.011719000001903623,121.08632158014734,0.04279218940630285
MC,4096,6,21460734,SPX Index,gamma,0.00030257155613812537,0.0002810396349131103,0.011719000001903623,2.153192122501509e-05,0.07661524763819226
MC,4096,6,21460734,NDX Index,price,3484.657520197075,3367.4914742178444,0.011719000001903623,117.1660459792306,0.03479327175028538
MC,4096,6,21460734,NDX Index,delta,0.614335637921306,0.6016489211760171,0.011719000001903623,0.012686716745288873,0.02108657773455439
MC,4096,6,21460734,NDX Index,vega,11209.574890141565,10732.284898910899,0.011719000001903623,477.2899912306657,0.04447235567508095
MC,4096,6,21460734,NDX Index,gamma,5.0908768064998166e-05,5.2107169399970926e-05,0.011719000001903623,-1.19840133497276e-06,-0.022998780182702242
MC,4096,6,21460734,RTY Index,price,304.0493319420245,292.88192219894063,0.011719000001903623,11.167409743083851,0.03812939241602753
MC,4096,6,21460734,RTY Index,delta,0.6006991360880454,0.5854387475048874,0.011719000001903623,0.015260388583157924,0.026066584502985133
MC,4096,6,21460734,RTY Index,vega,1179.0014254646446,1128.2462808147527,0.011719000001903623,50.75514464989192,0.04498587366336325
MC,4096,6,21460734,RTY Index,gamma,0.0006922018906109131,0.0005906533709811822,0.011719000001903623,0.00010154851962973087,0.17192574294639237
MC,4096,7,21460735,SPX Index,price,630.2332398704766,644.2866661564472,0.01097870001103729,-14.053426285970545,-0.021812381078453142
MC,4096,7,21460735,SPX Index,delta,0.5807645745332611,0.5951256241492728,0.01097870001103729,-0.0143610496160117,-0.02413112296507263
MC,4096,7,21460735,SPX Index,vega,2765.3845973430616,2829.6360448038345,0.01097870001103729,-64.25144746077285,-0.022706611890515094
MC,4096,7,21460735,SPX Index,gamma,0.0002574624660352965,0.0002810396349131103,0.01097870001103729,-2.35771688778138e-05,-0.08389268255740231
MC,4096,7,21460735,NDX Index,price,3294.670825572594,3367.4914742178444,0.01097870001103729,-72.82064864525046,-0.021624597776350497
MC,4096,7,21460735,NDX Index,delta,0.5892999012859701,0.6016489211760171,0.01097870001103729,-0.012349019890046997,-0.020525292168577153
MC,4096,7,21460735,NDX Index,vega,10445.26007358237,10732.284898910899,0.01097870001103729,-287.0248253285281,-0.026744055718988143
MC,4096,7,21460735,NDX Index,gamma,4.975116496518961e-05,5.2107169399970926e-05,0.01097870001103729,-2.356004434781314e-06,-0.04521459257740123
MC,4096,7,21460735,RTY Index,price,281.09442702800357,292.88192219894063,0.01097870001103729,-11.787495170937063,-0.04024657815148586
MC,4096,7,21460735,RTY Index,delta,0.5746802131430524,0.5854387475048874,0.01097870001103729,-0.010758534361835048,-0.01837687445131949
MC,4096,7,21460735,RTY Index,vega,1071.0370155537166,1128.2462808147527,0.01097870001103729,-57.20926526103608,-0.05070636281621326
MC,4096,7,21460735,RTY Index,gamma,0.0006250388315766506,0.0005906533709811822,0.01097870001103729,3.43854605954684e-05,0.058215972827426556
MC,4096,8,21460736,SPX Index,price,669.9320992149006,644.2866661564472,0.012216500006616116,25.645433058453477,0.03980438274695909
MC,4096,8,21460736,SPX Index,delta,0.6087750065088532,0.5951256241492728,0.012216500006616116,0.013649382359580353,0.022935296021057792
MC,4096,8,21460736,SPX Index,vega,2970.812759436612,2829.6360448038345,0.012216500006616116,141.17671463277748,0.049892181325589736
MC,4096,8,21460736,SPX Index,gamma,0.00031419797437633,0.0002810396349131103,0.012216500006616116,3.3158339463219724e-05,0.11798456638855004
MC,4096,8,21460736,NDX Index,price,3483.58932915801,3367.4914742178444,0.012216500006616116,116.09785494016569,0.03447606499646189
MC,4096,8,21460736,NDX Index,delta,0.6140593787970808,0.6016489211760171,0.012216500006616116,0.012410457621063742,0.020627407752689987
MC,4096,8,21460736,NDX Index,vega,11236.394536427639,10732.284898910899,0.012216500006616116,504.1096375167399,0.04697132458418956
MC,4096,8,21460736,NDX Index,gamma,5.794533519324235e-05,5.2107169399970926e-05,0.012216500006616116,5.838165793271426e-06,0.11204150715726047
MC,4096,8,21460736,RTY Index,price,304.31047867936746,292.88192219894063,0.012216500006616116,11.428556480426835,0.03902103753834272
MC,4096,8,21460736,RTY Index,delta,0.5998715584940851,0.5854387475048874,0.012216500006616116,0.014432810989197686,0.02465298214494625
MC,4096,8,21460736,RTY Index,vega,1184.24449020421,1128.2462808147527,0.012216500006616116,55.998209389457315,0.04963296608345008
MC,4096,8,21460736,RTY Index,gamma,0.0006611042535300665,0.0005906533709811822,0.012216500006616116,7.045088254888435e-05,0.11927618804892737
MC,4096,9,21460737,SPX Index,price,675.974639470357,644.2866661564472,0.0108897999743931,31.68797331390988,0.04918303447586068
MC,4096,9,21460737,SPX Index,delta,0.6010295315722484,0.5951256241492728,0.0108897999743931,0.0059039074229755295,0.009920438951717323
MC,4096,9,21460737,SPX Index,vega,3031.884720173621,2829.6360448038345,0.0108897999743931,202.24867536978672,0.07147515516745818
MC,4096,9,21460737,SPX Index,gamma,0.00027543761144778174,0.0002810396349131103,0.0108897999743931,-5.602023465328535e-06,-0.019933214996740677
MC,4096,9,21460737,NDX Index,price,3497.973293114347,3367.4914742178444,0.0108897999743931,130.48181889650277,0.03874748307323015
MC,4096,9,21460737,NDX Index,delta,0.6090081622829884,0.6016489211760171,0.0108897999743931,0.0073592411069712815,0.012231786425522865
MC,4096,9,21460737,NDX Index,vega,11342.92443766946,10732.284898910899,0.0108897999743931,610.6395387585617,0.05689744024783844
MC,4096,9,21460737,NDX Index,gamma,5.275650428117311e-05,5.2107169399970926e-05,0.0108897999743931,6.493348812021822e-07,0.012461526670503513
MC,4096,9,21460737,RTY Index,price,301.408930974988,292.88192219894063,0.0108897999743931,8.527008776047353,0.029114151914966486
MC,4096,9,21460737,RTY Index,delta,0.6020275523821859,0.5854387475048874,0.0108897999743931,0.016588804877298413,0.02833567977520983
MC,4096,9,21460737,RTY Index,vega,1162.776008989077,1128.2462808147527,0.0108897999743931,34.52972817432419,0.030604779081911854
MC,4096,9,21460737,RTY Index,gamma,0.0006132236324617999,0.0005906533709811822,0.0108897999743931,2.2570261480617726e-05,0.038212363781356964
MC,4096,10,21460738,SPX Index,price,641.3346555604816,644.2866661564472,0.009360199968796223,-2.9520105959655893,-0.004581827858670562
MC,4096,10,21460738,SPX Index,delta,0.5865280289899092,0.5951256241492728,0.009360199968796223,-0.008597595159363647,-0.01444668959037655
MC,4096,10,21460738,SPX Index,vega,2826.705941878578,2829.6360448038345,0.009360199968796223,-2.930102925256506,-0.0010355052306593147
MC,4096,10,21460738,SPX Index,gamma,0.0002534852517354226,0.0002810396349131103,0.009360199968796223,-2.755438317768766e-05,-0.09804447399814875
MC,4096,10,21460738,NDX Index,price,3390.707823528033,3367.4914742178444,0.009360199968796223,23.216349310188434,0.006894256299663184
MC,4096,10,21460738,NDX Index,delta,0.5934536340829356,0.6016489211760171,0.009360199968796223,-0.008195287093081483,-0.013621377525388908
MC,4096,10,21460738,NDX Index,vega,10954.471699339234,10732.284898910899,0.009360199968796223,222.18680042833512,0.02070265582037264
MC,4096,10,21460738,NDX Index,gamma,4.654009194560961e-05,5.2107169399970926e-05,0.009360199968796223,-5.567077454361314e-06,-0.10683899199415005
MC,4096,10,21460738,RTY Index,price,300.9411101982959,292.88192219894063,0.009360199968796223,8.059187999355288,0.02751685026801029
MC,4096,10,21460738,RTY Index,delta,0.5928398915209625,0.5854387475048874,0.009360199968796223,0.007401144016075056,0.012642046751463557
MC,4096,10,21460738,RTY Index,vega,1168.5136102040667,1128.2462808147527,0.009360199968796223,40.267329389314,0.03569019466231727
MC,4096,10,21460738,RTY Index,gamma,0.0004929283137943664,0.0005906533709811822,0.009360199968796223,-9.772505718681583e-05,-0.16545246668867195
MC,4096,11,21460739,SPX Index,price,614.0645496267775,644.2866661564472,0.010723099985625595,-30.22211652966962,-0.04690787209669029
MC,4096,11,21460739,SPX Index,delta,0.5926040951846786,0.5951256241492728,0.010723099985625595,-0.002521528964594233,-0.004236969241912139
MC,4096,11,21460739,SPX Index,vega,2627.333609541628,2829.6360448038345,0.010723099985625595,-202.30243526220647,-0.07149415403924542
MC,4096,11,21460739,SPX Index,gamma,0.0003094111165809536,0.0002810396349131103,0.010723099985625595,2.8371481667843323e-05,0.10095188771724317
MC,4096,11,21460739,NDX Index,price,3262.544876532755,3367.4914742178444,0.010723099985625595,-104.94659768508927,-0.031164621644503156
MC,4096,11,21460739,NDX Index,delta,0.5962231580915439,0.6016489211760171,0.010723099985625595,-0.0054257630844731786,-0.009018154763525004
MC,4096,11,21460739,NDX Index,vega,10215.90465496169,10732.284898910899,0.010723099985625595,-516.3802439492083,-0.048114660467279434
MC,4096,11,21460739,NDX Index,gamma,4.9041826558868754e-05,5.2107169399970926e-05,0.010723099985625595,-3.0653428411021725e-06,-0.058827659924737395
MC,4096,11,21460739,RTY Index,price,287.02335632453827,292.88192219894063,0.010723099985625595,-5.858565874402359,-0.02000316656766175
MC,4096,11,21460739,RTY Index,delta,0.5893322693979899,0.5854387475048874,0.010723099985625595,0.0038935218931024362,0.006650605054237432
MC,4096,11,21460739,RTY Index,vega,1089.6830185802617,1128.2462808147527,0.010723099985625595,-38.56326223449105,-0.0341798265948131
MC,4096,11,21460739,RTY Index,gamma,0.0005805997147486381,0.0005906533709811822,0.010723099985625595,-1.0053656232544101e-05,-0.017021245838050765
MC,4096,12,21460740,SPX Index,price,646.498942288375,644.2866661564472,0.014031699975021183,2.212276131927865,0.0034336829367048786
MC,4096,12,21460740,SPX Index,delta,0.6051107358907227,0.5951256241492728,0.014031699975021183,0.009985111741449892,0.016778157982566332
MC,4096,12,21460740,SPX Index,vega,2812.836485493102,2829.6360448038345,0.014031699975021183,-16.799559310732548,-0.005937003573863219
MC,4096,12,21460740,SPX Index,gamma,0.00028872434185881466,0.0002810396349131103,0.014031699975021183,7.684706945704385e-06,0.027343854713162738
MC,4096,12,21460740,NDX Index,price,3378.212299793401,3367.4914742178444,0.014031699975021183,10.720825575556773,0.003183623672884536
MC,4096,12,21460740,NDX Index,delta,0.6108393584147045,0.6016489211760171,0.014031699975021183,0.009190437238687399,0.015275415471074475
MC,4096,12,21460740,NDX Index,vega,10659.843022909514,10732.284898910899,0.014031699975021183,-72.44187600138503,-0.006749902437712621
MC,4096,12,21460740,NDX Index,gamma,5.474280918204849e-05,5.2107169399970926e-05,0.014031699975021183,2.6356397820775606e-06,0.05058113523393637
MC,4096,12,21460740,RTY Index,price,297.4503237670782,292.88192219894063,0.014031699975021183,4.568401568137574,0.015598100196278001
MC,4096,12,21460740,RTY Index,delta,0.5958876046955675,0.5854387475048874,0.014031699975021183,0.010448857190680005,0.017847908487800896
MC,4096,12,21460740,RTY Index,vega,1140.87003692724,1128.2462808147527,0.014031699975021183,12.6237561124874,0.011188830246682727
MC,4096,12,21460740,RTY Index,gamma,0.0005393525059146266,0.0005906533709811822,0.014031699975021183,-5.130086506655561e-05,-0.08685443542180345
MC,4096,13,21460741,SPX Index,price,629.9882150184291,644.2866661564472,0.010807099984958768,-14.298451138018095,-0.022192685165000937
MC,4096,13,21460741,SPX Index,delta,0.5776409773555229,0.5951256241492728,0.010807099984958768,-0.017484646793749947,-0.029379757960756783
MC,4096,13,21460741,SPX Index,vega,2777.2280414475185,2829.6360448038345,0.010807099984958768,-52.40800335631593,-0.01852111102859136
MC,4096,13,21460741,SPX Index,gamma,0.0002818858089451265,0.0002810396349131103,0.010807099984958768,8.461740320162133e-07,0.0030108708057417846
MC,4096,13,21460741,NDX Index,price,3263.147038068925,3367.4914742178444,0.010807099984958768,-104.34443614891916,-0.030985805590838172
MC,4096,13,21460741,NDX Index,delta,0.5947340656974895,0.6016489211760171,0.010807099984958768,-0.0069148554785275484,-0.01149317356875066
MC,4096,13,21460741,NDX Index,vega,10303.013212410848,10732.284898910899,0.010807099984958768,-429.27168650005115,-0.03999816353585742
MC,4096,13,21460741,NDX Index,gamma,5.7823835719157755e-05,5.2107169399970926e-05,0.010807099984958768,5.7166663191868285e-06,0.10970978437354953
MC,4096,13,21460741,RTY Index,price,289.65943786769714,292.88192219894063,0.010807099984958768,-3.2224843312434928,-0.011002674071001944
MC,4096,13,21460741,RTY Index,delta,0.5773608958189017,0.5854387475048874,0.010807099984958768,-0.008077851685985737,-0.013797945080357532
MC,4096,13,21460741,RTY Index,vega,1121.0212663020739,1128.2462808147527,0.010807099984958768,-7.225014512678854,-0.0064037565516824714
MC,4096,13,21460741,RTY Index,gamma,0.0006260452699112622,0.0005906533709811822,0.010807099984958768,3.5391898930079964e-05,0.059919913554861474
MC,4096,14,21460742,SPX Index,price,650.5963991634316,644.2866661564472,0.01136100001167506,6.309733006984402,0.00979336270394312
MC,4096,14,21460742,SPX Index,delta,0.5952691806697611,0.5951256241492728,0.01136100001167506,0.00014355652048825274,0.00024122053338480526
MC,4096,14,21460742,SPX Index,vega,2861.88662212915,2829.6360448038345,0.01136100001167506,32.25057732531559,0.011397429497881369
MC,4096,14,21460742,SPX Index,gamma,0.00023128387229737432,0.0002810396349131103,0.01136100001167506,-4.9755762615735956e-05,-0.17704179921497218
MC,4096,14,21460742,NDX Index,price,3364.0294924771174,3367.4914742178444,0.01136100001167506,-3.4619817407269693,-0.001028059541422023
MC,4096,14,21460742,NDX Index,delta,0.606092487247124,0.6016489211760171,0.01136100001167506,0.0044435660711068525,0.007385646204469554
MC,4096,14,21460742,NDX Index,vega,10634.62307784816,10732.284898910899,0.01136100001167506,-97.66182106273845,-0.009099816300315422
MC,4096,14,21460742,NDX Index,gamma,4.823406777655744e-05,5.2107169399970926e-05,0.01136100001167506,-3.873101623413489e-06,-0.07432953407397429
MC,4096,14,21460742,RTY Index,price,300.3573343287712,292.88192219894063,0.01136100001167506,7.475412129830545,0.025523637900576383
MC,4096,14,21460742,RTY Index,delta,0.5903450065372067,0.5854387475048874,0.01136100001167506,0.004906259032319227,0.008380482250670071
MC,4096,14,21460742,RTY Index,vega,1167.1388593971074,1128.2462808147527,0.01136100001167506,38.892578582354645,0.034471709983629396
MC,4096,14,21460742,RTY Index,gamma,0.0005518295109931344,0.0005906533709811822,0.01136100001167506,-3.882385998804779e-05,-0.06573036216411383
MC,4096,15,21460743,SPX Index,price,651.2193912715932,644.2866661564472,0.012007299985270947,6.932725115146013,0.010760311332382274
MC,4096,15,21460743,SPX Index,delta,0.6047277017565826,0.5951256241492728,0.012007299985270947,0.0096020776073098,0.016134539024488973
MC,4096,15,21460743,SPX Index,vega,2847.30804754133,2829.6360448038345,0.012007299985270947,17.672002737495404,0.006245327122527703
MC,4096,15,21460743,SPX Index,gamma,0.00028940176166253323,0.0002810396349131103,0.012007299985270947,8.362126749422954e-06,0.02975426135893001
MC,4096,15,21460743,NDX Index,price,3356.4970298121802,3367.4914742178444,0.012007299985270947,-10.994444405664126,-0.003264876686352344
MC,4096,15,21460743,NDX Index,delta,0.6162895439117998,0.6016489211760171,0.012007299985270947,0.014640622735782705,0.024334162699345182
MC,4096,15,21460743,NDX Index,vega,10527.223742066244,10732.284898910899,0.012007299985270947,-205.06115684465476,-0.01910694309517111
MC,4096,15,21460743,NDX Index,gamma,5.385029813318769e-05,5.2107169399970926e-05,0.012007299985270947,1.743128733216761e-06,0.03345276193831657
MC,4096,15,21460743,RTY Index,price,294.2803852696281,292.88192219894063,0.012007299985270947,1.3984630706874555,0.004774835743318929
MC,4096,15,21460743,RTY Index,delta,0.597121678427678,0.5854387475048874,0.012007299985270947,0.011682930922790602,0.019955855283892137
MC,4096,15,21460743,RTY Index,vega,1124.3660577902017,1128.2462808147527,0.012007299985270947,-3.8802230245510145,-0.003439163142420418
MC,4096,15,21460743,RTY Index,gamma,0.0006121199363178097,0.0005906533709811822,0.012007299985270947,2.1466565336627488e-05,0.036343761656633965
MC,16384,0,21660728,SPX Index,price,642.7142338646422,644.2866661564472,0.04836880002403632,-1.5724322918049438,-0.002440578665371793
MC,16384,0,21660728,SPX Index,delta,0.5930382410695111,0.5951256241492728,0.04836880002403632,-0.002087383079761751,-0.0035074663147728648
MC,16384,0,21660728,SPX Index,vega,2820.9725886428228,2829.6360448038345,0.04836880002403632,-8.663456161011709,-0.003061685681068678
MC,16384,0,21660728,SPX Index,gamma,0.0002976167391746599,0.0002810396349131103,0.04836880002403632,1.657710426154963e-05,0.05898493380364238
MC,16384,0,21660728,NDX Index,price,3331.7641749550257,3367.4914742178444,0.04836880002403632,-35.72729926281863,-0.010609469849100921
MC,16384,0,21660728,NDX Index,delta,0.5990242435477063,0.6016489211760171,0.04836880002403632,-0.0026246776283107565,-0.004362473754927396
MC,16384,0,21660728,NDX Index,vega,10566.940587897356,10732.284898910899,0.04836880002403632,-165.34431101354312,-0.015406254359714405
MC,16384,0,21660728,NDX Index,gamma,5.526831918192288e-05,5.2107169399970926e-05,0.04836880002403632,3.1611497819519568e-06,0.06066631172549781
MC,16384,0,21660728,RTY Index,price,291.5098801629232,292.88192219894063,0.04836880002403632,-1.372042036017433,-0.0046846252090816
MC,16384,0,21660728,RTY Index,delta,0.5842730620387755,0.5854387475048874,0.04836880002403632,-0.0011656854661119542,-0.0019911313883477157
MC,16384,0,21660728,RTY Index,vega,1120.9126473436017,1128.2462808147527,0.04836880002403632,-7.333633471150961,-0.0065000289350433706
MC,16384,0,21660728,RTY Index,gamma,0.000570373412175725,0.0005906533709811822,0.04836880002403632,-2.027995880545723e-05,-0.034334788899568196
MC,16384,1,21660729,SPX Index,price,647.9595327806055,644.2866661564472,0.04226069996366277,3.6728666241583596,0.005700671482259895
MC,16384,1,21660729,SPX Index,delta,0.5979251125789338,0.5951256241492728,0.04226069996366277,0.0027994884296609346,0.004704029394907639
MC,16384,1,21660729,SPX Index,vega,2848.4352238197416,2829.6360448038345,0.04226069996366277,18.799179015907157,0.00664367385707741
MC,16384,1,21660729,SPX Index,gamma,0.0002845803468038965,0.0002810396349131103,0.04226069996366277,3.5407118907862392e-06,0.012598621158474427
MC,16384,1,21660729,NDX Index,price,3413.642250019082,3367.4914742178444,0.04226069996366277,46.150775801237614,0.01370479365859624
MC,16384,1,21660729,NDX Index,delta,0.6039555507748532,0.6016489211760171,0.04226069996366277,0.0023066295988360963,0.0038338464803151766
MC,16384,1,21660729,NDX Index,vega,10952.472324040844,10732.284898910899,0.04226069996366277,220.18742512994504,0.020516360421282652
MC,16384,1,21660729,NDX Index,gamma,5.4437286336905474e-05,5.2107169399970926e-05,0.04226069996366277,2.330116936934548e-06,0.04471777998625748
MC,16384,1,21660729,RTY Index,price,294.52391318733515,292.88192219894063,0.04226069996366277,1.6419909883945252,0.005606324132491863
MC,16384,1,21660729,RTY Index,delta,0.5899264723805681,0.5854387475048874,0.04226069996366277,0.00448772487568061,0.007665575424939131
MC,16384,1,21660729,RTY Index,vega,1133.7365795332437,1128.2462808147527,0.04226069996366277,5.490298718490976,0.004866223635611019
MC,16384,1,21660729,RTY Index,gamma,0.0005521460490147183,0.0005906533709811822,0.04226069996366277,-3.850732196646392e-05,-0.06519445051586904
MC,16384,2,21660730,SPX Index,price,646.8987099876363,644.2866661564472,0.04974520002724603,2.612043831189112,0.00405416403659493
MC,16384,2,21660730,SPX Index,delta,0.5990305093041174,0.5951256241492728,0.04974520002724603,0.0039048851548445507,0.0065614468548998404
MC,16384,2,21660730,SPX Index,vega,2840.1559900038915,2829.6360448038345,0.04974520002724603,10.519945200057009,0.00371777325192587
MC,16384,2,21660730,SPX Index,gamma,0.00027935258420970987,0.0002810396349131103,0.04974520002724603,-1.6870507034004076e-06,-0.0060028924529524005
MC,16384,2,21660730,NDX Index,price,3394.0219445952916,3367.4914742178444,0.04974520002724603,26.530470377447273,0.007878407586350137
MC,16384,2,21660730,NDX Index,delta,0.6046235964668314,0.6016489211760171,0.04974520002724603,0.0029746752908142993,0.004944204478917423
MC,16384,2,21660730,NDX Index,vega,10845.240654390784,10732.284898910899,0.04974520002724603,112.95575547988483,0.010524856220630843
MC,16384,2,21660730,NDX Index,gamma,5.4260676454286045e-05,5.2107169399970926e-05,0.04974520002724603,2.1535070543151185e-06,0.04132842138833049
MC,16384,2,21660730,RTY Index,price,293.4813208484213,292.88192219894063,0.04974520002724603,0.5993986494806904,0.002046553931975179
MC,16384,2,21660730,RTY Index,delta,0.5843067452408242,0.5854387475048874,0.04974520002724603,-0.001132002264063292,-0.0019335964161713464
MC,16384,2,21660730,RTY Index,vega,1132.486132841757,1128.2462808147527,0.04974520002724603,4.23985202700419,0.0037579135859791353
MC,16384,2,21660730,RTY Index,gamma,0.0005639858700724665,0.0005906533709811822,0.04974520002724603,-2.666750090871573e-05,-0.04514915552655897
MC,16384,3,21660731,SPX Index,price,651.0466869752029,644.2866661564472,0.04479040001751855,6.76002081875572,0.01049225627946526
MC,16384,3,21660731,SPX Index,delta,0.5940923382799939,0.5951256241492728,0.04479040001751855,-0.001033285869278977,-0.00173624832699155
MC,16384,3,21660731,SPX Index,vega,2877.96932431626,2829.6360448038345,0.04479040001751855,48.333279512425634,0.017081094086704836
MC,16384,3,21660731,SPX Index,gamma,0.00031239902609378836,0.0002810396349131103,0.04479040001751855,3.135939118067808e-05,0.11158351806987489
MC,16384,3,21660731,NDX Index,price,3409.545928230908,3367.4914742178444,0.04479040001751855,42.054454013063605,0.012488362430919428
MC,16384,3,21660731,NDX Index,delta,0.6051329772359245,0.6016489211760171,0.04479040001751855,0.0034840560599074255,0.005790845686380177
MC,16384,3,21660731,NDX Index,vega,10898.95525850301,10732.284898910899,0.04479040001751855,166.6703595921117,0.015529811327411299
MC,16384,3,21660731,NDX Index,gamma,5.392556155942359e-05,5.2107169399970926e-05,0.04479040001751855,1.8183921594526657e-06,0.0348971586902911
MC,16384,3,21660731,RTY Index,price,295.71025476874206,292.88192219894063,0.04479040001751855,2.8283325698014323,0.009656903876369268
MC,16384,3,21660731,RTY Index,delta,0.5864271900274612,0.5854387475048874,0.04479040001751855,0.0009884425225737958,0.0016883790606386946
MC,16384,3,21660731,RTY Index,vega,1144.269019862035,1128.2462808147527,0.04479040001751855,16.022739047282357,0.01420145523166421
MC,16384,3,21660731,RTY Index,gamma,0.0005926297353325129,0.0005906533709811822,0.04479040001751855,1.9763643513306776e-06,0.0033460646267836898
MC,16384,4,21660732,SPX Index,price,637.001859718383,644.2866661564472,0.04170449997764081,-7.284806438064152,-0.011306778210268344
MC,16384,4,21660732,SPX Index,delta,0.5891280649885374,0.5951256241492728,0.04170449997764081,-0.005997559160735411,-0.01007780360543015
MC,16384,4,21660732,SPX Index,vega,2795.789614952734,2829.6360448038345,0.04170449997764081,-33.84642985110031,-0.01196140751502433
MC,16384,4,21660732,SPX Index,gamma,0.0002982056160880434,0.0002810396349131103,0.04170449997764081,1.7165981174933106e-05,0.06108028563387636
MC,16384,4,21660732,NDX Index,price,3354.3459772716665,3367.4914742178444,0.04170449997764081,-13.1454969461779,-0.0039036466897755576
MC,16384,4,21660732,NDX Index,delta,0.601030264711892,0.6016489211760171,0.04170449997764081,-0.0006186564641250669,-0.001028268218142577
MC,16384,4,21660732,NDX Index,vega,10682.53970244281,10732.284898910899,0.04170449997764081,-49.74519646808949,-0.004635098391129887
MC,16384,4,21660732,NDX Index,gamma,4.9947398123772896e-05,5.2107169399970926e-05,0.04170449997764081,-2.15977127619803e-06,-0.041448639430397366
MC,16384,4,21660732,RTY Index,price,289.55181001451604,292.88192219894063,0.04170449997764081,-3.3301121844245927,-0.011370152720326
MC,16384,4,21660732,RTY Index,delta,0.5799856556925824,0.5854387475048874,0.04170449997764081,-0.005453091812305022,-0.00931453860125563
MC,16384,4,21660732,RTY Index,vega,1112.92250446981,1128.2462808147527,0.04170449997764081,-15.323776344942644,-0.013581942706584168
MC,16384,4,21660732,RTY Index,gamma,0.0005429193579450252,0.0005906533709811822,0.04170449997764081,-4.773401303615702e-05,-0.08081561095107641
MC,16384,5,21660733,SPX Index,price,642.0450892159733,644.2866661564472,0.03786670003319159,-2.2415769404738057,-0.003479160842868508
MC,16384,5,21660733,SPX Index,delta,0.5941589190773487,0.5951256241492728,0.03786670003319159,-0.0009667050719240899,-0.0016243714481391839
MC,16384,5,21660733,SPX Index,vega,2815.356557858793,2829.6360448038345,0.03786670003319159,-14.279486945041299,-0.005046404102486342
MC,16384,5,21660733,SPX Index,gamma,0.0002927340095484854,0.0002810396349131103,0.03786670003319159,1.1694374635375104e-05,0.04161112235642735
MC,16384,5,21660733,NDX Index,price,3372.3518221144564,3367.4914742178444,0.03786670003319159,4.860347896611984,0.001443314091163625
MC,16384,5,21660733,NDX Index,delta,0.604771944631698,0.6016489211760171,0.03786670003319159,0.00312302345568094,0.005190773798075631
MC,16384,5,21660733,NDX Index,vega,10713.977373315676,10732.284898910899,0.03786670003319159,-18.307525595222614,-0.001705836713026547
MC,16384,5,21660733,NDX Index,gamma,5.5641133814708444e-05,5.2107169399970926e-05,0.03786670003319159,3.5339644147375178e-06,0.06782107827832785
MC,16384,5,21660733,RTY Index,price,291.48863361223994,292.88192219894063,0.03786670003319159,-1.3932885867006917,-0.004757168268495239
MC,16384,5,21660733,RTY Index,delta,0.5853066463162223,0.5854387475048874,0.03786670003319159,-0.00013210118866513465,-0.00022564476510675751
MC,16384,5,21660733,RTY Index,vega,1119.9195741072888,1128.2462808147527,0.03786670003319159,-8.326706707463927,-0.0073802208339218914
MC,16384,5,21660733,RTY Index,gamma,0.0006174504969532585,0.0005906533709811822,0.03786670003319159,2.6797125972076257e-05,0.045368615991408595
MC,16384,6,21660734,SPX Index,price,637.7814225689623,644.2866661564472,0.03908640000736341,-6.50524358748487,-0.010096815484778714
MC,16384,6,21660734,SPX Index,delta,0.5985270044366122,0.5951256241492728,0.03908640000736341,0.003401380287339384,0.005715398815504927
MC,16384,6,21660734,SPX Index,vega,2777.4707783952144,2829.6360448038345,0.03908640000736341,-52.16526640862003,-0.018435327223235314
MC,16384,6,21660734,SPX Index,gamma,0.00028429053131553977,0.0002810396349131103,0.03908640000736341,3.2508964024294956e-06,0.011567394767768552
MC,16384,6,21660734,NDX Index,price,3341.1436651324566,3367.4914742178444,0.03908640000736341,-26.34780908538778,-0.00782416504603252
MC,16384,6,21660734,NDX Index,delta,0.6044863786184567,0.6016489211760171,0.03908640000736341,0.0028374574424395727,0.004716134846370733
MC,16384,6,21660734,NDX Index,vega,10573.389057052113,10732.284898910899,0.03908640000736341,-158.8958418587863,-0.01480540661708588
MC,16384,6,21660734,NDX Index,gamma,4.913887506548283e-05,5.2107169399970926e-05,0.03908640000736341,-2.9682943344880934e-06,-0.05696518096586052
MC,16384,6,21660734,RTY Index,price,290.40393649242964,292.88192219894063,0.03908640000736341,-2.4779857065109923,-0.008460698727686632
MC,16384,6,21660734,RTY Index,delta,0.584538888645357,0.5854387475048874,0.03908640000736341,-0.000899858859530478,-0.0015370674786485082
MC,16384,6,21660734,RTY Index,vega,1117.3696351419574,1128.2462808147527,0.03908640000736341,-10.876645672795348,-0.009640311568269366
MC,16384,6,21660734,RTY Index,gamma,0.0005778940521532831,0.0005906533709811822,0.03908640000736341,-1.2759318827899077e-05,-0.021602041831579728
MC,16384,7,21660735,SPX Index,price,644.4581979778321,644.2866661564472,0.03820309997536242,0.17153182138497414,0.0002662352496106483
MC,16384,7,21660735,SPX Index,delta,0.593887406483898,0.5951256241492728,0.03820309997536242,-0.0012382176653747967,-0.002080598809948435
MC,16384,7,21660735,SPX Index,vega,2831.8309642925465,2829.6360448038345,0.03820309997536242,2.194919488712003,0.0007756896837466483
MC,16384,7,21660735,SPX Index,gamma,0.00025344741829860665,0.0002810396349131103,0.03820309997536242,-2.7592216614503627e-05,-0.09817909357530435
MC,16384,7,21660735,NDX Index,price,3342.3641768972034,3367.4914742178444,0.03820309997536242,-25.12729732064099,-0.007461725593968199
MC,16384,7,21660735,NDX Index,delta,0.5998237323673582,0.6016489211760171,0.03820309997536242,-0.0018251888086588952,-0.0030336442806068323
MC,16384,7,21660735,NDX Index,vega,10630.570000845357,10732.284898910899,0.03820309997536242,-101.714898065542,-0.009477469059348575
MC,16384,7,21660735,NDX Index,gamma,5.0265119952715066e-05,5.2107169399970926e-05,0.03820309997536242,-1.8420494472558605e-06,-0.035351170836328105
MC,16384,7,21660735,RTY Index,price,290.60856495360633,292.88192219894063,0.03820309997536242,-2.273357245334296,-0.007762026513162917
MC,16384,7,21660735,RTY Index,delta,0.5834929390145503,0.5854387475048874,0.03820309997536242,-0.0019458084903370976,-0.0033236756170138076
MC,16384,7,21660735,RTY Index,vega,1115.2252721609009,1128.2462808147527,0.03820309997536242,-13.021008653851823,-0.011540927610635526
MC,16384,7,21660735,RTY Index,gamma,0.000559038325441583,0.0005906533709811822,0.03820309997536242,-3.161504553959925e-05,-0.05352554830438186
MC,16384,8,21660736,SPX Index,price,650.179247696027,644.2866661564472,0.03971930005354807,5.892581539579851,0.009145900185599994
MC,16384,8,21660736,SPX Index,delta,0.5989105347474944,0.5951256241492728,0.03971930005354807,0.0037849105982216136,0.006359851508044394
MC,16384,8,21660736,SPX Index,vega,2859.396292288274,2829.6360448038345,0.03971930005354807,29.760247484439333,0.010517341104376013
MC,16384,8,21660736,SPX Index,gamma,0.0002749699159894895,0.0002810396349131103,0.03971930005354807,-6.0697189236207615e-06,-0.02159737691623942
MC,16384,8,21660736,NDX Index,price,3424.13048713506,3367.4914742178444,0.03971930005354807,56.639012917215496,0.016819348571734942
MC,16384,8,21660736,NDX Index,delta,0.6086957631960862,0.6016489211760171,0.03971930005354807,0.007046842020069111,0.011712548252051968
MC,16384,8,21660736,NDX Index,vega,10954.183681609633,10732.284898910899,0.03971930005354807,221.89878269873407,0.020675819249007462
MC,16384,8,21660736,NDX Index,gamma,4.9280682012166864e-05,5.2107169399970926e-05,0.03971930005354807,-2.826487387804062e-06,-0.05424373306690575
MC,16384,8,21660736,RTY Index,price,292.94194789527666,292.88192219894063,0.03971930005354807,0.06002569633602661,0.0002049484511893296
MC,16384,8,21660736,RTY Index,delta,0.5879350429218387,0.5854387475048874,0.03971930005354807,0.0024962954169512885,0.004263973690826551
MC,16384,8,21660736,RTY Index,vega,1125.9514848704941,1128.2462808147527,0.03971930005354807,-2.294795944258567,-0.0020339494871646296
MC,16384,8,21660736,RTY Index,gamma,0.0006397962715516092,0.0005906533709811822,0.03971930005354807,4.9142900570427e-05,0.08320091441921637
MC,16384,9,21660737,SPX Index,price,639.714566315647,644.2866661564472,0.03775740001583472,-4.572099840800206,-0.0070963750779998265
MC,16384,9,21660737,SPX Index,delta,0.5954078368506731,0.5951256241492728,0.03775740001583472,0.0002822127014002751,0.00047420694043160354
MC,16384,9,21660737,SPX Index,vega,2798.881153379241,2829.6360448038345,0.03775740001583472,-30.754891424593552,-0.010868850600440258
MC,16384,9,21660737,SPX Index,gamma,0.0002597723657756749,0.0002810396349131103,0.03775740001583472,-2.1267269137435372e-05,-0.07567355808731614
MC,16384,9,21660737,NDX Index,price,3347.7983522852273,3367.4914742178444,0.03775740001583472,-19.693121932617032,-0.005848009440674556
MC,16384,9,21660737,NDX Index,delta,0.5992306369790679,0.6016489211760171,0.03775740001583472,-0.0024182841969492275,-0.004019427463149625
MC,16384,9,21660737,NDX Index,vega,10648.259098918972,10732.284898910899,0.03775740001583472,-84.02579999192676,-0.007829255445916611
MC,16384,9,21660737,NDX Index,gamma,5.51363074280244e-05,5.2107169399970926e-05,0.03775740001583472,3.029138028053472e-06,0.058132845497747616
MC,16384,9,21660737,RTY Index,price,294.9730963320232,292.88192219894063,0.03775740001583472,2.091174133082575,0.007139990469135683
MC,16384,9,21660737,RTY Index,delta,0.5882026698954921,0.5854387475048874,0.03775740001583472,0.002763922390604634,0.004721112844655981
MC,16384,9,21660737,RTY Index,vega,1138.3808136687496,1128.2462808147527,0.03775740001583472,10.134532853996916,0.008982553744097748
MC,16384,9,21660737,RTY Index,gamma,0.0005678884922185801,0.0005906533709811822,0.03775740001583472,-2.276487876260206e-05,-0.03854185869588025
MC,16384,10,21660738,SPX Index,price,635.0021135963764,644.2866661564472,0.04359369998564944,-9.284552560070779,-0.014410592439323093
MC,16384,10,21660738,SPX Index,delta,0.5906440779448009,0.5951256241492728,0.04359369998564944,-0.004481546204471942,-0.007530420507230344
MC,16384,10,21660738,SPX Index,vega,2776.769225588064,2829.6360448038345,0.04359369998564944,-52.86681921577065,-0.018683257627019542
MC,16384,10,21660738,SPX Index,gamma,0.0002631982017429244,0.0002810396349131103,0.04359369998564944,-1.784143317018586e-05,-0.06348369039015418
MC,16384,10,21660738,NDX Index,price,3340.793501310139,3367.4914742178444,0.04359369998564944,-26.697972907705207,-0.007928148626985388
MC,16384,10,21660738,NDX Index,delta,0.5999088001502578,0.6016489211760171,0.04359369998564944,-0.001740121025759267,-0.0028922532136481317
MC,16384,10,21660738,NDX Index,vega,10615.652098333301,10732.284898910899,0.04359369998564944,-116.63280057759766,-0.010867471528773284
MC,16384,10,21660738,NDX Index,gamma,4.971653692311845e-05,5.2107169399970926e-05,0.04359369998564944,-2.390632476852476e-06,-0.04587914685025685
MC,16384,10,21660738,RTY Index,price,287.29272258229275,292.88192219894063,0.04359369998564944,-5.589199616647875,-0.019083457164868645
MC,16384,10,21660738,RTY Index,delta,0.5802574537485938,0.5854387475048874,0.04359369998564944,-0.0051812937562936145,-0.008850274735616743
MC,16384,10,21660738,RTY Index,vega,1102.6871801623831,1128.2462808147527,0.04359369998564944,-25.55910065236958,-0.02265383107127312
MC,16384,10,21660738,RTY Index,gamma,0.0006484175566065426,0.0005906533709811822,0.04359369998564944,5.776418562536043e-05,0.09779709803298618
MC,16384,11,21660739,SPX Index,price,653.8646876814482,644.2866661564472,0.039359700051136315,9.578021525001077,0.01486608683389285
MC,16384,11,21660739,SPX Index,delta,0.5949293906759854,0.5951256241492728,0.039359700051136315,-0.00019623347328745488,-0.00032973453893531975
MC,16384,11,21660739,SPX Index,vega,2893.0925628908385,2829.6360448038345,0.039359700051136315,63.45651808700404,0.02242568198957304
MC,16384,11,21660739,SPX Index,gamma,0.00028777699932813343,0.0002810396349131103,0.039359700051136315,6.737364415023155e-06,0.023973004437990258
MC,16384,11,21660739,NDX Index,price,3408.507316331888,3367.4914742178444,0.039359700051136315,41.01584211404361,0.012179939408330712
MC,16384,11,21660739,NDX Index,delta,0.6044055613469597,0.6016489211760171,0.039359700051136315,0.0027566401709425703,0.004581808549667612
MC,16384,11,21660739,NDX Index,vega,10897.428323796354,10732.284898910899,0.039359700051136315,165.1434248854548,0.01538753643245283
MC,16384,11,21660739,NDX Index,gamma,5.549482339529127e-05,5.2107169399970926e-05,0.039359700051136315,3.387653995320342e-06,0.06501320325648378
MC,16384,11,21660739,RTY Index,price,295.28447129526614,292.88192219894063,0.039359700051136315,2.402549096325515,0.008203132095990476
MC,16384,11,21660739,RTY Index,delta,0.5852449875324024,0.5854387475048874,0.039359700051136315,-0.0001937599724850525,-0.00033096540553704114
MC,16384,11,21660739,RTY Index,vega,1142.1832878108287,1128.2462808147527,0.039359700051136315,13.93700699607598,0.012352805617946728
MC,16384,11,21660739,RTY Index,gamma,0.0005960192260464078,0.0005906533709811822,0.039359700051136315,5.365855065225561e-06,0.009084609229118433
MC,16384,12,21660740,SPX Index,price,648.8513418319062,644.2866661564472,0.04152919998159632,4.564675675459057,0.007084852000259543
MC,16384,12,21660740,SPX Index,delta,0.5942791155256751,0.5951256241492728,0.04152919998159632,-0.0008465086235976971,-0.001422403252771672
MC,16384,12,21660740,SPX Index,vega,2864.7698227216147,2829.6360448038345,0.04152919998159632,35.13377791778021,0.012416359334373643
MC,16384,12,21660740,SPX Index,gamma,0.0002884189526275535,0.0002810396349131103,0.04152919998159632,7.379317714443199e-06,0.02625721356606758
MC,16384,12,21660740,NDX Index,price,3375.040411713429,3367.4914742178444,0.04152919998159632,7.548937495584596,0.0022417094604041906
MC,16384,12,21660740,NDX Index,delta,0.5980433994048805,0.6016489211760171,0.04152919998159632,-0.0036055217711365994,-0.005992733709368318
MC,16384,12,21660740,NDX Index,vega,10806.778462111726,10732.284898910899,0.04152919998159632,74.49356320082734,0.006941072092522149
MC,16384,12,21660740,NDX Index,gamma,4.935714872392579e-05,5.2107169399970926e-05,0.04152919998159632,-2.7500206760451375e-06,-0.052776243801235384
MC,16384,12,21660740,RTY Index,price,296.1867072391142,292.88192219894063,0.04152919998159632,3.304785040173556,0.011283677105645236
MC,16384,12,21660740,RTY Index,delta,0.5878044852540917,0.5854387475048874,0.04152919998159632,0.002365737749204233,0.004040965445636964
MC,16384,12,21660740,RTY Index,vega,1145.8057328366335,1128.2462808147527,0.04152919998159632,17.559452021880816,0.015563492049980806
MC,16384,12,21660740,RTY Index,gamma,0.0006144203975881103,0.0005906533709811822,0.04152919998159632,2.376702660692809e-05,0.040238535450067364
MC,16384,13,21660741,SPX Index,price,642.9957403539861,644.2866661564472,0.041113800019957125,-1.2909258024610608,-0.002003651278649301
MC,16384,13,21660741,SPX Index,delta,0.592297524655466,0.5951256241492728,0.041113800019957125,-0.0028280994938068016,-0.00475210506663958
MC,16384,13,21660741,SPX Index,vega,2826.9807424357787,2829.6360448038345,0.041113800019957125,-2.6553023680558,-0.0009383900706706892
MC,16384,13,21660741,SPX Index,gamma,0.00027366278206977264,0.0002810396349131103,0.041113800019957125,-7.376852843337636e-06,-0.026248443019855034
MC,16384,13,21660741,NDX Index,price,3342.434029512542,3367.4914742178444,0.041113800019957125,-25.05744470530226,-0.0074409823743124
MC,16384,13,21660741,NDX Index,delta,0.5969007739538494,0.6016489211760171,0.041113800019957125,-0.0047481472221676535,-0.007891890195509128
MC,16384,13,21660741,NDX Index,vega,10670.647350413592,10732.284898910899,0.041113800019957125,-61.63754849730685,-0.005743189738054919
MC,16384,13,21660741,NDX Index,gamma,5.0936390852657824e-05,5.2107169399970926e-05,0.041113800019957125,-1.1707785473131024e-06,-0.0224686652680419
MC,16384,13,21660741,RTY Index,price,292.56478396920073,292.88192219894063,0.041113800019957125,-0.31713822973989636,-0.0010828194084456998
MC,16384,13,21660741,RTY Index,delta,0.5845364743996495,0.5854387475048874,0.041113800019957125,-0.0009022731052379385,-0.0015411913015381785
MC,16384,13,21660741,RTY Index,vega,1127.9759262329333,1128.2462808147527,0.041113800019957125,-0.27035458181944705,-0.00023962372969154656
MC,16384,13,21660741,RTY Index,gamma,0.0006054223340948533,0.0005906533709811822,0.041113800019957125,1.4768963113671136e-05,0.025004450730785156
MC,16384,14,21660742,SPX Index,price,658.7471748978259,644.2866661564472,0.04351609997684136,14.460508741378703,0.02244421544162047
MC,16384,14,21660742,SPX Index,delta,0.6002751736032761,0.5951256241492728,0.04351609997684136,0.005149549454003255,0.008652878056401105
MC,16384,14,21660742,SPX Index,vega,2915.914368214473,2829.6360448038345,0.04351609997684136,86.27832341063868,0.030490961397341105
MC,16384,14,21660742,SPX Index,gamma,0.00028644498393271667,0.0002810396349131103,0.04351609997684136,5.405349019606395e-06,0.01923340464514046
MC,16384,14,21660742,NDX Index,price,3417.192335691129,3367.4914742178444,0.04351609997684136,49.700861473284476,0.014759016274815758
MC,16384,14,21660742,NDX Index,delta,0.6026777086176538,0.6016489211760171,0.04351609997684136,0.0010287874416367027,0.0017099464578541525
MC,16384,14,21660742,NDX Index,vega,10983.229764243804,10732.284898910899,0.04351609997684136,250.94486533290547,0.02338224037999318
MC,16384,14,21660742,NDX Index,gamma,4.8426280577595134e-05,5.2107169399970926e-05,0.04351609997684136,-3.680888822375792e-06,-0.0706407364814149
MC,16384,14,21660742,RTY Index,price,298.15673312938713,292.88192219894063,0.04351609997684136,5.274810930446506,0.018010025647344597
MC,16384,14,21660742,RTY Index,delta,0.5901943992864617,0.5854387475048874,0.04351609997684136,0.004755651781574222,0.008123226899214627
MC,16384,14,21660742,RTY Index,vega,1153.124543635005,1128.2462808147527,0.04351609997684136,24.878262820252303,0.02205038318609541
MC,16384,14,21660742,RTY Index,gamma,0.000590624627817225,0.0005906533709811822,0.04351609997684136,-2.8743163957246562e-08,-4.8663336856097105e-05
MC,16384,15,21660743,SPX Index,price,636.9791572272829,644.2866661564472,0.04157359997043386,-7.307508929164214,-0.01134201484062653
MC,16384,15,21660743,SPX Index,delta,0.5968625648941666,0.5951256241492728,0.04157359997043386,0.0017369407448937224,0.0029186119273164634
MC,16384,15,21660743,SPX Index,vega,2775.8580417763255,2829.6360448038345,0.04157359997043386,-53.77800302750893,-0.019005272118392567
MC,16384,15,21660743,SPX Index,gamma,0.00029805458085064136,0.0002810396349131103,0.04157359997043386,1.7014945937531088e-05,0.06054286948811203
MC,16384,15,21660743,NDX Index,price,3356.917120173295,3367.4914742178444,0.04157359997043386,-10.574354044549182,-0.003140127933658763
MC,16384,15,21660743,NDX Index,delta,0.6021311818039153,0.6016489211760171,0.04157359997043386,0.00048226062789824553,0.000801564851068945
MC,16384,15,21660743,NDX Index,vega,10668.530730516175,10732.284898910899,0.04157359997043386,-63.75416839472382,-0.00594040961409751
MC,16384,15,21660743,NDX Index,gamma,4.823473696971054e-05,5.2107169399970926e-05,0.04157359997043386,-3.872432430260389e-06,-0.07431669144289671
MC,16384,15,21660743,RTY Index,price,287.6148042439365,292.88192219894063,0.04157359997043386,-5.267117955004153,-0.017983759173181242
MC,16384,15,21660743,RTY Index,delta,0.5858663520654985,0.5854387475048874,0.04157359997043386,0.00042760456061108343,0.0007304001698444356
MC,16384,15,21660743,RTY Index,vega,1095.4201434937484,1128.2462808147527,0.04157359997043386,-32.82613732100435,-0.029094833175341166
MC,16384,15,21660743,RTY Index,gamma,0.0005658044802716044,0.0005906533709811822,0.04157359997043386,-2.4848890709577767e-05,-0.04207017504750588
MC,65536,0,21860728,SPX Index,price,638.5533762327709,644.2866661564472,0.18322250002529472,-5.733289923676239,-0.008898663009555545
MC,65536,0,21860728,SPX Index,delta,0.5927611698458379,0.5951256241492728,0.18322250002529472,-0.002364454303434904,-0.003973033940211988
MC,65536,0,21860728,SPX Index,vega,2795.7147077166865,2829.6360448038345,0.18322250002529472,-33.921337087148004,-0.011987879907537583
MC,65536,0,21860728,SPX Index,gamma,0.0002775551511034713,0.0002810396349131103,0.18322250002529472,-3.4844838096389943e-06,-0.01239854944558372
MC,65536,0,21860728,NDX Index,price,3333.719152957957,3367.4914742178444,0.18322250002529472,-33.772321259887576,-0.01002892554248612
MC,65536,0,21860728,NDX Index,delta,0.5977441308155234,0.6016489211760171,0.18322250002529472,-0.0039047903604937373,-0.006490147697532994
MC,65536,0,21860728,NDX Index,vega,10585.17613348225,10732.284898910899,0.18322250002529472,-147.10876542864935,-0.013707124513958606
MC,65536,0,21860728,NDX Index,gamma,5.222793847650702e-05,5.2107169399970926e-05,0.18322250002529472,1.2076907653609713e-07,0.002317705565794263
MC,65536,0,21860728,RTY Index,price,291.20826336851184,292.88192219894063,0.18322250002529472,-1.673658830428792,-0.00571444907853328
MC,65536,0,21860728,RTY Index,delta,0.5867588198025943,0.5854387475048874,0.18322250002529472,0.0013200722977068091,0.002254842719811245
MC,65536,0,21860728,RTY Index,vega,1117.74963151557,1128.2462808147527,0.18322250002529472,-10.496649299182764,-0.009303508886023276
MC,65536,0,21860728,RTY Index,gamma,0.0005968028407313506,0.0005906533709811822,0.18322250002529472,6.149469750168449e-06,0.010411300522932878
MC,65536,1,21860729,SPX Index,price,641.5438695457914,644.2866661564472,0.18654239998431876,-2.7427966106557733,-0.004257105966538444
MC,65536,1,21860729,SPX Index,delta,0.5935222607499313,0.5951256241492728,0.18654239998431876,-0.0016033633993415286,-0.0026941595761962416
MC,65536,1,21860729,SPX Index,vega,2814.172283884422,2829.6360448038345,0.18654239998431876,-15.46376091941238,-0.005464929296405118
MC,65536,1,21860729,SPX Index,gamma,0.000277772719235691,0.0002810396349131103,0.18654239998431876,-3.266915677419284e-06,-0.011624394823987458
MC,65536,1,21860729,NDX Index,price,3358.2159255381102,3367.4914742178444,0.18654239998431876,-9.275548679734129,-0.0027544386528516834
MC,65536,1,21860729,NDX Index,delta,0.6005405292708514,0.6016489211760171,0.18654239998431876,-0.001108391905165651,-0.0018422569477879647
MC,65536,1,21860729,NDX Index,vega,10697.02065006739,10732.284898910899,0.18654239998431876,-35.26424884350854,-0.003285809981347692
MC,65536,1,21860729,NDX Index,gamma,5.359637750326931e-05,5.2107169399970926e-05,0.18654239998431876,1.4892081032983863e-06,0.028579716005437388
MC,65536,1,21860729,RTY Index,price,291.40520268359967,292.88192219894063,0.18654239998431876,-1.4767195153409602,-0.005042030263438027
MC,65536,1,21860729,RTY Index,delta,0.5829593394121257,0.5854387475048874,0.18654239998431876,-0.0024794080927617035,-0.004235128104056701
MC,65536,1,21860729,RTY Index,vega,1122.2484175008824,1128.2462808147527,0.18654239998431876,-5.997863313870312,-0.005316094026509008
MC,65536,1,21860729,RTY Index,gamma,0.00058312158505246,0.0005906533709811822,0.18654239998431876,-7.5317859287222415e-06,-0.012751617613238338
MC,65536,2,21860730,SPX Index,price,650.8994165026762,644.2866661564472,0.17281720001483336,6.612750346229063,0.010263677169788488
MC,65536,2,21860730,SPX Index,delta,0.5975466403774451,0.5951256241492728,0.17281720001483336,0.002421016228172257,0.004068075932090943
MC,65536,2,21860730,SPX Index,vega,2868.3287265623057,2829.6360448038345,0.17281720001483336,38.69268175847128,0.01367408428003456
MC,65536,2,21860730,SPX Index,gamma,0.00029039637410519577,0.0002810396349131103,0.17281720001483336,9.356739192085495e-06,0.03329330823738915
MC,65536,2,21860730,NDX Index,price,3403.2743370311046,3367.4914742178444,0.17281720001483336,35.78286281326018,0.01062596983161519
MC,65536,2,21860730,NDX Index,delta,0.6056669280081877,0.6016489211760171,0.17281720001483336,0.004018006832170573,0.006678324668673467
MC,65536,2,21860730,NDX Index,vega,10865.27647411826,10732.284898910899,0.17281720001483336,132.99157520736117,0.01239172985622633
MC,65536,2,21860730,NDX Index,gamma,5.16050683406725e-05,5.2107169399970926e-05,0.17281720001483336,-5.021010592984245e-07,-0.00963593043107624
MC,65536,2,21860730,RTY Index,price,295.9282367315129,292.88192219894063,0.17281720001483336,3.0463145325722962,0.010401169555637788
MC,65536,2,21860730,RTY Index,delta,0.5877080741998879,0.5854387475048874,0.17281720001483336,0.002269326695000462,0.0038762837353561344
MC,65536,2,21860730,RTY Index,vega,1144.1937152541434,1128.2462808147527,0.17281720001483336,15.94743443939069,0.014134710400174682
MC,65536,2,21860730,RTY Index,gamma,0.000606205994892262,0.0005906533709811822,0.17281720001483336,1.555262391107976e-05,0.02633122009486551
MC,65536,3,21860731,SPX Index,price,643.4623822170345,644.2866661564472,0.17373640002915636,-0.8242839394126804,-0.0012793745124821906
MC,65536,3,21860731,SPX Index,delta,0.5965074864346502,0.5951256241492728,0.17373640002915636,0.0013818622853773999,0.002321967378488803
MC,65536,3,21860731,SPX Index,vega,2820.9636979139896,2829.6360448038345,0.17373640002915636,-8.672346889844903,-0.0030648276854439477
MC,65536,3,21860731,SPX Index,gamma,0.0002710901084240575,0.0002810396349131103,0.17373640002915636,-9.949526489052803e-06,-0.03540257406087552
MC,65536,3,21860731,NDX Index,price,3361.117439386432,3367.4914742178444,0.17373640002915636,-6.374034831412246,-0.001892813947774796
MC,65536,3,21860731,NDX Index,delta,0.6014767309680406,0.6016489211760171,0.17373640002915636,-0.0001721902079765414,-0.0002861971523857612
MC,65536,3,21860731,NDX Index,vega,10705.798319672458,10732.284898910899,0.17373640002915636,-26.486579238440754,-0.002467934786294071
MC,65536,3,21860731,NDX Index,gamma,5.35596688898769e-05,5.2107169399970926e-05,0.17373640002915636,1.4524994899059714e-06,0.027875233036680398
MC,65536,3,21860731,RTY Index,price,291.09504068375094,292.88192219894063,0.17373640002915636,-1.786881515189691,-0.00610103041448884
MC,65536,3,21860731,RTY Index,delta,0.5873669031981164,0.5854387475048874,0.17373640002915636,0.0019281556932289057,0.0032935225101628734
MC,65536,3,21860731,RTY Index,vega,1116.6088354696394,1128.2462808147527,0.17373640002915636,-11.637445345113292,-0.010314632135733182
MC,65536,3,21860731,RTY Index,gamma,0.0005729071689701367,0.0005906533709811822,0.17373640002915636,-1.7746202011045494e-05,-0.030045036366364658
MC,65536,4,21860732,SPX Index,price,645.4338646156082,644.2866661564472,0.18956199998501688,1.147198459161018,0.0017805714745033271
MC,65536,4,21860732,SPX Index,delta,0.5968507042814963,0.5951256241492728,0.18956199998501688,0.0017250801322234999,0.002898682332305028
MC,65536,4,21860732,SPX Index,vega,2833.0954793494275,2829.6360448038345,0.18956199998501688,3.4594345455930124,0.0012225722640004182
MC,65536,4,21860732,SPX Index,gamma,0.0002887850232498449,0.0002810396349131103,0.18956199998501688,7.745388336734597e-06,0.02755977226888036
MC,65536,4,21860732,NDX Index,price,3360.172595222284,3367.4914742178444,0.18956199998501688,-7.318878995560226,-0.0021733919897332947
MC,65536,4,21860732,NDX Index,delta,0.6017942467774204,0.6016489211760171,0.18956199998501688,0.0001453256014033455,0.00024154551980128848
MC,65536,4,21860732,NDX Index,vega,10689.936659488938,10732.284898910899,0.18956199998501688,-42.3482394219609,-0.003945873578724913
MC,65536,4,21860732,NDX Index,gamma,5.185029234917472e-05,5.2107169399970926e-05,0.18956199998501688,-2.568770507962046e-07,-0.00492978324776068
MC,65536,4,21860732,RTY Index,price,291.42714630434455,292.88192219894063,0.18956199998501688,-1.4547758945960823,-0.004967107166170273
MC,65536,4,21860732,RTY Index,delta,0.5836303953383737,0.5854387475048874,0.18956199998501688,-0.0018083521665137603,-0.0030888836350871423
MC,65536,4,21860732,RTY Index,vega,1120.9731789932855,1128.2462808147527,0.18956199998501688,-7.273101821467208,-0.006446377838901453
MC,65536,4,21860732,RTY Index,gamma,0.0006123846987993338,0.0005906533709811822,0.18956199998501688,2.1731327818151625e-05,0.036792015225532285
MC,65536,5,21860733,SPX Index,price,647.4458098360095,644.2866661564472,0.165509500016924,3.159143679562362,0.004903319974645031
MC,65536,5,21860733,SPX Index,delta,0.595845343426194,0.5951256241492728,0.165509500016924,0.0007197192769211602,0.0012093568949412873
MC,65536,5,21860733,SPX Index,vega,2850.8401810563632,2829.6360448038345,0.165509500016924,21.20413625252877,0.0074935913724546695
MC,65536,5,21860733,SPX Index,gamma,0.0002779007974496833,0.0002810396349131103,0.165509500016924,-3.138837463426971e-06,-0.011168664748648045
MC,65536,5,21860733,NDX Index,price,3371.9905198440533,3367.4914742178444,0.165509500016924,4.499045626208954,0.0013360228706307063
MC,65536,5,21860733,NDX Index,delta,0.6013043732339033,0.6016489211760171,0.165509500016924,-0.00034454794211380424,-0.000572672749816174
MC,65536,5,21860733,NDX Index,vega,10764.413897386425,10732.284898910899,0.165509500016924,32.128998475525805,0.002993677374217509
MC,65536,5,21860733,NDX Index,gamma,4.95298806684824e-05,5.2107169399970926e-05,0.165509500016924,-2.577288731488526e-06,-0.04946130755454093
MC,65536,5,21860733,RTY Index,price,294.867942345858,292.88192219894063,0.165509500016924,1.986020146917383,0.0067809584559076165
MC,65536,5,21860733,RTY Index,delta,0.5858971790850708,0.5854387475048874,0.165509500016924,0.0004584315801833272,0.0007830564378205938
MC,65536,5,21860733,RTY Index,vega,1139.8783007898696,1128.2462808147527,0.165509500016924,11.632019975116918,0.010309823460456667
MC,65536,5,21860733,RTY Index,gamma,0.0005837405459979844,0.0005906533709811822,0.165509500016924,-6.912824983197835e-06,-0.011703691746843638
MC,65536,6,21860734,SPX Index,price,641.3733215355016,644.2866661564472,0.16869540000334382,-2.9133446209455087,-0.004521814238878077
MC,65536,6,21860734,SPX Index,delta,0.5911285052011149,0.5951256241492728,0.16869540000334382,-0.003997118948157907,-0.006716428911747424
MC,65536,6,21860734,SPX Index,vega,2818.779676401631,2829.6360448038345,0.16869540000334382,-10.856368402203316,-0.0038366659988443626
MC,65536,6,21860734,SPX Index,gamma,0.0002890250280112793,0.0002810396349131103,0.16869540000334382,7.985393098169046e-06,0.028413761285442565
MC,65536,6,21860734,NDX Index,price,3341.1294505372025,3367.4914742178444,0.16869540000334382,-26.36202368064187,-0.007828386168895909
MC,65536,6,21860734,NDX Index,delta,0.6000345060450444,0.6016489211760171,0.16869540000334382,-0.0016144151309727128,-0.0026833175863044604
MC,65536,6,21860734,NDX Index,vega,10619.080810294361,10732.284898910899,0.16869540000334382,-113.20408861653777,-0.010547995108481104
MC,65536,6,21860734,NDX Index,gamma,5.277129882334445e-05,5.2107169399970926e-05,0.16869540000334382,6.64129423373527e-07,0.012745451941089272
MC,65536,6,21860734,RTY Index,price,294.462254865433,292.88192219894063,0.16869540000334382,1.5803326664923816,0.005395801333955113
MC,65536,6,21860734,RTY Index,delta,0.5866079272510359,0.5854387475048874,0.16869540000334382,0.0011691797461484965,0.0019971000401519134
MC,65536,6,21860734,RTY Index,vega,1137.0168531448192,1128.2462808147527,0.16869540000334382,8.770572330066443,0.007773632831063138
MC,65536,6,21860734,RTY Index,gamma,0.0005624032077783112,0.0005906533709811822,0.16869540000334382,-2.8250163202870986e-05,-0.04782866667795758
MC,65536,7,21860735,SPX Index,price,640.036960803863,644.2866661564472,0.17812140000751242,-4.249705352584101,-0.006595985259071275
MC,65536,7,21860735,SPX Index,delta,0.592899192678088,0.5951256241492728,0.17812140000751242,-0.002226431471184842,-0.0037411117600044653
MC,65536,7,21860735,SPX Index,vega,2804.124942591999,2829.6360448038345,0.17812140000751242,-25.51110221183535,-0.009015683221410165
MC,65536,7,21860735,SPX Index,gamma,0.0002689227015985938,0.0002810396349131103,0.17812140000751242,-1.2116933314516496e-05,-0.04311467782208982
MC,65536,7,21860735,NDX Index,price,3338.8713537294952,3367.4914742178444,0.17812140000751242,-28.62012048834913,-0.008498943711504607
MC,65536,7,21860735,NDX Index,delta,0.5993203351539198,0.6016489211760171,0.17812140000751242,-0.00232858602209729,-0.003870340226897945
MC,65536,7,21860735,NDX Index,vega,10606.74264392082,10732.284898910899,0.17812140000751242,-125.54225499007953,-0.011697626010917716
MC,65536,7,21860735,NDX Index,gamma,5.2559908497145985e-05,5.2107169399970926e-05,0.17812140000751242,4.527390971750586e-07,0.00868861429988387
MC,65536,7,21860735,RTY Index,price,291.2391857285874,292.88192219894063,0.17812140000751242,-1.6427364703532135,-0.0056088694652768
MC,65536,7,21860735,RTY Index,delta,0.5874840249248394,0.5854387475048874,0.17812140000751242,0.002045277419951974,0.003493580547356749
MC,65536,7,21860735,RTY Index,vega,1115.9837508763082,1128.2462808147527,0.17812140000751242,-12.262529938444459,-0.01086866417994233
MC,65536,7,21860735,RTY Index,gamma,0.0005986465633515989,0.0005906533709811822,0.17812140000751242,7.993192370416664e-06,0.013532797344639757
MC,65536,8,21860736,SPX Index,price,640.0891148063905,644.2866661564472,0.1740226999972947,-4.197551350056642,-0.0065150368159836835
MC,65536,8,21860736,SPX Index,delta,0.5902442251452535,0.5951256241492728,0.1740226999972947,-0.004881399004019293,-0.008202300163091134
MC,65536,8,21860736,SPX Index,vega,2813.1080518310673,2829.6360448038345,0.1740226999972947,-16.52799297276715,-0.005841031394520902
MC,65536,8,21860736,SPX Index,gamma,0.0002775503922011722,0.0002810396349131103,0.1740226999972947,-3.489242711938079e-06,-0.012415482652533536
MC,65536,8,21860736,NDX Index,price,3349.868209109124,3367.4914742178444,0.1740226999972947,-17.62326510872026,-0.005233351069675256
MC,65536,8,21860736,NDX Index,delta,0.5981642826755286,0.6016489211760171,0.1740226999972947,-0.003484638500488524,-0.005791813760219584
MC,65536,8,21860736,NDX Index,vega,10685.372411265775,10732.284898910899,0.1740226999972947,-46.9124876451242,-0.004371155638058475
MC,65536,8,21860736,NDX Index,gamma,5.455578067803188e-05,5.2107169399970926e-05,0.1740226999972947,2.4486112780609527e-06,0.04699183061097767
MC,65536,8,21860736,RTY Index,price,289.1274282428811,292.88192219894063,0.1740226999972947,-3.754493956059548,-0.01281913860668157
MC,65536,8,21860736,RTY Index,delta,0.5787271220176183,0.5854387475048874,0.1740226999972947,-0.006711625487269113,-0.011464265930251023
MC,65536,8,21860736,RTY Index,vega,1112.7982641352255,1128.2462808147527,0.1740226999972947,-15.4480166795272,-0.013692060804642366
MC,65536,8,21860736,RTY Index,gamma,0.000585756793909291,0.0005906533709811822,0.1740226999972947,-4.896577071891251e-06,-0.008290102643039435
MC,65536,9,21860737,SPX Index,price,641.8797861709156,644.2866661564472,0.16606950003188103,-2.406879985531532,-0.0037357283829727557
MC,65536,9,21860737,SPX Index,delta,0.5971200266485429,0.5951256241492728,0.16606950003188103,0.001994402499270076,0.003351229418361977
MC,65536,9,21860737,SPX Index,vega,2807.039428566756,2829.6360448038345,0.16606950003188103,-22.59661623707825,-0.007985697057603311
MC,65536,9,21860737,SPX Index,gamma,0.0002856167957650646,0.0002810396349131103,0.16606950003188103,4.5771608519543355e-06,0.016286531447315136
MC,65536,9,21860737,NDX Index,price,3354.932455641007,3367.4914742178444,0.16606950003188103,-12.559018576837389,-0.003729487861511046
MC,65536,9,21860737,NDX Index,delta,0.602618044350749,0.6016489211760171,0.16606950003188103,0.0009691231747318563,0.001610778546461204
MC,65536,9,21860737,NDX Index,vega,10646.881135563526,10732.284898910899,0.16606950003188103,-85.40376334737266,-0.007957649666571873
MC,65536,9,21860737,NDX Index,gamma,5.1657390957319236e-05,5.2107169399970926e-05,0.16606950003188103,-4.4977844265169006e-07,-0.008631795736191746
MC,65536,9,21860737,RTY Index,price,292.35010139518914,292.88192219894063,0.16606950003188103,-0.5318208037514864,-0.001815819835374633
MC,65536,9,21860737,RTY Index,delta,0.5866168173237211,0.5854387475048874,0.16606950003188103,0.0011780698188336158,0.0020122853566739377
MC,65536,9,21860737,RTY Index,vega,1124.3963888671124,1128.2462808147527,0.16606950003188103,-3.8498919476403444,-0.003412279759398081
MC,65536,9,21860737,RTY Index,gamma,0.0005789877806238129,0.0005906533709811822,0.16606950003188103,-1.1665590357369331e-05,-0.019750315380390827
MC,65536,10,21860738,SPX Index,price,649.187081222095,644.2866661564472,0.16843449999578297,4.900415065647849,0.007605954496748686
MC,65536,10,21860738,SPX Index,delta,0.5989342788903995,0.5951256241492728,0.16843449999578297,0.0038086547411266825,0.006399749206852121
MC,65536,10,21860738,SPX Index,vega,2851.7851698379372,2829.6360448038345,0.16843449999578297,22.14912503410278,0.007827552619276264
MC,65536,10,21860738,SPX Index,gamma,0.0002768013341727784,0.0002810396349131103,0.16843449999578297,-4.238300740331885e-06,-0.015080793645502175
MC,65536,10,21860738,NDX Index,price,3388.1511877266435,3367.4914742178444,0.16843449999578297,20.659713508799086,0.0061350455277982986
MC,65536,10,21860738,NDX Index,delta,0.605866340476276,0.6016489211760171,0.16843449999578297,0.004217419300258873,0.007009767909190739
MC,65536,10,21860738,NDX Index,vega,10791.458577524665,10732.284898910899,0.16843449999578297,59.17367861376624,0.0055136142183265305
MC,65536,10,21860738,NDX Index,gamma,5.153700958194829e-05,5.2107169399970926e-05,0.16843449999578297,-5.701598180226359e-07,-0.010942060844758803
MC,65536,10,21860738,RTY Index,price,295.30242072807306,292.88192219894063,0.16843449999578297,2.4204985291324306,0.008264417656642879
MC,65536,10,21860738,RTY Index,delta,0.587455897070725,0.5854387475048874,0.16843449999578297,0.0020171495658375393,0.003445534779572648
MC,65536,10,21860738,RTY Index,vega,1139.6881871465062,1128.2462808147527,0.16843449999578297,11.441906331753444,0.010141319786572463
MC,65536,10,21860738,RTY Index,gamma,0.0005811836301694173,0.0005906533709811822,0.16843449999578297,-9.469740811764919e-06,-0.016032653459733863
MC,65536,11,21860739,SPX Index,price,648.310689460348,644.2866661564472,0.16034760000184178,4.02402330390089,0.0062457032176477904
MC,65536,11,21860739,SPX Index,delta,0.597587349498088,0.5951256241492728,0.16034760000184178,0.002461725348815169,0.004136480179851414
MC,65536,11,21860739,SPX Index,vega,2850.4216764918915,2829.6360448038345,0.16034760000184178,20.785631688057038,0.007345690880007859
MC,65536,11,21860739,SPX Index,gamma,0.00028197970587629277,0.0002810396349131103,0.16034760000184178,9.400709631824885e-07,0.0033449764602531333
MC,65536,11,21860739,NDX Index,price,3391.276251702118,3367.4914742178444,0.16034760000184178,23.78477748427349,0.007063054996983444
MC,65536,11,21860739,NDX Index,delta,0.6023580441026388,0.6016489211760171,0.16034760000184178,0.0007091229266217303,0.0011786324244305773
MC,65536,11,21860739,NDX Index,vega,10850.837191050861,10732.284898910899,0.16034760000184178,118.55229213996245,0.011046323616697225
MC,65536,11,21860739,NDX Index,gamma,5.261432216878652e-05,5.2107169399970926e-05,0.16034760000184178,5.071527688155968e-07,0.009732878885105583
MC,65536,11,21860739,RTY Index,price,293.00356333844655,292.88192219894063,0.16034760000184178,0.12164113950592537,0.00041532484693029424
MC,65536,11,21860739,RTY Index,delta,0.5859925374889676,0.5854387475048874,0.16034760000184178,0.0005537899840801774,0.0009459400943999768
MC,65536,11,21860739,RTY Index,vega,1128.6614949287882,1128.2462808147527,0.16034760000184178,0.415214114035507,0.0003680172681231122
MC,65536,11,21860739,RTY Index,gamma,0.0005982682170991012,0.0005906533709811822,0.16034760000184178,7.614846117918973e-06,0.01289224186644247
MC,65536,12,21860740,SPX Index,price,641.2754230191553,644.2866661564472,0.16253060003509745,-3.011243137291899,-0.004673762931112255
MC,65536,12,21860740,SPX Index,delta,0.5934573085789747,0.5951256241492728,0.16253060003509745,-0.0016683155702981178,-0.0028032998456132036
MC,65536,12,21860740,SPX Index,vega,2812.9981359509343,2829.6360448038345,0.16253060003509745,-16.637908852900182,-0.0058798759237793105
MC,65536,12,21860740,SPX Index,gamma,0.0002817948464210115,0.0002810396349131103,0.16253060003509745,7.552115079012154e-07,0.0026872064082160726
MC,65536,12,21860740,NDX Index,price,3363.200840356385,3367.4914742178444,0.16253060003509745,-4.290633861459355,-0.0012741335484615967
MC,65536,12,21860740,NDX Index,delta,0.5995639977643387,0.6016489211760171,0.16253060003509745,-0.00208492341167843,-0.0034653488742290442
MC,65536,12,21860740,NDX Index,vega,10726.329994761003,10732.284898910899,0.16253060003509745,-5.95490414989581,-0.000554858933208166
MC,65536,12,21860740,NDX Index,gamma,5.013908332598744e-05,5.2107169399970926e-05,0.16253060003509745,-1.9680860739834836e-06,-0.0377699671013905
MC,65536,12,21860740,RTY Index,price,290.00308496976544,292.88192219894063,0.16253060003509745,-2.87883722917519,-0.009829344220227201
MC,65536,12,21860740,RTY Index,delta,0.5839920383126803,0.5854387475048874,0.16253060003509745,-0.0014467091922071296,-0.0024711538113473637
MC,65536,12,21860740,RTY Index,vega,1112.0271063846897,1128.2462808147527,0.16253060003509745,-16.21917443006305,-0.01437556206110471
MC,65536,12,21860740,RTY Index,gamma,0.0005960113524351719,0.0005906533709811822,0.16253060003509745,5.35798145398969e-06,0.009071278887461716
MC,65536,13,21860741,SPX Index,price,645.5167173199974,644.2866661564472,0.15938599995570257,1.230051163550229,0.0019091674997532
MC,65536,13,21860741,SPX Index,delta,0.5965932318758808,0.5951256241492728,0.15938599995570257,0.0014676077266079224,0.0024660469437958674
MC,65536,13,21860741,SPX Index,vega,2833.7613124657596,2829.6360448038345,0.15938599995570257,4.125267661925136,0.0014578792454600364
MC,65536,13,21860741,SPX Index,gamma,0.00027365958790205835,0.0002810396349131103,0.15938599995570257,-7.380047011051926e-06,-0.02625980856164161
MC,65536,13,21860741,NDX Index,price,3367.940151773725,3367.4914742178444,0.15938599995570257,0.4486775558807494,0.00013323791888291632
MC,65536,13,21860741,NDX Index,delta,0.6011539739210356,0.6016489211760171,0.15938599995570257,-0.0004949472549814482,-0.000822651279776246
MC,65536,13,21860741,NDX Index,vega,10735.206654649164,10732.284898910899,0.15938599995570257,2.9217557382653467,0.00027223985999121617
MC,65536,13,21860741,NDX Index,gamma,5.298802232260983e-05,5.2107169399970926e-05,0.15938599995570257,8.808529226389004e-07,0.0169046396644104
MC,65536,13,21860741,RTY Index,price,295.95217144344707,292.88192219894063,0.15938599995570257,3.070249244506442,0.010482890925650813
MC,65536,13,21860741,RTY Index,delta,0.5899411299759306,0.5854387475048874,0.15938599995570257,0.004502382471043176,0.007690612365908679
MC,65536,13,21860741,RTY Index,vega,1142.203267542263,1128.2462808147527,0.15938599995570257,13.956986727510184,0.012370514279410055
MC,65536,13,21860741,RTY Index,gamma,0.0005731428267951286,0.0005906533709811822,0.15938599995570257,-1.7510544186053628e-05,-0.029646058155844337
MC,65536,14,21860742,SPX Index,price,646.093607740057,644.2866661564472,0.1572302999556996,1.8069415836098415,0.0028045615073633632
MC,65536,14,21860742,SPX Index,delta,0.5956835957512144,0.5951256241492728,0.1572302999556996,0.0005579716019415981,0.0009375694463487669
MC,65536,14,21860742,SPX Index,vega,2837.7077209706113,2829.6360448038345,0.1572302999556996,8.071676166776797,0.002852549246253459
MC,65536,14,21860742,SPX Index,gamma,0.0002729245046450546,0.0002810396349131103,0.1572302999556996,-8.115130268055673e-06,-0.028875394285808292
MC,65536,14,21860742,NDX Index,price,3367.5705875718286,3367.4914742178444,0.1572302999556996,0.07911335398421215,2.349326036603776e-05
MC,65536,14,21860742,NDX Index,delta,0.5996773339492519,0.6016489211760171,0.1572302999556996,-0.001971587226765159,-0.003276972927851982
MC,65536,14,21860742,NDX Index,vega,10743.128767809443,10732.284898910899,0.1572302999556996,10.843868898544315,0.0010103970403958192
MC,65536,14,21860742,NDX Index,gamma,5.137984807619831e-05,5.2107169399970926e-05,0.1572302999556996,-7.273213237726179e-07,-0.013958181420098857
MC,65536,14,21860742,RTY Index,price,293.7378828636896,292.88192219894063,0.1572302999556996,0.8559606647489773,0.00292254523025004
MC,65536,14,21860742,RTY Index,delta,0.5853516423415102,0.5854387475048874,0.1572302999556996,-8.710516337728791e-05,-0.00014878612621478513
MC,65536,14,21860742,RTY Index,vega,1132.7837246030372,1128.2462808147527,0.1572302999556996,4.537443788284463,0.004021678480524473
MC,65536,14,21860742,RTY Index,gamma,0.0005815586276088167,0.0005906533709811822,0.1572302999556996,-9.094743372365472e-06,-0.015397767657293579
MC,65536,15,21860743,SPX Index,price,652.8396120653924,644.2866661564472,0.15449960000114515,8.552945908945276,0.013275062729403793
MC,65536,15,21860743,SPX Index,delta,0.5978876767643595,0.5951256241492728,0.15449960000114515,0.002762052615086663,0.004641125340611899
MC,65536,15,21860743,SPX Index,vega,2880.3175471127256,2829.6360448038345,0.15449960000114515,50.68150230889114,0.017910961518163956
MC,65536,15,21860743,SPX Index,gamma,0.00028387014037310374,0.0002810396349131103,0.15449960000114515,2.830505459993466e-06,0.010071552579651552
MC,65536,15,21860743,NDX Index,price,3401.0755996747303,3367.4914742178444,0.15449960000114515,33.584125456885886,0.009973039490674985
MC,65536,15,21860743,NDX Index,delta,0.6051047848475297,0.6016489211760171,0.15449960000114515,0.0034558636715126267,0.005743987149112808
MC,65536,15,21860743,NDX Index,vega,10866.115558970938,10732.284898910899,0.15449960000114515,133.830660060039,0.012469913100575629
MC,65536,15,21860743,NDX Index,gamma,5.0994604294763426e-05,5.2107169399970926e-05,0.15449960000114515,-1.1125651052075003e-06,-0.0213514784629257
MC,65536,15,21860743,RTY Index,price,295.68176863801136,292.88192219894063,0.15449960000114515,2.799846439070734,0.009559642391205466
MC,65536,15,21860743,RTY Index,delta,0.587032479218839,0.5854387475048874,0.15449960000114515,0.0015937317139516072,0.0027222860132576077
MC,65536,15,21860743,RTY Index,vega,1143.746333645484,1128.2462808147527,0.15449960000114515,15.500052830731192,0.013738182074518315
MC,65536,15,21860743,RTY Index,gamma,0.0006121786140663178,0.0005906533709811822,0.15449960000114515,2.1525243085135566e-05,0.03644310545350522
RQMC,1024,0,31260728,SPX Index,price,646.4948568466552,644.2866661564472,0.007028399966657162,2.2081906902080846,0.0034273419057098517
RQMC,1024,0,31260728,SPX Index,delta,0.6044807783692638,0.5951256241492728,0.007028399966657162,0.009355154219991002,0.015719629336014757
RQMC,1024,0,31260728,SPX Index,vega,2816.071302607302,2829.6360448038345,0.007028399966657162,-13.56474219653228,-0.004793811635754965
RQMC,1024,0,31260728,SPX Index,gamma,0.00019794234557725268,0.0002810396349131103,0.007028399966657162,-8.30972893358576e-05,-0.29567818561089787
RQMC,1024,0,31260728,NDX Index,price,3355.674100376267,3367.4914742178444,0.007028399966657162,-11.817373841577592,-0.0035092513023577505
RQMC,1024,0,31260728,NDX Index,delta,0.6207599545925903,0.6016489211760171,0.007028399966657162,0.019111033416573164,0.031764427299591357
RQMC,1024,0,31260728,NDX Index,vega,10460.033891538855,10732.284898910899,0.007028399966657162,-272.2510073720441,-0.025367478587870126
RQMC,1024,0,31260728,NDX Index,gamma,3.947102139669514e-05,5.2107169399970926e-05,0.007028399966657162,-1.2636148003275785e-05,-0.242503059536426
RQMC,1024,0,31260728,RTY Index,price,294.22288772717826,292.88192219894063,0.007028399966657162,1.340965528237632,0.004578519282343342
RQMC,1024,0,31260728,RTY Index,delta,0.5835571749243483,0.5854387475048874,0.007028399966657162,-0.0018815725805391148,-0.0032139529345440307
RQMC,1024,0,31260728,RTY Index,vega,1137.7315174563682,1128.2462808147527,0.007028399966657162,9.48523664161553,0.00840706218394609
RQMC,1024,0,31260728,RTY Index,gamma,0.0005353568918781484,0.0005906533709811822,0.007028399966657162,-5.5296479103033756e-05,-0.0936191712766767
RQMC,1024,1,31260729,SPX Index,price,644.3815631483251,644.2866661564472,0.006728400010615587,0.09489699187793121,0.00014729001368916754
RQMC,1024,1,31260729,SPX Index,delta,0.5912842041718326,0.5951256241492728,0.006728400010615587,-0.0038414199774402524,-0.0064548052067687905
RQMC,1024,1,31260729,SPX Index,vega,2834.6283820144063,2829.6360448038345,0.006728400010615587,4.9923372105718045,0.0017643036530225922
RQMC,1024,1,31260729,SPX Index,gamma,0.00035701215303933075,0.0002810396349131103,0.006728400010615587,7.597251812622047e-05,0.27032670373952444
RQMC,1024,1,31260729,NDX Index,price,3350.4537357904305,3367.4914742178444,0.006728400010615587,-17.037738427413842,-0.0050594748517874535
RQMC,1024,1,31260729,NDX Index,delta,0.5926290681335815,0.6016489211760171,0.006728400010615587,-0.009019853042435577,-0.01499188766898287
RQMC,1024,1,31260729,NDX Index,vega,10798.205740471509,10732.284898910899,0.006728400010615587,65.92084156060992,0.006142293293695501
RQMC,1024,1,31260729,NDX Index,gamma,6.066032359618113e-05,5.2107169399970926e-05,0.006728400010615587,8.5531541962102e-06,0.1641454390000884
RQMC,1024,1,31260729,RTY Index,price,295.05293035582895,292.88192219894063,0.006728400010615587,2.1710081568883197,0.007412571389140427
RQMC,1024,1,31260729,RTY Index,delta,0.59171299507929,0.5854387475048874,0.006728400010615587,0.006274247574402536,0.010717171695831692
RQMC,1024,1,31260729,RTY Index,vega,1131.9814257175774,1128.2462808147527,0.006728400010615587,3.735144902824686,0.003310575861262654
RQMC,1024,1,31260729,RTY Index,gamma,0.0002731885267147622,0.0005906533709811822,0.006728400010615587,-0.00031746484426642,-0.5374807964594419
RQMC,1024,2,31260730,SPX Index,price,640.0353907032794,644.2866661564472,0.006590600009076297,-4.25127545316775,-0.006598422218682771
RQMC,1024,2,31260730,SPX Index,delta,0.5932683542684398,0.5951256241492728,0.006590600009076297,-0.0018572698808330124,-0.0031208030800017462
RQMC,1024,2,31260730,SPX Index,vega,2806.361132410309,2829.6360448038345,0.006590600009076297,-23.274912393525483,-0.008225408506604963
RQMC,1024,2,31260730,SPX Index,gamma,0.00024534284576683234,0.0002810396349131103,0.006590600009076297,-3.569678914627794e-05,-0.12701692114464355
RQMC,1024,2,31260730,NDX Index,price,3344.543661098876,3367.4914742178444,0.006590600009076297,-22.947813118968497,-0.006814512611141356
RQMC,1024,2,31260730,NDX Index,delta,0.5959089525396899,0.6016489211760171,0.006590600009076297,-0.005739968636327197,-0.009540395460375013
RQMC,1024,2,31260730,NDX Index,vega,10739.388680428125,10732.284898910899,0.006590600009076297,7.103781517225798,0.0006619076537883077
RQMC,1024,2,31260730,NDX Index,gamma,4.034154924237479e-05,5.2107169399970926e-05,0.006590600009076297,-1.1765620157596134e-05,-0.2257965706654313
RQMC,1024,2,31260730,RTY Index,price,296.6516539196078,292.88192219894063,0.006590600009076297,3.769731720667153,0.012871165595896884
RQMC,1024,2,31260730,RTY Index,delta,0.5920008788229287,0.5854387475048874,0.006590600009076297,0.006562131318041287,0.011208911856293734
RQMC,1024,2,31260730,RTY Index,vega,1143.3002771913045,1128.2462808147527,0.006590600009076297,15.053996376551822,0.013342828274763482
RQMC,1024,2,31260730,RTY Index,gamma,0.0006743015563362324,0.0005906533709811822,0.006590600009076297,8.364818535505018e-05,0.14161975443582994
RQMC,1024,3,31260731,SPX Index,price,652.2540502451974,644.2866661564472,0.006779499992262572,7.9673840887502365,0.012366209805769251
RQMC,1024,3,31260731,SPX Index,delta,0.5901937700584678,0.5951256241492728,0.006779499992262572,-0.004931854090804988,-0.008287080728300067
RQMC,1024,3,31260731,SPX Index,vega,2884.425200927768,2829.6360448038345,0.006779499992262572,54.78915612393348,0.019362615988916608
RQMC,1024,3,31260731,SPX Index,gamma,0.0002541086230397302,0.0002810396349131103,0.006779499992262572,-2.6931011873380104e-05,-0.09582638364053679
RQMC,1024,3,31260731,NDX Index,price,3419.046007032944,3367.4914742178444,0.006779499992262572,51.55453281509972,0.015309476864250745
RQMC,1024,3,31260731,NDX Index,delta,0.6005045260960237,0.6016489211760171,0.006779499992262572,-0.001144395079993421,-0.0019020977844629416
RQMC,1024,3,31260731,NDX Index,vega,11010.087920530339,10732.284898910899,0.006779499992262572,277.8030216194402,0.025884797527843426
RQMC,1024,3,31260731,NDX Index,gamma,7.598526811541549e-05,5.2107169399970926e-05,0.006779499992262572,2.387809871544456e-05,0.4582497761902585
RQMC,1024,3,31260731,RTY Index,price,294.6724860220027,292.88192219894063,0.006779499992262572,1.7905638230620866,0.006113603084883616
RQMC,1024,3,31260731,RTY Index,delta,0.597326851161038,0.5854387475048874,0.006779499992262572,0.011888103656150562,0.020306315061681693
RQMC,1024,3,31260731,RTY Index,vega,1126.6349806469996,1128.2462808147527,0.006779499992262572,-1.6113001677531429,-0.0014281457826650732
RQMC,1024,3,31260731,RTY Index,gamma,0.0008944913201946564,0.0005906533709811822,0.006779499992262572,0.00030383794921347415,0.5144099130573729
RQMC,1024,4,31260732,SPX Index,price,645.4178301639079,644.2866661564472,0.007773099991027266,1.1311640074607112,0.0017556843356836434
RQMC,1024,4,31260732,SPX Index,delta,0.6115814827981785,0.5951256241492728,0.007773099991027266,0.01645585864890564,0.027651067238835758
RQMC,1024,4,31260732,SPX Index,vega,2788.063443430411,2829.6360448038345,0.007773099991027266,-41.57260137342337,-0.014691854611395935
RQMC,1024,4,31260732,SPX Index,gamma,0.0001506576381085867,0.0002810396349131103,0.007773099991027266,-0.00013038199680452358,-0.46392743445184914
RQMC,1024,4,31260732,NDX Index,price,3388.146980927374,3367.4914742178444,0.007773099991027266,20.655506709529618,0.006133796289514646
RQMC,1024,4,31260732,NDX Index,delta,0.6168772768794913,0.6016489211760171,0.007773099991027266,0.01522835570347425,0.025311033008599174
RQMC,1024,4,31260732,NDX Index,vega,10615.954822501613,10732.284898910899,0.007773099991027266,-116.33007640928554,-0.01083926465845969
RQMC,1024,4,31260732,NDX Index,gamma,5.260920394735761e-05,5.2107169399970926e-05,0.007773099991027266,5.020345473866829e-07,0.009634653986538809
RQMC,1024,4,31260732,RTY Index,price,292.61281576754186,292.88192219894063,0.007773099991027266,-0.2691064313987681,-0.000918822265909526
RQMC,1024,4,31260732,RTY Index,delta,0.6016552465673215,0.5854387475048874,0.007773099991027266,0.016216499062434053,0.027699736533579326
RQMC,1024,4,31260732,RTY Index,vega,1107.2052474385798,1128.2462808147527,0.007773099991027266,-21.04103337617289,-0.01864932660002061
RQMC,1024,4,31260732,RTY Index,gamma,0.0006284238929545739,0.0005906533709811822,0.007773099991027266,3.7770521973391714e-05,0.06394701838516224
RQMC,1024,5,31260733,SPX Index,price,643.5565383430022,644.2866661564472,0.0063372000004164875,-0.7301278134449376,-0.00113323439983724
RQMC,1024,5,31260733,SPX Index,delta,0.5886615484676969,0.5951256241492728,0.0063372000004164875,-0.00646407568157592,-0.010861699478687821
RQMC,1024,5,31260733,SPX Index,vega,2854.8488496908412,2829.6360448038345,0.0063372000004164875,25.21280488700677,0.00891026424875594
RQMC,1024,5,31260733,SPX Index,gamma,0.0002599886975628402,0.0002810396349131103,0.0063372000004164875,-2.10509373502701e-05,-0.07490380264968131
RQMC,1024,5,31260733,NDX Index,price,3362.0647512973837,3367.4914742178444,0.0063372000004164875,-5.426722920460634,-0.0016115030912501657
RQMC,1024,5,31260733,NDX Index,delta,0.6039116394797052,0.6016489211760171,0.0063372000004164875,0.0022627183036880716,0.0037608615656872352
RQMC,1024,5,31260733,NDX Index,vega,10682.429630426137,10732.284898910899,0.0063372000004164875,-49.85526848476184,-0.004645354549786607
RQMC,1024,5,31260733,NDX Index,gamma,4.3253705599019765e-05,5.2107169399970926e-05,0.0063372000004164875,-8.853463800951161e-06,-0.16990874581945917
RQMC,1024,5,31260733,RTY Index,price,295.386554370151,292.88192219894063,0.0063372000004164875,2.5046321712103463,0.008551678957873917
RQMC,1024,5,31260733,RTY Index,delta,0.5851674238723937,0.5854387475048874,0.0063372000004164875,-0.00027132363249371405,-0.0004634534930427524
RQMC,1024,5,31260733,RTY Index,vega,1146.154522773725,1128.2462808147527,0.0063372000004164875,17.908241958972212,0.01587263549057741
RQMC,1024,5,31260733,RTY Index,gamma,0.0005776312081787449,0.0005906533709811822,0.0063372000004164875,-1.3022162802437342e-05,-0.02204704729070651
RQMC,1024,6,31260734,SPX Index,price,648.4409666916449,644.2866661564472,0.006530400016345084,4.154300535197763,0.006447907047309599
RQMC,1024,6,31260734,SPX Index,delta,0.5966766948342079,0.5951256241492728,0.006530400016345084,0.0015510706849350964,0.0026062912131406524
RQMC,1024,6,31260734,SPX Index,vega,2849.531064106239,2829.6360448038345,0.006530400016345084,19.895019302404307,0.007030946378753645
RQMC,1024,6,31260734,SPX Index,gamma,0.0002813297805925663,0.0002810396349131103,0.006530400016345084,2.9014567945603257e-07,0.0010324012822808342
RQMC,1024,6,31260734,NDX Index,price,3380.6304395267935,3367.4914742178444,0.006530400016345084,13.138965308949082,0.0039017070747004116
RQMC,1024,6,31260734,NDX Index,delta,0.6073342988347028,0.6016489211760171,0.006530400016345084,0.0056853776586857085,0.009449659857401135
RQMC,1024,6,31260734,NDX Index,vega,10735.301805589832,10732.284898910899,0.006530400016345084,3.0169066789330827,0.00028110572048261923
RQMC,1024,6,31260734,NDX Index,gamma,5.101924462048739e-05,5.2107169399970926e-05,0.006530400016345084,-1.0879247794835393e-06,-0.020878600622741682
RQMC,1024,6,31260734,RTY Index,price,292.31349826690894,292.88192219894063,0.006530400016345084,-0.568423932031692,-0.0019407955525694374
RQMC,1024,6,31260734,RTY Index,delta,0.5855320036890648,0.5854387475048874,0.006530400016345084,9.325618417732606e-05,0.00015929281171562278
RQMC,1024,6,31260734,RTY Index,vega,1127.9768631123407,1128.2462808147527,0.006530400016345084,-0.2694177024120563,-0.00023879334414246754
RQMC,1024,6,31260734,RTY Index,gamma,0.0007001986936104489,0.0005906533709811822,0.006530400016345084,0.00010954532262926668,0.18546465323188127
RQMC,1024,7,31260735,SPX Index,price,638.651288343045,644.2866661564472,0.007726799987722188,-5.635377813402101,-0.008746693218129872
RQMC,1024,7,31260735,SPX Index,delta,0.5902355995520518,0.5951256241492728,0.007726799987722188,-0.004890024597220988,-0.00821679389828196
RQMC,1024,7,31260735,SPX Index,vega,2807.325605373136,2829.6360448038345,0.007726799987722188,-22.310439430698352,-0.007884561504532655
RQMC,1024,7,31260735,SPX Index,gamma,0.0003153781196303136,0.0002810396349131103,0.007726799987722188,3.43384847172033e-05,0.12218377926593811
RQMC,1024,7,31260735,NDX Index,price,3361.6271889693953,3367.4914742178444,0.007726799987722188,-5.86428524844905,-0.0017414402659508225
RQMC,1024,7,31260735,NDX Index,delta,0.5979233095836375,0.6016489211760171,0.007726799987722188,-0.0037256115923796074,-0.006192334867146966
RQMC,1024,7,31260735,NDX Index,vega,10749.546062538353,10732.284898910899,0.007726799987722188,17.261163627454152,0.001608340049676262
RQMC,1024,7,31260735,NDX Index,gamma,4.102172737934177e-05,5.2107169399970926e-05,0.007726799987722188,-1.1085442020629158e-05,-0.21274312437772416
RQMC,1024,7,31260735,RTY Index,price,291.63331722594313,292.88192219894063,0.007726799987722188,-1.248604972997498,-0.004263168459231091
RQMC,1024,7,31260735,RTY Index,delta,0.585279653612168,0.5854387475048874,0.007726799987722188,-0.00015909389271939745,-0.0002717515596592268
RQMC,1024,7,31260735,RTY Index,vega,1125.1221640260778,1128.2462808147527,0.007726799987722188,-3.1241167886748826,-0.0027690025146095143
RQMC,1024,7,31260735,RTY Index,gamma,0.0006422411267256143,0.0005906533709811822,0.007726799987722188,5.158775574443206e-05,0.08734015292037606
RQMC,1024,8,31260736,SPX Index,price,641.7054376588553,644.2866661564472,0.0072885999688878655,-2.5812284975918374,-0.00400633542983343
RQMC,1024,8,31260736,SPX Index,delta,0.580501134305346,0.5951256241492728,0.0072885999688878655,-0.014624489843926836,-0.024573786189819036
RQMC,1024,8,31260736,SPX Index,vega,2849.6804059796495,2829.6360448038345,0.0072885999688878655,20.044361175815084,0.0070837241462990575
RQMC,1024,8,31260736,SPX Index,gamma,0.00033818858385277695,0.0002810396349131103,0.0072885999688878655,5.7148948939666675e-05,0.20334836030275785
RQMC,1024,8,31260736,NDX Index,price,3340.6234699457577,3367.4914742178444,0.0072885999688878655,-26.868004272086637,-0.007978640622491012
RQMC,1024,8,31260736,NDX Index,delta,0.5935658793899558,0.6016489211760171,0.0072885999688878655,-0.00808304178606134,-0.013434814725939785
RQMC,1024,8,31260736,NDX Index,vega,10732.724195738545,10732.284898910899,0.0072885999688878655,0.43929682764610334,4.0932274141425625e-05
RQMC,1024,8,31260736,NDX Index,gamma,6.635499705649936e-05,5.2107169399970926e-05,0.0072885999688878655,1.424782765652843e-05,0.27343315364461884
RQMC,1024,8,31260736,RTY Index,price,295.34560457360845,292.88192219894063,0.0072885999688878655,2.463682374667826,0.008411862214542435
RQMC,1024,8,31260736,RTY Index,delta,0.5936736430376655,0.5854387475048874,0.0072885999688878655,0.008234895532778008,0.01406619491428394
RQMC,1024,8,31260736,RTY Index,vega,1130.823814374105,1128.2462808147527,0.0072885999688878655,2.5775335593523323,0.0022845486869152274
RQMC,1024,8,31260736,RTY Index,gamma,0.0006566922338139228,0.0005906533709811822,0.0072885999688878655,6.603886283274062e-05,0.11180646056931515
RQMC,1024,9,31260737,SPX Index,price,636.307008710482,644.2866661564472,0.008283899980597198,-7.979657445965131,-0.012385259334278217
RQMC,1024,9,31260737,SPX Index,delta,0.5956416029104542,0.5951256241492728,0.008283899980597198,0.0005159787611813682,0.0008670081412121274
RQMC,1024,9,31260737,SPX Index,vega,2767.141235217963,2829.6360448038345,0.008283899980597198,-62.49480958587128,-0.02208581195473277
RQMC,1024,9,31260737,SPX Index,gamma,0.00029222045652659077,0.0002810396349131103,0.008283899980597198,1.1180821613480496e-05,0.03978378927562049
RQMC,1024,9,31260737,NDX Index,price,3323.885086331171,3367.4914742178444,0.008283899980597198,-43.606387886673474,-0.012949219981856608
RQMC,1024,9,31260737,NDX Index,delta,0.6042880752740405,0.6016489211760171,0.008283899980597198,0.0026391540980233996,0.004386535079070298
RQMC,1024,9,31260737,NDX Index,vega,10480.834562117001,10732.284898910899,0.008283899980597198,-251.4503367938978,-0.023429338594935616
RQMC,1024,9,31260737,NDX Index,gamma,5.607455215788295e-05,5.2107169399970926e-05,0.008283899980597198,3.967382757912026e-06,0.07613890379380768
RQMC,1024,9,31260737,RTY Index,price,290.09178210679846,292.88192219894063,0.008283899980597198,-2.790140092142167,-0.00952650157167078
RQMC,1024,9,31260737,RTY Index,delta,0.5918057452193486,0.5854387475048874,0.008283899980597198,0.006366997714461142,0.010875600123150354
RQMC,1024,9,31260737,RTY Index,vega,1104.6171485886716,1128.2462808147527,0.008283899980597198,-23.629132226081083,-0.020943239634716563
RQMC,1024,9,31260737,RTY Index,gamma,0.0005327904883513588,0.0005906533709811822,0.008283899980597198,-5.786288262982339e-05,-0.097964196045648
RQMC,1024,10,31260738,SPX Index,price,640.6953328207217,644.2866661564472,0.006881299952510744,-3.591333335725494,-0.0055741233279743806
RQMC,1024,10,31260738,SPX Index,delta,0.5984141293356928,0.5951256241492728,0.006881299952510744,0.0032885051864199877,0.005525732808297204
RQMC,1024,10,31260738,SPX Index,vega,2788.7927608049017,2829.6360448038345,0.006881299952510744,-40.84328399893275,-0.01443411214454056
RQMC,1024,10,31260738,SPX Index,gamma,0.0003068335290076461,0.0002810396349131103,0.006881299952510744,2.5793894094535796e-05,0.09178027185564257
RQMC,1024,10,31260738,NDX Index,price,3337.6260516786956,3367.4914742178444,0.006881299952510744,-29.865422539148767,-0.00886874481132443
RQMC,1024,10,31260738,NDX Index,delta,0.604279224708872,0.6016489211760171,0.006881299952510744,0.002630303532854872,0.004371824564587486
RQMC,1024,10,31260738,NDX Index,vega,10530.604526012992,10732.284898910899,0.006881299952510744,-201.68037289790664,-0.018791932454045545
RQMC,1024,10,31260738,NDX Index,gamma,5.935885769714993e-05,5.2107169399970926e-05,0.006881299952510744,7.251688297179007e-06,0.13916872439405722
RQMC,1024,10,31260738,RTY Index,price,289.95991477852226,292.88192219894063,0.006881299952510744,-2.9220074204183675,-0.009976742157658976
RQMC,1024,10,31260738,RTY Index,delta,0.5952132240802688,0.5854387475048874,0.006881299952510744,0.00977447657538133,0.016695985048888022
RQMC,1024,10,31260738,RTY Index,vega,1105.3452583498374,1128.2462808147527,0.006881299952510744,-22.901022464915286,-0.020297893158909883
RQMC,1024,10,31260738,RTY Index,gamma,0.0006428651184642588,0.0005906533709811822,0.006881299952510744,5.221174748307655e-05,0.0883965961226013
RQMC,1024,11,31260739,SPX Index,price,637.1009288580926,644.2866661564472,0.007881900004576892,-7.185737298354525,-0.011153012588669136
RQMC,1024,11,31260739,SPX Index,delta,0.5872170229318604,0.5951256241492728,0.007881900004576892,-0.007908601217412436,-0.013288961013429251
RQMC,1024,11,31260739,SPX Index,vega,2813.4107215097974,2829.6360448038345,0.007881900004576892,-16.225323294037025,-0.005734067221765919
RQMC,1024,11,31260739,SPX Index,gamma,0.00027330647208722306,0.0002810396349131103,0.007881900004576892,-7.733162825887215e-06,-0.027516271248637567
RQMC,1024,11,31260739,NDX Index,price,3347.595934710182,3367.4914742178444,0.007881900004576892,-19.895539507662306,-0.005908118746546604
RQMC,1024,11,31260739,NDX Index,delta,0.5981820970987412,0.6016489211760171,0.007881900004576892,-0.003466824077275943,-0.005762204427292069
RQMC,1024,11,31260739,NDX Index,vega,10746.0273872407,10732.284898910899,0.007881900004576892,13.742488329800835,0.001280481133257598
RQMC,1024,11,31260739,NDX Index,gamma,6.442261990574226e-05,5.2107169399970926e-05,0.007881900004576892,1.2315450505771332e-05,0.2363484842409844
RQMC,1024,11,31260739,RTY Index,price,293.622879414212,292.88192219894063,0.007881900004576892,0.7409572152713508,0.0025298837487417684
RQMC,1024,11,31260739,RTY Index,delta,0.586343948014756,0.5854387475048874,0.007881900004576892,0.0009052005098685312,0.0015461916617689783
RQMC,1024,11,31260739,RTY Index,vega,1133.345126660703,1128.2462808147527,0.007881900004576892,5.098845845950336,0.004519266699703412
RQMC,1024,11,31260739,RTY Index,gamma,0.0006890916899165495,0.0005906533709811822,0.007881900004576892,9.843831893536733e-05,0.16666004762123587
RQMC,1024,12,31260740,SPX Index,price,641.4702883456304,644.2866661564472,0.006980500009376556,-2.816377810816789,-0.004371311651718879
RQMC,1024,12,31260740,SPX Index,delta,0.5877382113946097,0.5951256241492728,0.006980500009376556,-0.007387412754663147,-0.012413198919511141
RQMC,1024,12,31260740,SPX Index,vega,2829.840096564172,2829.6360448038345,0.006980500009376556,0.20405176033773387,7.211236961461587e-05
RQMC,1024,12,31260740,SPX Index,gamma,0.0003090570442483178,0.0002810396349131103,0.006980500009376556,2.801740933520752e-05,0.09969202153237117
RQMC,1024,12,31260740,NDX Index,price,3398.1767323763734,3367.4914742178444,0.006980500009376556,30.685258158528995,0.009112200697005819
RQMC,1024,12,31260740,NDX Index,delta,0.6011697181876253,0.6016489211760171,0.006980500009376556,-0.0004792029883917692,-0.0007964827518598253
RQMC,1024,12,31260740,NDX Index,vega,10851.608920177663,10732.284898910899,0.006980500009376556,119.32402126676425,0.011118230869819076
RQMC,1024,12,31260740,NDX Index,gamma,5.23024454962302e-05,5.2107169399970926e-05,0.006980500009376556,1.9527609625927272e-07,0.0037475859561732724
RQMC,1024,12,31260740,RTY Index,price,291.9091477083327,292.88192219894063,0.006980500009376556,-0.9727744906079465,-0.0033213879617574604
RQMC,1024,12,31260740,RTY Index,delta,0.5776384234581095,0.5854387475048874,0.006980500009376556,-0.0078003240467779955,-0.013323894395481357
RQMC,1024,12,31260740,RTY Index,vega,1134.3261732919707,1128.2462808147527,0.006980500009376556,6.079892477217982,0.005388799042020722
RQMC,1024,12,31260740,RTY Index,gamma,0.0006457805315116019,0.0005906533709811822,0.006980500009376556,5.512716053041966e-05,0.09333250809835127
RQMC,1024,13,31260741,SPX Index,price,642.4908882762987,644.2866661564472,0.008227200014516711,-1.795777880148421,-0.0027872342770358777
RQMC,1024,13,31260741,SPX Index,delta,0.6063637889405399,0.5951256241492728,0.008227200014516711,0.011238164791267047,0.018883684948588646
RQMC,1024,13,31260741,SPX Index,vega,2803.9048156706544,2829.6360448038345,0.008227200014516711,-25.731229133180022,-0.009093476590542883
RQMC,1024,13,31260741,SPX Index,gamma,0.00023810952811865576,0.0002810396349131103,0.008227200014516711,-4.2930106794454516e-05,-0.15275463479636003
RQMC,1024,13,31260741,NDX Index,price,3419.4139836875715,3367.4914742178444,0.008227200014516711,51.922509469727174,0.01541875008957136
RQMC,1024,13,31260741,NDX Index,delta,0.6056247584897045,0.6016489211760171,0.008227200014516711,0.003975837313687447,0.006608234759095138
RQMC,1024,13,31260741,NDX Index,vega,10887.54940574462,10732.284898910899,0.008227200014516711,155.2645068337206,0.01446705042739563
RQMC,1024,13,31260741,NDX Index,gamma,3.417436101700705e-05,5.2107169399970926e-05,0.008227200014516711,-1.7932808382963878e-05,-0.34415241874516184
RQMC,1024,13,31260741,RTY Index,price,293.8162769151922,292.88192219894063,0.008227200014516711,0.934354716251562,0.0031902095876607216
RQMC,1024,13,31260741,RTY Index,delta,0.5857436403308696,0.5854387475048874,0.008227200014516711,0.0003048928259821171,0.0005207937248457777
RQMC,1024,13,31260741,RTY Index,vega,1131.8597785152936,1128.2462808147527,0.008227200014516711,3.6134977005408473,0.0032027561375441833
RQMC,1024,13,31260741,RTY Index,gamma,0.0006790852106896362,0.0005906533709811822,0.008227200014516711,8.843183970845396e-05,0.14971867435811406
RQMC,1024,14,31260742,SPX Index,price,634.7304794119656,644.2866661564472,0.007593599963001907,-9.556186744481579,-0.014832196980716536
RQMC,1024,14,31260742,SPX Index,delta,0.6158242135200874,0.5951256241492728,0.007593599963001907,0.02069858937081459,0.034780201911828366
RQMC,1024,14,31260742,SPX Index,vega,2728.810452249384,2829.6360448038345,0.007593599963001907,-100.8255925544504,-0.03563200035552281
RQMC,1024,14,31260742,SPX Index,gamma,0.0002874965226165905,0.0002810396349131103,0.007593599963001907,6.4568877034802295e-06,0.022975007441482485
RQMC,1024,14,31260742,NDX Index,price,3311.276941979332,3367.4914742178444,0.007593599963001907,-56.21453223851222,-0.016693296083717325
RQMC,1024,14,31260742,NDX Index,delta,0.5960943642316218,0.6016489211760171,0.007593599963001907,-0.005554556944395328,-0.009232222894272089
RQMC,1024,14,31260742,NDX Index,vega,10544.852432355447,10732.284898910899,0.007593599963001907,-187.43246655545227,-0.01746435808599087
RQMC,1024,14,31260742,NDX Index,gamma,6.697819178832185e-05,5.2107169399970926e-05,0.007593599963001907,1.4871022388350919e-05,0.28539301903356157
RQMC,1024,14,31260742,RTY Index,price,288.31605904737137,292.88192219894063,0.007593599963001907,-4.5658631515692605,-0.015589433165724339
RQMC,1024,14,31260742,RTY Index,delta,0.5820467093173537,0.5854387475048874,0.007593599963001907,-0.0033920381875337524,-0.005794010393043611
RQMC,1024,14,31260742,RTY Index,vega,1109.3481455973845,1128.2462808147527,0.007593599963001907,-18.898135217368235,-0.01675000887547453
RQMC,1024,14,31260742,RTY Index,gamma,0.0006576851607658665,0.0005906533709811822,0.007593599963001907,6.703178978468432e-05,0.11348752598047884
RQMC,1024,15,31260743,SPX Index,price,647.4884700549017,644.2866661564472,0.00731469999300316,3.2018038984545,0.0049695330768758
RQMC,1024,15,31260743,SPX Index,delta,0.595240799749866,0.5951256241492728,0.00731469999300316,0.00011517560059315368,0.00019353157706458407
RQMC,1024,15,31260743,SPX Index,vega,2840.770600047656,2829.6360448038345,0.00731469999300316,11.134555243821524,0.00393497787967054
RQMC,1024,15,31260743,SPX Index,gamma,0.0003755250434255347,0.0002810396349131103,0.00731469999300316,9.448540851242441e-05,0.33619958459466653
RQMC,1024,15,31260743,NDX Index,price,3413.8902672301674,3367.4914742178444,0.00731469999300316,46.39879301232304,0.01377844409334397
RQMC,1024,15,31260743,NDX Index,delta,0.5909093844869642,0.6016489211760171,0.00731469999300316,-0.01073953668905292,-0.01785017193758249
RQMC,1024,15,31260743,NDX Index,vega,11016.429732841101,10732.284898910899,0.00731469999300316,284.14483393020237,0.026475707326688382
RQMC,1024,15,31260743,NDX Index,gamma,3.550346656817054e-05,5.2107169399970926e-05,0.00731469999300316,-1.6603702831800385e-05,-0.31864526557471473
RQMC,1024,15,31260743,RTY Index,price,294.23393896930105,292.88192219894063,0.00731469999300316,1.3520167703604216,0.004616252038396762
RQMC,1024,15,31260743,RTY Index,delta,0.5762171890081055,0.5854387475048874,0.00731469999300316,-0.009221558496781967,-0.015751534274223936
RQMC,1024,15,31260743,RTY Index,vega,1142.406513238593,1128.2462808147527,0.00731469999300316,14.160232423840398,0.0125506573029558
RQMC,1024,15,31260743,RTY Index,gamma,0.0006725825321603068,0.0005906533709811822,0.00731469999300316,8.192916117912463e-05,0.13870937711406855
RQMC,4096,0,31460728,SPX Index,price,641.675745747823,644.2866661564472,0.02322139998432249,-2.6109204086241107,-0.004052420367784115
RQMC,4096,0,31460728,SPX Index,delta,0.5964547920623158,0.5951256241492728,0.02322139998432249,0.001329167913042939,0.0022334241025883795
RQMC,4096,0,31460728,SPX Index,vega,2807.665126031178,2829.6360448038345,0.02322139998432249,-21.97091877265666,-0.007764574109452228
RQMC,4096,0,31460728,SPX Index,gamma,0.0002854718641580331,0.0002810396349131103,0.02322139998432249,4.43222924492281e-06,0.015770833342753
RQMC,4096,0,31460728,NDX Index,price,3369.2860312477173,3367.4914742178444,0.02322139998432249,1.7945570298729763,0.0005329061836124743
RQMC,4096,0,31460728,NDX Index,delta,0.6096509576248353,0.6016489211760171,0.02322139998432249,0.00800203644881825,0.013300175845370115
RQMC,4096,0,31460728,NDX Index,vega,10648.544822885799,10732.284898910899,0.02322139998432249,-83.74007602510028,-0.007802632600034512
RQMC,4096,0,31460728,NDX Index,gamma,5.11989508681317e-05,5.2107169399970926e-05,0.02322139998432249,-9.082185318392229e-07,-0.01742981901142628
RQMC,4096,0,31460728,RTY Index,price,292.0592627696471,292.88192219894063,0.02322139998432249,-0.8226594292935374,-0.00280884331513894
RQMC,4096,0,31460728,RTY Index,delta,0.5964854239896568,0.5854387475048874,0.02322139998432249,0.011046676484769313,0.01886905595478559
RQMC,4096,0,31460728,RTY Index,vega,1116.2051790669075,1128.2462808147527,0.02322139998432249,-12.041101747845232,-0.010672405442497769
RQMC,4096,0,31460728,RTY Index,gamma,0.0005734013843865927,0.0005906533709811822,0.02322139998432249,-1.7251986594589474e-05,-0.029208309716290622
RQMC,4096,1,31460729,SPX Index,price,645.9030463027754,644.2866661564472,0.023121600039303303,1.616380146328197,0.0025087903121926536
RQMC,4096,1,31460729,SPX Index,delta,0.5908054303675301,0.5951256241492728,0.023121600039303303,-0.004320193781742754,-0.0072592972079104055
RQMC,4096,1,31460729,SPX Index,vega,2849.5888938451494,2829.6360448038345,0.023121600039303303,19.95284904131495,0.0070513835438147975
RQMC,4096,1,31460729,SPX Index,gamma,0.00030496903493570086,0.0002810396349131103,0.023121600039303303,2.392940002259058e-05,0.08514599739637753
RQMC,4096,1,31460729,NDX Index,price,3395.021945077128,3367.4914742178444,0.023121600039303303,27.53047085928347,0.008175364680226213
RQMC,4096,1,31460729,NDX Index,delta,0.5950600160635785,0.6016489211760171,0.023121600039303303,-0.006588905112438592,-0.01095141182927669
RQMC,4096,1,31460729,NDX Index,vega,10915.192533714655,10732.284898910899,0.023121600039303303,182.90763480375608,0.01704274872746971
RQMC,4096,1,31460729,NDX Index,gamma,4.2521079560803375e-05,5.2107169399970926e-05,0.023121600039303303,-9.586089839167551e-06,-0.18396873116605908
RQMC,4096,1,31460729,RTY Index,price,293.0233794025517,292.88192219894063,0.023121600039303303,0.1414572036110826,0.00048298373129017336
RQMC,4096,1,31460729,RTY Index,delta,0.5856116299132569,0.5854387475048874,0.023121600039303303,0.0001728824083694347,0.00029530400764597736
RQMC,4096,1,31460729,RTY Index,vega,1130.8133837229457,1128.2462808147527,0.023121600039303303,2.5671029081929646,0.0022753036742466856
RQMC,4096,1,31460729,RTY Index,gamma,0.0006915028915245455,0.0005906533709811822,0.023121600039303303,0.00010084952054336327,0.17074230927664724
RQMC,4096,2,31460730,SPX Index,price,643.4326418775001,644.2866661564472,0.023667500005103648,-0.8540242789470085,-0.0013255346165112665
RQMC,4096,2,31460730,SPX Index,delta,0.6031157269158455,0.5951256241492728,0.023667500005103648,0.007990102766572638,0.013425909492629264
RQMC,4096,2,31460730,SPX Index,vega,2802.9390498192347,2829.6360448038345,0.023667500005103648,-26.69699498459977,-0.009434780502469372
RQMC,4096,2,31460730,SPX Index,gamma,0.00025321492450010476,0.0002810396349131103,0.023667500005103648,-2.782471041300552e-05,-0.09900635695605053
RQMC,4096,2,31460730,NDX Index,price,3374.743819434788,3367.4914742178444,0.023667500005103648,7.252345216943468,0.0021536343217106275
RQMC,4096,2,31460730,NDX Index,delta,0.5967486822420038,0.6016489211760171,0.023667500005103648,-0.004900238934013257,-0.008144681659920492
RQMC,4096,2,31460730,NDX Index,vega,10778.847740644584,10732.284898910899,0.023667500005103648,46.56284173368476,0.004338576749710578
RQMC,4096,2,31460730,NDX Index,gamma,4.6389848824170714e-05,5.2107169399970926e-05,0.023667500005103648,-5.7173205758002124e-06,-0.1097223403542508
RQMC,4096,2,31460730,RTY Index,price,292.76414708298825,292.88192219894063,0.023667500005103648,-0.11777511595238366,-0.0004021249077721659
RQMC,4096,2,31460730,RTY Index,delta,0.594430892672372,0.5854387475048874,0.023667500005103648,0.008992145167484589,0.01535966863452187
RQMC,4096,2,31460730,RTY Index,vega,1118.449677190238,1128.2462808147527,0.023667500005103648,-9.796603624514773,-0.008683036488664732
RQMC,4096,2,31460730,RTY Index,gamma,0.0006519751019828671,0.0005906533709811822,0.023667500005103648,6.132173100168489e-05,0.10382016596268365
RQMC,4096,3,31460731,SPX Index,price,644.16087690891,644.2866661564472,0.022729800024535507,-0.12578924753711362,-0.00019523801150118664
RQMC,4096,3,31460731,SPX Index,delta,0.5827013425661857,0.5951256241492728,0.022729800024535507,-0.012424281583087171,-0.02087673774902161
RQMC,4096,3,31460731,SPX Index,vega,2862.080093311987,2829.6360448038345,0.022729800024535507,32.44404850815272,0.011465802666647157
RQMC,4096,3,31460731,SPX Index,gamma,0.0002883387301155541,0.0002810396349131103,0.022729800024535507,7.299095202443801e-06,0.025971764461978752
RQMC,4096,3,31460731,NDX Index,price,3351.88948785967,3367.4914742178444,0.022729800024535507,-15.601986358174145,-0.004633118295213491
RQMC,4096,3,31460731,NDX Index,delta,0.6030698402327991,0.6016489211760171,0.022729800024535507,0.0014209190567819885,0.002361707977477263
RQMC,4096,3,31460731,NDX Index,vega,10711.196019948426,10732.284898910899,0.022729800024535507,-21.088878962473245,-0.001964994328897598
RQMC,4096,3,31460731,NDX Index,gamma,6.090398156938884e-05,5.2107169399970926e-05,0.022729800024535507,8.796812169417916e-06,0.1688215320600935
RQMC,4096,3,31460731,RTY Index,price,293.1058742890422,292.88192219894063,0.022729800024535507,0.22395209010159078,0.000764649755164714
RQMC,4096,3,31460731,RTY Index,delta,0.5783607083832636,0.5854387475048874,0.022729800024535507,-0.007078039121623858,-0.012090144616819658
RQMC,4096,3,31460731,RTY Index,vega,1137.330354790214,1128.2462808147527,0.022729800024535507,9.084073975461251,0.008051499153980167
RQMC,4096,3,31460731,RTY Index,gamma,0.0005581457424718769,0.0005906533709811822,0.022729800024535507,-3.250762850930534e-05,-0.05503672730302764
RQMC,4096,4,31460732,SPX Index,price,642.0507565114059,644.2866661564472,0.02327770000556484,-2.2359096450412608,-0.003470364610181661
RQMC,4096,4,31460732,SPX Index,delta,0.5894205175345473,0.5951256241492728,0.02327770000556484,-0.005705106614725564,-0.00958639047492026
RQMC,4096,4,31460732,SPX Index,vega,2832.3218740542106,2829.6360448038345,0.02327770000556484,2.685829250376173,0.000949178342320123
RQMC,4096,4,31460732,SPX Index,gamma,0.0003033332138930405,0.0002810396349131103,0.02327770000556484,2.229357897993024e-05,0.07932539119196765
RQMC,4096,4,31460732,NDX Index,price,3346.198316673437,3367.4914742178444,0.02327770000556484,-21.293157544407222,-0.006323151137109534
RQMC,4096,4,31460732,NDX Index,delta,0.6016573494941705,0.6016489211760171,0.02327770000556484,8.428318153397285e-06,1.4008698190504216e-05
RQMC,4096,4,31460732,NDX Index,vega,10664.868014092533,10732.284898910899,0.02327770000556484,-67.41688481836536,-0.006281689822193106
RQMC,4096,4,31460732,NDX Index,gamma,5.027013790387296e-05,5.2107169399970926e-05,0.02327770000556484,-1.837031496097969e-06,-0.035254870246300384
RQMC,4096,4,31460732,RTY Index,price,291.01071743601136,292.88192219894063,0.02327770000556484,-1.871204762929267,-0.006388939094910226
RQMC,4096,4,31460732,RTY Index,delta,0.5838935466332177,0.5854387475048874,0.02327770000556484,-0.0015452008716697607,-0.0026393894805482802
RQMC,4096,4,31460732,RTY Index,vega,1119.7895778265395,1128.2462808147527,0.02327770000556484,-8.456702988213237,-0.007495440607263785
RQMC,4096,4,31460732,RTY Index,gamma,0.0006489353011032333,0.0005906533709811822,0.02327770000556484,5.828193012205108e-05,0.09867366036569679
RQMC,4096,5,31460733,SPX Index,price,640.2093186935867,644.2866661564472,0.021870900003705174,-4.077347462860416,-0.006328467865374612
RQMC,4096,5,31460733,SPX Index,delta,0.5967442231965678,0.5951256241492728,0.021870900003705174,0.0016185990472949996,0.0027197603020518123
RQMC,4096,5,31460733,SPX Index,vega,2800.794300569399,2829.6360448038345,0.021870900003705174,-28.841744234435282,-0.0101927399063913
RQMC,4096,5,31460733,SPX Index,gamma,0.0002587132266796995,0.0002810396349131103,0.021870900003705174,-2.2326408233410756e-05,-0.07944220479902583
RQMC,4096,5,31460733,NDX Index,price,3338.200145567247,3367.4914742178444,0.021870900003705174,-29.29132865059728,-0.008698263640712163
RQMC,4096,5,31460733,NDX Index,delta,0.6043031775054635,0.6016489211760171,0.021870900003705174,0.0026542563294463806,0.0044116364810531375
RQMC,4096,5,31460733,NDX Index,vega,10559.875399029348,10732.284898910899,0.021870900003705174,-172.4094998815508,-0.016064566073814044
RQMC,4096,5,31460733,NDX Index,gamma,5.753085383892571e-05,5.2107169399970926e-05,0.021870900003705174,5.423684438954784e-06,0.1040871055060191
RQMC,4096,5,31460733,RTY Index,price,292.70151888146955,292.88192219894063,0.021870900003705174,-0.1804033174710753,-0.000615959210171176
RQMC,4096,5,31460733,RTY Index,delta,0.5913503550914598,0.5854387475048874,0.021870900003705174,0.005911607586572387,0.010097738852727774
RQMC,4096,5,31460733,RTY Index,vega,1120.9774575346767,1128.2462808147527,0.021870900003705174,-7.268823280076049,-0.0064425856337208
RQMC,4096,5,31460733,RTY Index,gamma,0.0005921023384156313,0.0005906533709811822,0.021870900003705174,1.4489674344490963e-06,0.0024531603570501917
RQMC,4096,6,31460734,SPX Index,price,646.3710334433214,644.2866661564472,0.023482799995690584,2.084367286874226,0.003235155089129371
RQMC,4096,6,31460734,SPX Index,delta,0.5864348570278936,0.5951256241492728,0.023482799995690584,-0.008690767121379284,-0.014603248068511019
RQMC,4096,6,31460734,SPX Index,vega,2866.132755567688,2829.6360448038345,0.023482799995690584,36.49671076385357,0.012898022991640156
RQMC,4096,6,31460734,SPX Index,gamma,0.0002852182164837639,0.0002810396349131103,0.023482799995690584,4.178581570653641e-06,0.014868299882134216
RQMC,4096,6,31460734,NDX Index,price,3384.173679362193,3367.4914742178444,0.023482799995690584,16.6822051443487,0.004953896772143549
RQMC,4096,6,31460734,NDX Index,delta,0.6009839287017853,0.6016489211760171,0.023482799995690584,-0.0006649924742317959,-0.0011052832487955997
RQMC,4096,6,31460734,NDX Index,vega,10842.420738318404,10732.284898910899,0.023482799995690584,110.13583940750505,0.01026210545516561
RQMC,4096,6,31460734,NDX Index,gamma,5.054639862958286e-05,5.2107169399970926e-05,0.023482799995690584,-1.5607707703880648e-06,-0.029953090685231804
RQMC,4096,6,31460734,RTY Index,price,292.51938478482117,292.88192219894063,0.023482799995690584,-0.3625374141194584,-0.0012378278980059551
RQMC,4096,6,31460734,RTY Index,delta,0.5878988283393193,0.5854387475048874,0.023482799995690584,0.0024600808344318326,0.004202114815455215
RQMC,4096,6,31460734,RTY Index,vega,1126.88161665447,1128.2462808147527,0.023482799995690584,-1.3646641602827003,-0.0012095445679618998
RQMC,4096,6,31460734,RTY Index,gamma,0.0007206366544409416,0.0005906533709811822,0.023482799995690584,0.00012998328345975943,0.22006694593790882
RQMC,4096,7,31460735,SPX Index,price,646.1172507697098,644.2866661564472,0.02163869998184964,1.8305846132626584,0.0028412579515003523
RQMC,4096,7,31460735,SPX Index,delta,0.5960109236911475,0.5951256241492728,0.02163869998184964,0.0008852995418746623,0.0014875843115311842
RQMC,4096,7,31460735,SPX Index,vega,2833.5472413690336,2829.6360448038345,0.02163869998184964,3.911196565199134,0.0013822260189190795
RQMC,4096,7,31460735,SPX Index,gamma,0.00025227866509595567,0.0002810396349131103,0.02163869998184964,-2.8760969817154605e-05,-0.10233777106224431
RQMC,4096,7,31460735,NDX Index,price,3379.3641873939687,3367.4914742178444,0.02163869998184964,11.872713176124307,0.0035256847024035722
RQMC,4096,7,31460735,NDX Index,delta,0.6001792835506364,0.6016489211760171,0.02163869998184964,-0.0014696376253806598,-0.0024426830559390396
RQMC,4096,7,31460735,NDX Index,vega,10736.960872407115,10732.284898910899,0.02163869998184964,4.675973496216102,0.00043569226313500256
RQMC,4096,7,31460735,NDX Index,gamma,5.318365718907773e-05,5.2107169399970926e-05,0.02163869998184964,1.0764877891068035e-06,0.02065911085754361
RQMC,4096,7,31460735,RTY Index,price,292.6657322272454,292.88192219894063,0.02163869998184964,-0.2161899716952007,-0.000738147203050495
RQMC,4096,7,31460735,RTY Index,delta,0.5903722788008604,0.5854387475048874,0.02163869998184964,0.004933531295972959,0.008427066566740651
RQMC,4096,7,31460735,RTY Index,vega,1119.2045244977517,1128.2462808147527,0.02163869998184964,-9.041756317001045,-0.008013991688473924
RQMC,4096,7,31460735,RTY Index,gamma,0.0005914821005660672,0.0005906533709811822,0.02163869998184964,8.28729584885046e-07,0.0014030726405715355
RQMC,4096,8,31460736,SPX Index,price,644.0108662719822,644.2866661564472,0.02484670002013445,-0.2757998844649592,-0.0004280701416812944
RQMC,4096,8,31460736,SPX Index,delta,0.5922752948988829,0.5951256241492728,0.02484670002013445,-0.0028503292503899713,-0.004789458115611294
RQMC,4096,8,31460736,SPX Index,vega,2834.1253950861865,2829.6360448038345,0.02484670002013445,4.489350282352007,0.0015865468955260048
RQMC,4096,8,31460736,SPX Index,gamma,0.0002902754710766092,0.0002810396349131103,0.02484670002013445,9.235836163498917e-06,0.03286310902856952
RQMC,4096,8,31460736,NDX Index,price,3375.4444887577506,3367.4914742178444,0.02484670002013445,7.953014539906235,0.0023617029473707737
RQMC,4096,8,31460736,NDX Index,delta,0.5973318267842739,0.6016489211760171,0.02484670002013445,-0.004317094391743215,-0.007175437767435496
RQMC,4096,8,31460736,NDX Index,vega,10806.464805784024,10732.284898910899,0.02484670002013445,74.17990687312522,0.006911846598542396
RQMC,4096,8,31460736,NDX Index,gamma,5.4257542454837626e-05,5.2107169399970926e-05,0.02484670002013445,2.1503730548667e-06,0.041268276124549946
RQMC,4096,8,31460736,RTY Index,price,292.43966078313565,292.88192219894063,0.02484670002013445,-0.44226141580497824,-0.0015100331645070647
RQMC,4096,8,31460736,RTY Index,delta,0.5859178602081335,0.5854387475048874,0.02484670002013445,0.00047911270324607624,0.0008183822906974165
RQMC,4096,8,31460736,RTY Index,vega,1123.1234945609622,1128.2462808147527,0.02484670002013445,-5.122786253790537,-0.004540485832659837
RQMC,4096,8,31460736,RTY Index,gamma,0.0005723871382716145,0.0005906533709811822,0.02484670002013445,-1.8266232709567725e-05,-0.030925469331063337
RQMC,4096,9,31460737,SPX Index,price,647.2896838882695,644.2866661564472,0.025089800008572638,3.003017731822297,0.004660996245253813
RQMC,4096,9,31460737,SPX Index,delta,0.5971209324341048,0.5951256241492728,0.025089800008572638,0.0019953082848319648,0.0033527514256914102
RQMC,4096,9,31460737,SPX Index,vega,2842.9937824230233,2829.6360448038345,0.025089800008572638,13.35773761918881,0.004720655733700494
RQMC,4096,9,31460737,SPX Index,gamma,0.0002442277202622022,0.0002810396349131103,0.025089800008572638,-3.6811914650908056e-05,-0.13098477964607835
RQMC,4096,9,31460737,NDX Index,price,3376.4011538844293,3367.4914742178444,0.025089800008572638,8.909679666584907,0.002645791306317807
RQMC,4096,9,31460737,NDX Index,delta,0.6011870176195034,0.6016489211760171,0.025089800008572638,-0.0004619035565136542,-0.0007677293854542137
RQMC,4096,9,31460737,NDX Index,vega,10775.742812541108,10732.284898910899,0.025089800008572638,43.45791363020908,0.004049269474258845
RQMC,4096,9,31460737,NDX Index,gamma,5.707377612134958e-05,5.2107169399970926e-05,0.025089800008572638,4.966606721378656e-06,0.0953152278001389
RQMC,4096,9,31460737,RTY Index,price,294.06747724804455,292.88192219894063,0.025089800008572638,1.1855550491039253,0.004047894251044401
RQMC,4096,9,31460737,RTY Index,delta,0.58987201018365,0.5854387475048874,0.025089800008572638,0.0044332626787625395,0.0075725474230342585
RQMC,4096,9,31460737,RTY Index,vega,1128.2870137597306,1128.2462808147527,0.025089800008572638,0.04073294497788993,3.610288433521359e-05
RQMC,4096,9,31460737,RTY Index,gamma,0.0005114619632909177,0.0005906533709811822,0.025089800008572638,-7.919140769026452e-05,-0.13407424994242095
RQMC,4096,10,31460738,SPX Index,price,637.5495408531843,644.2866661564472,0.0238969000056386,-6.737125303262815,-0.010456720055148387
RQMC,4096,10,31460738,SPX Index,delta,0.6046913019973472,0.5951256241492728,0.0238969000056386,0.009565677848074383,0.016073375872108414
RQMC,4096,10,31460738,SPX Index,vega,2768.7292125877384,2829.6360448038345,0.0238969000056386,-60.90683221609606,-0.021524617036152594
RQMC,4096,10,31460738,SPX Index,gamma,0.0003187251660224032,0.0002810396349131103,0.0238969000056386,3.7685531109292914e-05,0.13409329655919972
RQMC,4096,10,31460738,NDX Index,price,3329.3025829218436,3367.4914742178444,0.0238969000056386,-38.18889129600075,-0.011340456713367255
RQMC,4096,10,31460738,NDX Index,delta,0.6017900798021717,0.6016489211760171,0.0238969000056386,0.00014115862615460273,0.00023461959489378968
RQMC,4096,10,31460738,NDX Index,vega,10551.505132061311,10732.284898910899,0.0238969000056386,-180.77976684958776,-0.016844480793454627
RQMC,4096,10,31460738,NDX Index,gamma,5.2853859515370915e-05,5.2107169399970926e-05,0.0238969000056386,7.466901153999891e-07,0.01432989210502779
RQMC,4096,10,31460738,RTY Index,price,290.2216394143636,292.88192219894063,0.0238969000056386,-2.6602827845770207,-0.00908312389035066
RQMC,4096,10,31460738,RTY Index,delta,0.581741610328474,0.5854387475048874,0.0238969000056386,-0.003697137176413401,-0.006315156268987023
RQMC,4096,10,31460738,RTY Index,vega,1118.2583879549334,1128.2462808147527,0.0238969000056386,-9.98789285981934,-0.00885258212648986
RQMC,4096,10,31460738,RTY Index,gamma,0.0006792404926008708,0.0005906533709811822,0.0238969000056386,8.85871216196886e-05,0.1499815729021056
RQMC,4096,11,31460739,SPX Index,price,643.966625748599,644.2866661564472,0.02608070004498586,-0.32004040784818244,-0.0004967360410505058
RQMC,4096,11,31460739,SPX Index,delta,0.5881552011469834,0.5951256241492728,0.02608070004498586,-0.00697042300228945,-0.011712523741947109
RQMC,4096,11,31460739,SPX Index,vega,2844.540081148936,2829.6360448038345,0.02608070004498586,14.904036345101758,0.005267121322005561
RQMC,4096,11,31460739,SPX Index,gamma,0.0002890691224072709,0.0002810396349131103,0.02608070004498586,8.0294874941606e-06,0.02857065871382553
RQMC,4096,11,31460739,NDX Index,price,3357.8302411895093,3367.4914742178444,0.02608070004498586,-9.661233028335118,-0.0028689703009802275
RQMC,4096,11,31460739,NDX Index,delta,0.6004850403231428,0.6016489211760171,0.02608070004498586,-0.0011638808528743327,-0.0019344850658077227
RQMC,4096,11,31460739,NDX Index,vega,10740.936405972636,10732.284898910899,0.02608070004498586,8.651507061736993,0.000806119772557933
RQMC,4096,11,31460739,NDX Index,gamma,6.172762010981476e-05,5.2107169399970926e-05,0.02608070004498586,9.620450709843836e-06,0.18462815809467484
RQMC,4096,11,31460739,RTY Index,price,293.1868598889092,292.88192219894063,0.02608070004498586,0.3049376899685967,0.0010411625534247457
RQMC,4096,11,31460739,RTY Index,delta,0.5833147430858147,0.5854387475048874,0.02608070004498586,-0.002124004419072789,-0.003628055758395215
RQMC,4096,11,31460739,RTY Index,vega,1129.4105008596484,1128.2462808147527,0.02608070004498586,1.1642200448957283,0.0010318846733135228
RQMC,4096,11,31460739,RTY Index,gamma,0.000558255083552619,0.0005906533709811822,0.02608070004498586,-3.239828742856315e-05,-0.054851608439555215
RQMC,4096,12,31460740,SPX Index,price,646.982946162136,644.2866661564472,0.026005499996244907,2.696280005688891,0.004184907351526927
RQMC,4096,12,31460740,SPX Index,delta,0.5882800397236272,0.5951256241492728,0.026005499996244907,-0.0068455844256456455,-0.011502755297138066
RQMC,4096,12,31460740,SPX Index,vega,2861.518679244841,2829.6360448038345,0.026005499996244907,31.882634441006758,0.011267397621525928
RQMC,4096,12,31460740,SPX Index,gamma,0.00025447129995547364,0.0002810396349131103,0.026005499996244907,-2.656833495763664e-05,-0.09453590048197592
RQMC,4096,12,31460740,NDX Index,price,3380.0863611744385,3367.4914742178444,0.026005499996244907,12.59488695659411,0.0037401392261934324
RQMC,4096,12,31460740,NDX Index,delta,0.5941018184492617,0.6016489211760171,0.026005499996244907,-0.007547102726755406,-0.012544031013973084
RQMC,4096,12,31460740,NDX Index,vega,10881.660465071189,10732.284898910899,0.026005499996244907,149.37556616028996,0.013918337760065281
RQMC,4096,12,31460740,NDX Index,gamma,4.5610966307278564e-05,5.2107169399970926e-05,0.026005499996244907,-6.4962030926923626e-06,-0.12467004382502472
RQMC,4096,12,31460740,RTY Index,price,291.8067725979017,292.88192219894063,0.026005499996244907,-1.075149601038902,-0.0036709319338207717
RQMC,4096,12,31460740,RTY Index,delta,0.584422616006619,0.5854387475048874,0.026005499996244907,-0.0010161314982684022,-0.0017356751711414852
RQMC,4096,12,31460740,RTY Index,vega,1124.258432947799,1128.2462808147527,0.026005499996244907,-3.9878478669536435,-0.003534554409586758
RQMC,4096,12,31460740,RTY Index,gamma,0.000626886446034843,0.0005906533709811822,0.026005499996244907,3.623307505366076e-05,0.061344058687874854
RQMC,4096,13,31460741,SPX Index,price,641.6918658357347,644.2866661564472,0.02230979996966198,-2.5948003207124657,-0.00402740031264653
RQMC,4096,13,31460741,SPX Index,delta,0.592466337487125,0.5951256241492728,0.02230979996966198,-0.002659286662147875,-0.004468445911649836
RQMC,4096,13,31460741,SPX Index,vega,2821.304440227677,2829.6360448038345,0.02230979996966198,-8.331604576157588,-0.0029444085543995037
RQMC,4096,13,31460741,SPX Index,gamma,0.0002541190903759692,0.0002810396349131103,0.02230979996966198,-2.6920544537141066e-05,-0.09578913858703296
RQMC,4096,13,31460741,NDX Index,price,3350.8936015122927,3367.4914742178444,0.02230979996966198,-16.59787270555171,-0.004928853668265586
RQMC,4096,13,31460741,NDX Index,delta,0.6090378338637091,0.6016489211760171,0.02230979996966198,0.00738891268769204,0.012281103526703334
RQMC,4096,13,31460741,NDX Index,vega,10593.481821785857,10732.284898910899,0.02230979996966198,-138.80307712504145,-0.012933227027837012
RQMC,4096,13,31460741,NDX Index,gamma,5.2079322352830884e-05,5.2107169399970926e-05,0.02230979996966198,-2.7847047140041714e-08,-0.000534418727033314
RQMC,4096,13,31460741,RTY Index,price,290.5834301117781,292.88192219894063,0.02230979996966198,-2.298492087162515,-0.007847845540979684
RQMC,4096,13,31460741,RTY Index,delta,0.5839842832714147,0.5854387475048874,0.02230979996966198,-0.0014544642334727298,-0.0024844003572903027
RQMC,4096,13,31460741,RTY Index,vega,1118.0670418835673,1128.2462808147527,0.02230979996966198,-10.17923893118541,-0.00902217813989563
RQMC,4096,13,31460741,RTY Index,gamma,0.0006234726810651767,0.0005906533709811822,0.02230979996966198,3.281931008399452e-05,0.05556441679063932
RQMC,4096,14,31460742,SPX Index,price,643.4634532515184,644.2866661564472,0.02474430005531758,-0.8232129049287096,-0.0012777121554286754
RQMC,4096,14,31460742,SPX Index,delta,0.5961278858975756,0.5951256241492728,0.02474430005531758,0.0010022617483027574,0.001684117953642951
RQMC,4096,14,31460742,SPX Index,vega,2822.5986984449205,2829.6360448038345,0.02474430005531758,-7.037346358913965,-0.0024870146716701974
RQMC,4096,14,31460742,SPX Index,gamma,0.00032682455379582216,0.0002810396349131103,0.02474430005531758,4.5784918882711884e-05,0.1629126756333402
RQMC,4096,14,31460742,NDX Index,price,3368.200305491977,3367.4914742178444,0.02474430005531758,0.7088312741325353,0.0002104923737920296
RQMC,4096,14,31460742,NDX Index,delta,0.6029056216775621,0.6016489211760171,0.02474430005531758,0.0012567005015450272,0.002088760500207678
RQMC,4096,14,31460742,NDX Index,vega,10746.508551825627,10732.284898910899,0.02474430005531758,14.223652914728518,0.00132531451118782
RQMC,4096,14,31460742,NDX Index,gamma,5.161546174650348e-05,5.2107169399970926e-05,0.02474430005531758,-4.917076534674466e-07,-0.009436468323449574
RQMC,4096,14,31460742,RTY Index,price,292.7462189516481,292.88192219894063,0.02474430005531758,-0.1357032472925539,-0.0004633377378627596
RQMC,4096,14,31460742,RTY Index,delta,0.5860375126543874,0.5854387475048874,0.02474430005531758,0.0005987651494999691,0.001022763102121064
RQMC,4096,14,31460742,RTY Index,vega,1126.1862697718668,1128.2462808147527,0.02474430005531758,-2.0600110428858898,-0.001825852278811211
RQMC,4096,14,31460742,RTY Index,gamma,0.0007178093702344562,0.0005906533709811822,0.02474430005531758,0.00012715599925327398,0.21528023964723142
RQMC,4096,15,31460743,SPX Index,price,647.1800312364203,644.2866661564472,0.028793999983463436,2.8933650799731367,0.0044908039106781135
RQMC,4096,15,31460743,SPX Index,delta,0.6005668145922158,0.5951256241492728,0.028793999983463436,0.005441190442943,0.00914292751336516
RQMC,4096,15,31460743,SPX Index,vega,2833.848428815357,2829.6360448038345,0.028793999983463436,4.2123840115223175,0.0014886663672728068
RQMC,4096,15,31460743,SPX Index,gamma,0.0002728304943004804,0.0002810396349131103,0.028793999983463436,-8.2091406126299e-06,-0.02920990348983317
RQMC,4096,15,31460743,NDX Index,price,3372.563897475213,3367.4914742178444,0.028793999983463436,5.072423257368428,0.0015062913436318594
RQMC,4096,15,31460743,NDX Index,delta,0.6031437012824415,0.6016489211760171,0.028793999983463436,0.0014947801064244537,0.0024844723456042632
RQMC,4096,15,31460743,NDX Index,vega,10740.265492225997,10732.284898910899,0.028793999983463436,7.980593315098304,0.0007436061742926864
RQMC,4096,15,31460743,NDX Index,gamma,5.21620544111962e-05,5.2107169399970926e-05,0.028793999983463436,5.4885011225271e-08,0.0010533101655163333
RQMC,4096,15,31460743,RTY Index,price,292.5398281439656,292.88192219894063,0.028793999983463436,-0.3420940549750071,-0.0011680272118080373
RQMC,4096,15,31460743,RTY Index,delta,0.5923792588444866,0.5854387475048874,0.028793999983463436,0.006940511339599165,0.011855230575665343
RQMC,4096,15,31460743,RTY Index,vega,1121.119136654713,1128.2462808147527,0.028793999983463436,-7.127144160039734,-0.006317010994171354
RQMC,4096,15,31460743,RTY Index,gamma,0.0005137838976288123,0.0005906533709811822,0.028793999983463436,-7.686947335236991e-05,-0.13014312137874673
RQMC,16384,0,31660728,SPX Index,price,643.3565388644331,644.2866661564472,0.07787760003702715,-0.9301272920140491,-0.001443654417936058
RQMC,16384,0,31660728,SPX Index,delta,0.5953681553915886,0.5951256241492728,0.07787760003702715,0.00024253124231576884,0.00040752949037014706
RQMC,16384,0,31660728,SPX Index,vega,2826.4682034834236,2829.6360448038345,0.07787760003702715,-3.1678413204108438,-0.00111952253584982
RQMC,16384,0,31660728,SPX Index,gamma,0.00030689810867233345,0.0002810396349131103,0.07787760003702715,2.5858473759223172e-05,0.09201006031486592
RQMC,16384,0,31660728,NDX Index,price,3372.333835463822,3367.4914742178444,0.07787760003702715,4.842361245977827,0.0014379728302363543
RQMC,16384,0,31660728,NDX Index,delta,0.6002432707634134,0.6016489211760171,0.07787760003702715,-0.001405650412603654,-0.00233632998103959
RQMC,16384,0,31660728,NDX Index,vega,10782.5220046256,10732.284898910899,0.07787760003702715,50.2371057147011,0.004680932922289373
RQMC,16384,0,31660728,NDX Index,gamma,4.94315156430947e-05,5.2107169399970926e-05,0.07787760003702715,-2.6756537568762277e-06,-0.05134905211100798
RQMC,16384,0,31660728,RTY Index,price,292.4086846957146,292.88192219894063,0.07787760003702715,-0.47323750322601654,-0.001615796221470334
RQMC,16384,0,31660728,RTY Index,delta,0.5871161568916685,0.5854387475048874,0.07787760003702715,0.0016774093867810702,0.002865217572171488
RQMC,16384,0,31660728,RTY Index,vega,1125.8767298410019,1128.2462808147527,0.07787760003702715,-2.3695509737508473,-0.002100207210113467
RQMC,16384,0,31660728,RTY Index,gamma,0.0006370299903046228,0.0005906533709811822,0.07787760003702715,4.637661932344061e-05,0.07851748860147983
RQMC,16384,1,31660729,SPX Index,price,644.7407290760766,644.2866661564472,0.08350870001595467,0.45406291962945033,0.0007047529360466289
RQMC,16384,1,31660729,SPX Index,delta,0.5958310104046046,0.5951256241492728,0.08350870001595467,0.0007053862553317858,0.0011852728679598188
RQMC,16384,1,31660729,SPX Index,vega,2830.23180692666,2829.6360448038345,0.08350870001595467,0.5957621228253629,0.00021054372837785374
RQMC,16384,1,31660729,SPX Index,gamma,0.0002776794831849024,0.0002810396349131103,0.08350870001595467,-3.3601517282079007e-06,-0.011956148922719626
RQMC,16384,1,31660729,NDX Index,price,3355.967730162347,3367.4914742178444,0.08350870001595467,-11.523744055497446,-0.003422055896421839
RQMC,16384,1,31660729,NDX Index,delta,0.5995620200600283,0.6016489211760171,0.08350870001595467,-0.0020869011159887485,-0.003468636014354639
RQMC,16384,1,31660729,NDX Index,vega,10700.416542669647,10732.284898910899,0.08350870001595467,-31.868356241251604,-0.0029693915639982284
RQMC,16384,1,31660729,NDX Index,gamma,5.3400211838654186e-05,5.2107169399970926e-05,0.08350870001595467,1.2930424386832601e-06,0.024815058149828834
RQMC,16384,1,31660729,RTY Index,price,292.3383498522934,292.88192219894063,0.08350870001595467,-0.5435723466472382,-0.0018559436600460973
RQMC,16384,1,31660729,RTY Index,delta,0.5847678588559457,0.5854387475048874,0.08350870001595467,-0.0006708886489417143,-0.0011459587391524908
RQMC,16384,1,31660729,RTY Index,vega,1126.1285378874568,1128.2462808147527,0.08350870001595467,-2.1177429272959216,-0.0018770218553404961
RQMC,16384,1,31660729,RTY Index,gamma,0.0005685508631020594,0.0005906533709811822,0.08350870001595467,-2.2102507879122844e-05,-0.03742043805219731
RQMC,16384,2,31660730,SPX Index,price,644.8505344533929,644.2866661564472,0.08512649999465793,0.5638682969457705,0.0008751823164517433
RQMC,16384,2,31660730,SPX Index,delta,0.5927200330535252,0.5951256241492728,0.08512649999465793,-0.0024055910957476723,-0.004042156812162885
RQMC,16384,2,31660730,SPX Index,vega,2839.9621998113116,2829.6360448038345,0.08512649999465793,10.326155007477155,0.0036492873443704733
RQMC,16384,2,31660730,SPX Index,gamma,0.0002761629858576443,0.0002810396349131103,0.08512649999465793,-4.876649055465961e-06,-0.01735217545729337
RQMC,16384,2,31660730,NDX Index,price,3379.1051706472003,3367.4914742178444,0.08512649999465793,11.613696429355969,0.0034487678790793203
RQMC,16384,2,31660730,NDX Index,delta,0.5991220679902863,0.6016489211760171,0.08512649999465793,-0.0025268531857307597,-0.004199879858159854
RQMC,16384,2,31660730,NDX Index,vega,10804.077658375476,10732.284898910899,0.08512649999465793,71.7927594645771,0.006689419833782325
RQMC,16384,2,31660730,NDX Index,gamma,4.952909127951688e-05,5.2107169399970926e-05,0.08512649999465793,-2.578078120454043e-06,-0.049476456889548125
RQMC,16384,2,31660730,RTY Index,price,292.4858119764869,292.88192219894063,0.08512649999465793,-0.3961102224537285,-0.0013524570566860383
RQMC,16384,2,31660730,RTY Index,delta,0.5846827631961711,0.5854387475048874,0.08512649999465793,-0.0007559843087163731,-0.001291312390815167
RQMC,16384,2,31660730,RTY Index,vega,1128.261068028054,1128.2462808147527,0.08512649999465793,0.01478721330136068,1.3106370083207568e-05
RQMC,16384,2,31660730,RTY Index,gamma,0.0005643897379354632,0.0005906533709811822,0.08512649999465793,-2.6263633045719038e-05,-0.04446539093155498
RQMC,16384,3,31660731,SPX Index,price,643.7589006233121,644.2866661564472,0.08710300002712756,-0.5277655331350388,-0.0008191470673814715
RQMC,16384,3,31660731,SPX Index,delta,0.5938724625589855,0.5951256241492728,0.08710300002712756,-0.0012531615902873217,-0.0021057093484736196
RQMC,16384,3,31660731,SPX Index,vega,2829.772398804526,2829.6360448038345,0.08710300002712756,0.13635400069142634,4.8187822932853234e-05
RQMC,16384,3,31660731,SPX Index,gamma,0.00028407372498522846,0.0002810396349131103,0.08710300002712756,3.0340900721181788e-06,0.010795950802655418
RQMC,16384,3,31660731,NDX Index,price,3369.3214323301027,3367.4914742178444,0.08710300002712756,1.8299581122582822,0.0005434187810923324
RQMC,16384,3,31660731,NDX Index,delta,0.5998505722562583,0.6016489211760171,0.08710300002712756,-0.0017983489197588298,-0.0029890337312392665
RQMC,16384,3,31660731,NDX Index,vega,10744.500847971314,10732.284898910899,0.08710300002712756,12.215949060415369,0.0011382430838800255
RQMC,16384,3,31660731,NDX Index,gamma,4.9684087206739775e-05,5.2107169399970926e-05,0.08710300002712756,-2.423082193231151e-06,-0.046501896401851046
RQMC,16384,3,31660731,RTY Index,price,293.00635093820557,292.88192219894063,0.08710300002712756,0.12442873926494258,0.0004248426749276253
RQMC,16384,3,31660731,RTY Index,delta,0.5855737570093693,0.5854387475048874,0.08710300002712756,0.00013500950448186444,0.00023061251934086807
RQMC,16384,3,31660731,RTY Index,vega,1128.6208773004792,1128.2462808147527,0.08710300002712756,0.37459648572644255,0.0003320165925616268
RQMC,16384,3,31660731,RTY Index,gamma,0.0005856065578086282,0.0005906533709811822,0.08710300002712756,-5.046813172554011e-06,-0.008544458426048328
RQMC,16384,4,31660732,SPX Index,price,641.8002789245477,644.2866661564472,0.08621420001145452,-2.486387231899471,-0.0038591319089874205
RQMC,16384,4,31660732,SPX Index,delta,0.5926146055109829,0.5951256241492728,0.08621420001145452,-0.0025110186382899524,-0.0042193085567092375
RQMC,16384,4,31660732,SPX Index,vega,2823.0297813600873,2829.6360448038345,0.08621420001145452,-6.606263443747139,-0.002334668960652542
RQMC,16384,4,31660732,SPX Index,gamma,0.0002867841976651585,0.0002810396349131103,0.08621420001145452,5.744562752048213e-06,0.020440400706556117
RQMC,16384,4,31660732,NDX Index,price,3356.463587332919,3367.4914742178444,0.08621420001145452,-11.027886884925465,-0.0032748076630206985
RQMC,16384,4,31660732,NDX Index,delta,0.6050108182448674,0.6016489211760171,0.08621420001145452,0.0033618970688502614,0.005587805363764148
RQMC,16384,4,31660732,NDX Index,vega,10666.423467372731,10732.284898910899,0.08621420001145452,-65.86143153816738,-0.006136757657714708
RQMC,16384,4,31660732,NDX Index,gamma,5.090659495824685e-05,5.2107169399970926e-05,0.08621420001145452,-1.2005744417240759e-06,-0.02304048474613065
RQMC,16384,4,31660732,RTY Index,price,291.97200759010053,292.88192219894063,0.08621420001145452,-0.9099146088400971,-0.0031067626230001175
RQMC,16384,4,31660732,RTY Index,delta,0.5846582841869162,0.5854387475048874,0.08621420001145452,-0.0007804633179712139,-0.0013331254914327282
RQMC,16384,4,31660732,RTY Index,vega,1124.7472072001415,1128.2462808147527,0.08621420001145452,-3.499073614611234,-0.0031013384879801332
RQMC,16384,4,31660732,RTY Index,gamma,0.0006134492935636383,0.0005906533709811822,0.08621420001145452,2.279592258245611e-05,0.03859441713604031
RQMC,16384,5,31660733,SPX Index,price,644.8530113776961,644.2866661564472,0.0892889000242576,0.5663452212489801,0.0008790267609099625
RQMC,16384,5,31660733,SPX Index,delta,0.5961281618118417,0.5951256241492728,0.0892889000242576,0.0010025376625688587,0.0016845815772123373
RQMC,16384,5,31660733,SPX Index,vega,2829.503744639065,2829.6360448038345,0.0892889000242576,-0.1323001647692763,-4.6755187831390546e-05
RQMC,16384,5,31660733,SPX Index,gamma,0.0002645306600243079,0.0002810396349131103,0.0892889000242576,-1.6508974888802374e-05,-0.05874251471293896
RQMC,16384,5,31660733,NDX Index,price,3366.790112028797,3367.4914742178444,0.0892889000242576,-0.7013621890473587,-0.0002082743770599335
RQMC,16384,5,31660733,NDX Index,delta,0.601042531380774,0.6016489211760171,0.0892889000242576,-0.0006063897952430786,-0.0010078798014925294
RQMC,16384,5,31660733,NDX Index,vega,10724.361159658685,10732.284898910899,0.0892889000242576,-7.923739252213636,-0.000738308694453101
RQMC,16384,5,31660733,NDX Index,gamma,5.160394457897787e-05,5.2107169399970926e-05,0.0892889000242576,-5.032248209930584e-07,-0.009657496785717536
RQMC,16384,5,31660733,RTY Index,price,292.13438548646053,292.88192219894063,0.0892889000242576,-0.7475367124800982,-0.002552348423786745
RQMC,16384,5,31660733,RTY Index,delta,0.5863604101526784,0.5854387475048874,0.0892889000242576,0.0009216626477909218,0.0015743109791058498
RQMC,16384,5,31660733,RTY Index,vega,1124.6343500377382,1128.2462808147527,0.0892889000242576,-3.6119307770145497,-0.0032013673241681126
RQMC,16384,5,31660733,RTY Index,gamma,0.0005767936133735759,0.0005906533709811822,0.0892889000242576,-1.3859757607606279e-05,-0.023465129107081387
RQMC,16384,6,31660734,SPX Index,price,644.214755942324,644.2866661564472,0.07930109999142587,-0.07191021412313603,-0.00011161214083805768
RQMC,16384,6,31660734,SPX Index,delta,0.5917497464824751,0.5951256241492728,0.07930109999142587,-0.0033758776667976997,-0.005672546315953861
RQMC,16384,6,31660734,SPX Index,vega,2836.9222834291036,2829.6360448038345,0.07930109999142587,7.286238625269107,0.002574973781044773
RQMC,16384,6,31660734,SPX Index,gamma,0.0002910993436668663,0.0002810396349131103,0.07930109999142587,1.0059708753756022e-05,0.035794626465644984
RQMC,16384,6,31660734,NDX Index,price,3371.7257700210967,3367.4914742178444,0.07930109999142587,4.23429580325228,0.0012574035704829114
RQMC,16384,6,31660734,NDX Index,delta,0.601163007734623,0.6016489211760171,0.07930109999142587,-0.00048591344139414794,-0.0008076361883012338
RQMC,16384,6,31660734,NDX Index,vega,10746.46000093258,10732.284898910899,0.07930109999142587,14.175102021681596,0.0013207906941717575
RQMC,16384,6,31660734,NDX Index,gamma,5.299387294901751e-05,5.2107169399970926e-05,0.07930109999142587,8.867035490465813e-07,0.017016920305923892
RQMC,16384,6,31660734,RTY Index,price,293.4125451399367,292.88192219894063,0.07930109999142587,0.5306229409960679,0.0018117299183649893
RQMC,16384,6,31660734,RTY Index,delta,0.5841011129489649,0.5854387475048874,0.07930109999142587,-0.0013376345559225067,-0.002284841175312435
RQMC,16384,6,31660734,RTY Index,vega,1131.7552666306042,1128.2462808147527,0.07930109999142587,3.5089858158514744,0.003110123982254559
RQMC,16384,6,31660734,RTY Index,gamma,0.0006083426645841856,0.0005906533709811822,0.07930109999142587,1.768929360300344e-05,0.029948688134325416
RQMC,16384,7,31660735,SPX Index,price,643.7637989927674,644.2866661564472,0.08504389994777739,-0.5228671636797344,-0.0008115442878849997
RQMC,16384,7,31660735,SPX Index,delta,0.5937247509611777,0.5951256241492728,0.08504389994777739,-0.0014008731880951197,-0.0023539117309856325
RQMC,16384,7,31660735,SPX Index,vega,2828.9127000215112,2829.6360448038345,0.08504389994777739,-0.7233447823232382,-0.00025563173880667196
RQMC,16384,7,31660735,SPX Index,gamma,0.0002954845824196584,0.0002810396349131103,0.08504389994777739,1.4444947506548115e-05,0.05139825744156726
RQMC,16384,7,31660735,NDX Index,price,3372.165174420558,3367.4914742178444,0.08504389994777739,4.673700202713462,0.0013878877611112606
RQMC,16384,7,31660735,NDX Index,delta,0.6048315782051381,0.6016489211760171,0.08504389994777739,0.0031826570291210166,0.005289890693895062
RQMC,16384,7,31660735,NDX Index,vega,10710.910783240948,10732.284898910899,0.08504389994777739,-21.374115669950697,-0.00199157177351113
RQMC,16384,7,31660735,NDX Index,gamma,5.2933062116595385e-05,5.2107169399970926e-05,0.08504389994777739,8.258927166244592e-07,0.01584988641937092
RQMC,16384,7,31660735,RTY Index,price,292.2767056877002,292.88192219894063,0.08504389994777739,-0.6052165112404282,-0.0020664181206422622
RQMC,16384,7,31660735,RTY Index,delta,0.5852708161772269,0.5854387475048874,0.08504389994777739,-0.0001679313276605754,-0.0002868469645651075
RQMC,16384,7,31660735,RTY Index,vega,1125.2868291931318,1128.2462808147527,0.08504389994777739,-2.9594516216209286,-0.0026230546219782685
RQMC,16384,7,31660735,RTY Index,gamma,0.0005725543878415366,0.0005906533709811822,0.08504389994777739,-1.809898313964557e-05,-0.030642309057814874
RQMC,16384,8,31660736,SPX Index,price,642.6685965225829,644.2866661564472,0.07519169995794073,-1.618069633864252,-0.0025114125727868915
RQMC,16384,8,31660736,SPX Index,delta,0.593365323432921,0.5951256241492728,0.07519169995794073,-0.0017603007163518036,-0.002957864096119435
RQMC,16384,8,31660736,SPX Index,vega,2827.1354490057356,2829.6360448038345,0.07519169995794073,-2.500595798098857,-0.0008837164068116794
RQMC,16384,8,31660736,SPX Index,gamma,0.00028491314671528405,0.0002810396349131103,0.07519169995794073,3.87351180217377e-06,0.013782795452930877
RQMC,16384,8,31660736,NDX Index,price,3364.843326458505,3367.4914742178444,0.07519169995794073,-2.648147759339281,-0.0007863858838586539
RQMC,16384,8,31660736,NDX Index,delta,0.5998152675276318,0.6016489211760171,0.07519169995794073,-0.0018336536483852806,-0.003047713681263015
RQMC,16384,8,31660736,NDX Index,vega,10745.666388658203,10732.284898910899,0.07519169995794073,13.381489747303931,0.0012468444393105768
RQMC,16384,8,31660736,NDX Index,gamma,5.1257538116822065e-05,5.2107169399970926e-05,0.07519169995794073,-8.496312831488613e-07,-0.016305458402991573
RQMC,16384,8,31660736,RTY Index,price,292.9978146777732,292.88192219894063,0.07519169995794073,0.11589247883256348,0.00039569693466380383
RQMC,16384,8,31660736,RTY Index,delta,0.5840888069213669,0.5854387475048874,0.07519169995794073,-0.0013499405835205591,-0.002305861354879469
RQMC,16384,8,31660736,RTY Index,vega,1130.9436043968728,1128.2462808147527,0.07519169995794073,2.6973235821201342,0.0023907223342870556
RQMC,16384,8,31660736,RTY Index,gamma,0.000605490455491879,0.0005906533709811822,0.07519169995794073,1.4837084510696801e-05,0.025119783005808832
RQMC,16384,9,31660737,SPX Index,price,642.2085494848322,644.2866661564472,0.07980570005020127,-2.0781166716149073,-0.003225453483326154
RQMC,16384,9,31660737,SPX Index,delta,0.5936575831261531,0.5951256241492728,0.07980570005020127,-0.0014680410231197039,-0.0024667750195066064
RQMC,16384,9,31660737,SPX Index,vega,2822.2583273761065,2829.6360448038345,0.07980570005020127,-7.37771742772793,-0.002607302603907632
RQMC,16384,9,31660737,SPX Index,gamma,0.000302806318877491,0.0002810396349131103,0.07980570005020127,2.1766683964380732e-05,0.07745058440283838
RQMC,16384,9,31660737,NDX Index,price,3359.1732112042223,3367.4914742178444,0.07980570005020127,-8.318263013622072,-0.002470166020406667
RQMC,16384,9,31660737,NDX Index,delta,0.6009240218112168,0.6016489211760171,0.07980570005020127,-0.0007248993648002466,-0.0012048544247088772
RQMC,16384,9,31660737,NDX Index,vega,10728.974845797127,10732.284898910899,0.07980570005020127,-3.3100531137715734,-0.00030842016820737533
RQMC,16384,9,31660737,NDX Index,gamma,5.323647351396472e-05,5.2107169399970926e-05,0.07980570005020127,1.1293041139937961e-06,0.021672720414446966
RQMC,16384,9,31660737,RTY Index,price,293.061985230826,292.88192219894063,0.07980570005020127,0.18006303188536776,0.0006147973576978219
RQMC,16384,9,31660737,RTY Index,delta,0.5827722031930734,0.5854387475048874,0.07980570005020127,-0.002666544311814012,-0.004554779339732294
RQMC,16384,9,31660737,RTY Index,vega,1131.7261707612645,1128.2462808147527,0.07980570005020127,3.4798899465117756,0.0030843354023722598
RQMC,16384,9,31660737,RTY Index,gamma,0.0005904805830830512,0.0005906533709811822,0.07980570005020127,-1.7278789813095913e-07,-0.00029253688647188644
RQMC,16384,10,31660738,SPX Index,price,643.6306321443626,644.2866661564472,0.07882559997960925,-0.6560340120845467,-0.0010182331042145874
RQMC,16384,10,31660738,SPX Index,delta,0.5982847723887111,0.5951256241492728,0.07882559997960925,0.003159148239438303,0.005308372066745201
RQMC,16384,10,31660738,SPX Index,vega,2818.167881194528,2829.6360448038345,0.07882559997960925,-11.46816360930643,-0.004052875856725759
RQMC,16384,10,31660738,SPX Index,gamma,0.00027056233854856615,0.0002810396349131103,0.07882559997960925,-1.0477296364544127e-05,-0.03728049379150175
RQMC,16384,10,31660738,NDX Index,price,3368.821149379767,3367.4914742178444,0.07882559997960925,1.3296751619227507,0.0003948562816277329
RQMC,16384,10,31660738,NDX Index,delta,0.6029905974499248,0.6016489211760171,0.07882559997960925,0.0013416762739076882,0.002229998636555637
RQMC,16384,10,31660738,NDX Index,vega,10713.337864505193,10732.284898910899,0.07882559997960925,-18.94703440570629,-0.00176542409973006
RQMC,16384,10,31660738,NDX Index,gamma,5.003760912050952e-05,5.2107169399970926e-05,0.07882559997960925,-2.069560279461406e-06,-0.039717380607946835
RQMC,16384,10,31660738,RTY Index,price,291.9113374823055,292.88192219894063,0.07882559997960925,-0.9705847166351305,-0.0033139113173938366
RQMC,16384,10,31660738,RTY Index,delta,0.5861110690575059,0.5854387475048874,0.07882559997960925,0.0006723215526184267,0.0011484063114780662
RQMC,16384,10,31660738,RTY Index,vega,1123.349232768859,1128.2462808147527,0.07882559997960925,-4.897048045893598,-0.004340406991953246
RQMC,16384,10,31660738,RTY Index,gamma,0.0006501353196916018,0.0005906533709811822,0.07882559997960925,5.9481948710419586e-05,0.10070534027700426
RQMC,16384,11,31660739,SPX Index,price,642.9865825641137,644.2866661564472,0.0835431000450626,-1.300083592333408,-0.0020178651221965825
RQMC,16384,11,31660739,SPX Index,delta,0.5921289155803378,0.5951256241492728,0.0835431000450626,-0.0029967085689350803,-0.005035421845965464
RQMC,16384,11,31660739,SPX Index,vega,2830.194304286515,2829.6360448038345,0.0835431000450626,0.5582594826805689,0.0001972902075889659
RQMC,16384,11,31660739,SPX Index,gamma,0.0003026031276216157,0.0002810396349131103,0.0835431000450626,2.1563492708505448e-05,0.07672758582671901
RQMC,16384,11,31660739,NDX Index,price,3366.7932856165785,3367.4914742178444,0.0835431000450626,-0.6981886012658833,-0.00020733195810927751
RQMC,16384,11,31660739,NDX Index,delta,0.5989978721406508,0.6016489211760171,0.0835431000450626,-0.002651049035366282,-0.004406305641144326
RQMC,16384,11,31660739,NDX Index,vega,10764.400385615598,10732.284898910899,0.0835431000450626,32.115486704698924,0.0029924183906036607
RQMC,16384,11,31660739,NDX Index,gamma,5.0480103011738914e-05,5.2107169399970926e-05,0.0835431000450626,-1.6270663882320122e-06,-0.03122538427951759
RQMC,16384,11,31660739,RTY Index,price,292.6450621856501,292.88192219894063,0.0835431000450626,-0.23686001329053852,-0.0008087218613979558
RQMC,16384,11,31660739,RTY Index,delta,0.5837185087426833,0.5854387475048874,0.0835431000450626,-0.0017202387622041737,-0.002938375311739701
RQMC,16384,11,31660739,RTY Index,vega,1128.7680157250586,1128.2462808147527,0.0835431000450626,0.521734910305895,0.00046242998463875187
RQMC,16384,11,31660739,RTY Index,gamma,0.0006083732990774532,0.0005906533709811822,0.0835431000450626,1.7719928096270976e-05,0.030000553568051203
RQMC,16384,12,31660740,SPX Index,price,643.9284372360034,644.2866661564472,0.08697790000587702,-0.35822892044370747,-0.0005560085894385428
RQMC,16384,12,31660740,SPX Index,delta,0.5941074236563297,0.5951256241492728,0.08697790000587702,-0.0010182004929430999,-0.001710900105164534
RQMC,16384,12,31660740,SPX Index,vega,2828.0991682286763,2829.6360448038345,0.08697790000587702,-1.5368765751582032,-0.0005431357781791148
RQMC,16384,12,31660740,SPX Index,gamma,0.00028765136931009405,0.0002810396349131103,0.08697790000587702,6.6117343969837724e-06,0.023525985575052213
RQMC,16384,12,31660740,NDX Index,price,3361.6072169158274,3367.4914742178444,0.08697790000587702,-5.884257302016977,-0.0017473711060793978
RQMC,16384,12,31660740,NDX Index,delta,0.6029480628794911,0.6016489211760171,0.08697790000587702,0.001299141703474005,0.002159301974537956
RQMC,16384,12,31660740,NDX Index,vega,10683.732053945054,10732.284898910899,0.08697790000587702,-48.552844965845,-0.004523998889628069
RQMC,16384,12,31660740,NDX Index,gamma,5.1785307794265274e-05,5.2107169399970926e-05,0.08697790000587702,-3.218616057056519e-07,-0.006176915948649314
RQMC,16384,12,31660740,RTY Index,price,292.7068771847307,292.88192219894063,0.08697790000587702,-0.17504501420995666,-0.0005976641128811528
RQMC,16384,12,31660740,RTY Index,delta,0.5865504511453666,0.5854387475048874,0.08697790000587702,0.0011117036404791891,0.0018989239185435163
RQMC,16384,12,31660740,RTY Index,vega,1125.7859171025175,1128.2462808147527,0.08697790000587702,-2.460363712235221,-0.002180697383250838
RQMC,16384,12,31660740,RTY Index,gamma,0.0005910780516223688,0.0005906533709811822,0.08697790000587702,4.2468064118659533e-07,0.0007190014686297716
RQMC,16384,13,31660741,SPX Index,price,644.9175307703111,644.2866661564472,0.07286720001138747,0.6308646138639915,0.0009791675771089192
RQMC,16384,13,31660741,SPX Index,delta,0.5926556527777059,0.5951256241492728,0.07286720001138747,-0.0024699713715669036,-0.004150336116173299
RQMC,16384,13,31660741,SPX Index,vega,2839.6604742650293,2829.6360448038345,0.07286720001138747,10.024429461194813,0.003542656830231946
RQMC,16384,13,31660741,SPX Index,gamma,0.00029069199559045105,0.0002810396349131103,0.07286720001138747,9.652360677340772e-06,0.03434519362482454
RQMC,16384,13,31660741,NDX Index,price,3372.871844531777,3367.4914742178444,0.07286720001138747,5.380370313932417,0.0015977383625543097
RQMC,16384,13,31660741,NDX Index,delta,0.6044287730613929,0.6016489211760171,0.07286720001138747,0.0027798518853757725,0.00462038871430554
RQMC,16384,13,31660741,NDX Index,vega,10727.563352719466,10732.284898910899,0.07286720001138747,-4.721546191432935,-0.0004399385811973807
RQMC,16384,13,31660741,NDX Index,gamma,4.93465427731693e-05,5.2107169399970926e-05,0.07286720001138747,-2.7606266268016296e-06,-0.052979784904669376
RQMC,16384,13,31660741,RTY Index,price,293.68535162618775,292.88192219894063,0.07286720001138747,0.8034294272471243,0.0027431854489857973
RQMC,16384,13,31660741,RTY Index,delta,0.5864446188703822,0.5854387475048874,0.07286720001138747,0.0010058713654947926,0.001718149626723153
RQMC,16384,13,31660741,RTY Index,vega,1131.0702088242174,1128.2462808147527,0.07286720001138747,2.82392800946468,0.0025029358017696333
RQMC,16384,13,31660741,RTY Index,gamma,0.0006202519420432677,0.0005906533709811822,0.07286720001138747,2.959857106208546e-05,0.05011157561484306
RQMC,16384,14,31660742,SPX Index,price,645.1916084151022,644.2866661564472,0.08799929998349398,0.904942258655069,0.0014045646234673572
RQMC,16384,14,31660742,SPX Index,delta,0.5974549150022103,0.5951256241492728,0.08799929998349398,0.0023292908529374268,0.003913948179037206
RQMC,16384,14,31660742,SPX Index,vega,2829.0203847761177,2829.6360448038345,0.08799929998349398,-0.6156600277167854,-0.00021757569453051913
RQMC,16384,14,31660742,SPX Index,gamma,0.0002780421663782845,0.0002810396349131103,0.08799929998349398,-2.997468534825763e-06,-0.010665643426958258
RQMC,16384,14,31660742,NDX Index,price,3364.4896613946958,3367.4914742178444,0.08799929998349398,-3.0018128231486116,-0.000891409182808943
RQMC,16384,14,31660742,NDX Index,delta,0.6028046155013587,0.6016489211760171,0.08799929998349398,0.001155694325341572,0.0019208782475377605
RQMC,16384,14,31660742,NDX Index,vega,10710.31200442065,10732.284898910899,0.08799929998349398,-21.97289449024902,-0.0020473640699268806
RQMC,16384,14,31660742,NDX Index,gamma,5.312083696122224e-05,5.2107169399970926e-05,0.08799929998349398,1.0136675612513118e-06,0.019453514227005343
RQMC,16384,14,31660742,RTY Index,price,293.1588091143692,292.88192219894063,0.08799929998349398,0.2768869154285767,0.0009453875246028354
RQMC,16384,14,31660742,RTY Index,delta,0.5813495514849256,0.5854387475048874,0.08799929998349398,-0.004089196019961827,-0.006984840066343045
RQMC,16384,14,31660742,RTY Index,vega,1132.9869582379665,1128.2462808147527,0.08799929998349398,4.7406774232138105,0.004201810813673034
RQMC,16384,14,31660742,RTY Index,gamma,0.0005771011386291993,0.0005906533709811822,0.08799929998349398,-1.3552232351982932e-05,-0.02294447643542645
RQMC,16384,15,31660743,SPX Index,price,645.9243046607353,644.2866661564472,0.07929399999557063,1.6376385042881338,0.0025417854975295713
RQMC,16384,15,31660743,SPX Index,delta,0.5940571939179101,0.5951256241492728,0.07929399999557063,-0.0010684302313627159,-0.0017953020135707113
RQMC,16384,15,31660743,SPX Index,vega,2840.8973903375672,2829.6360448038345,0.07929399999557063,11.261345533732765,0.0039797858648331795
RQMC,16384,15,31660743,SPX Index,gamma,0.0002514752856709566,0.0002810396349131103,0.07929399999557063,-2.9564349242153687e-05,-0.10519636937079772
RQMC,16384,15,31660743,NDX Index,price,3373.4742522222814,3367.4914742178444,0.07929399999557063,5.982778004437023,0.0017766275134598883
RQMC,16384,15,31660743,NDX Index,delta,0.6019353320509668,0.6016489211760171,0.07929399999557063,0.0002864108749497385,0.0004760431954068887
RQMC,16384,15,31660743,NDX Index,vega,10749.81967141355,10732.284898910899,0.07929399999557063,17.53477250265132,0.0016338340500475096
RQMC,16384,15,31660743,NDX Index,gamma,5.44789111456614e-05,5.2107169399970926e-05,0.07929399999557063,2.3717417456904714e-06,0.04551661072750182
RQMC,16384,15,31660743,RTY Index,price,293.11543675828057,292.88192219894063,0.07929399999557063,0.23351455933993748,0.0007972993265911518
RQMC,16384,15,31660743,RTY Index,delta,0.5864507459097507,0.5854387475048874,0.07929399999557063,0.0010119984048632125,0.0017286153490459972
RQMC,16384,15,31660743,RTY Index,vega,1128.9629037540049,1128.2462808147527,0.07929399999557063,0.7166229392521473,0.0006351653459337305
RQMC,16384,15,31660743,RTY Index,gamma,0.0005824637141034523,0.0005906533709811822,0.07929399999557063,-8.189656877729862e-06,-0.013865419686211829
RQMC,65536,0,31860728,SPX Index,price,644.7028715983477,644.2866661564472,0.32752379996236414,0.4162054419005017,0.0006459941882445193
RQMC,65536,0,31860728,SPX Index,delta,0.5948125131585184,0.5951256241492728,0.32752379996236414,-0.0003131109907544838,-0.0005261258767038865
RQMC,65536,0,31860728,SPX Index,vega,2832.8188558238057,2829.6360448038345,0.32752379996236414,3.1828110199712683,0.0011248128627057822
RQMC,65536,0,31860728,SPX Index,gamma,0.00027611244574203114,0.0002810396349131103,0.32752379996236414,-4.92718917107914e-06,-0.017532008154659363
RQMC,65536,0,31860728,NDX Index,price,3372.5462311754745,3367.4914742178444,0.32752379996236414,5.054756957630161,0.0015010452131298156
RQMC,65536,0,31860728,NDX Index,delta,0.6000033422560894,0.6016489211760171,0.32752379996236414,-0.0016455789199276705,-0.0027351148851245816
RQMC,65536,0,31860728,NDX Index,vega,10765.59863352244,10732.284898910899,0.32752379996236414,33.313734611541804,0.0031040673002374775
RQMC,65536,0,31860728,NDX Index,gamma,4.943173195770278e-05,5.2107169399970926e-05,0.32752379996236414,-2.6754374422681494e-06,-0.0513449007704042
RQMC,65536,0,31860728,RTY Index,price,292.44686321604485,292.88192219894063,0.32752379996236414,-0.43505898289578226,-0.0014854415719119311
RQMC,65536,0,31860728,RTY Index,delta,0.585096311305752,0.5854387475048874,0.32752379996236414,-0.0003424361991354319,-0.0005849223349067326
RQMC,65536,0,31860728,RTY Index,vega,1126.7424774820029,1128.2462808147527,0.32752379996236414,-1.5038033327498397,-0.0013328679724642052
RQMC,65536,0,31860728,RTY Index,gamma,0.0005895140011953374,0.0005906533709811822,0.32752379996236414,-1.1393697858447845e-06,-0.0019289990404221093
RQMC,65536,1,31860729,SPX Index,price,643.6379411808998,644.2866661564472,0.3388247999828309,-0.6487249755473385,-0.001006888718367196
RQMC,65536,1,31860729,SPX Index,delta,0.5945586027076717,0.5951256241492728,0.3388247999828309,-0.0005670214416011454,-0.0009527760502863541
RQMC,65536,1,31860729,SPX Index,vega,2827.301887688739,2829.6360448038345,0.3388247999828309,-2.3341571150954223,-0.0008248965867471619
RQMC,65536,1,31860729,SPX Index,gamma,0.0002863304498308488,0.0002810396349131103,0.3388247999828309,5.290814917738513e-06,0.01882586745949299
RQMC,65536,1,31860729,NDX Index,price,3372.353685427737,3367.4914742178444,0.3388247999828309,4.862211209892848,0.0014438674149938797
RQMC,65536,1,31860729,NDX Index,delta,0.5996055860281114,0.6016489211760171,0.3388247999828309,-0.002043335147905667,-0.003396225067455699
RQMC,65536,1,31860729,NDX Index,vega,10765.335470605487,10732.284898910899,0.3388247999828309,33.05057169458814,0.003079546620863753
RQMC,65536,1,31860729,NDX Index,gamma,5.18390668449088e-05,5.2107169399970926e-05,0.3388247999828309,-2.68102555062124e-07,-0.005145214337094151
RQMC,65536,1,31860729,RTY Index,price,293.2109899669592,292.88192219894063,0.3388247999828309,0.32906776801854676,0.0011235509708073645
RQMC,65536,1,31860729,RTY Index,delta,0.5854876046936036,0.5854387475048874,0.3388247999828309,4.8857188716167066e-05,8.345397178508276e-05
RQMC,65536,1,31860729,RTY Index,vega,1129.2422342378377,1128.2462808147527,0.3388247999828309,0.995953423084984,0.0008827446985828
RQMC,65536,1,31860729,RTY Index,gamma,0.0005800913988780295,0.0005906533709811822,0.3388247999828309,-1.0561972103152717e-05,-0.017881845126198753
RQMC,65536,2,31860730,SPX Index,price,644.4460776166246,644.2866661564472,0.3057602000189945,0.15941146017746632,0.0002474231868377013
RQMC,65536,2,31860730,SPX Index,delta,0.5951186478882763,0.5951256241492728,0.3057602000189945,-6.976260996549577e-06,-1.1722333425857918e-05
RQMC,65536,2,31860730,SPX Index,vega,2831.0500938917876,2829.6360448038345,0.3057602000189945,1.4140490879531171,0.0004997282567663739
RQMC,65536,2,31860730,SPX Index,gamma,0.00027251808952727933,0.0002810396349131103,0.3057602000189945,-8.521545385830947e-06,-0.03032150745735766
RQMC,65536,2,31860730,NDX Index,price,3366.7792632433666,3367.4914742178444,0.3057602000189945,-0.7122109744777845,-0.00021149599930114367
RQMC,65536,2,31860730,NDX Index,delta,0.6002261899549902,0.6016489211760171,0.3057602000189945,-0.0014227312210268739,-0.0023647199736449667
RQMC,65536,2,31860730,NDX Index,vega,10742.674366812047,10732.284898910899,0.3057602000189945,10.389467901148237,0.0009680574079991624
RQMC,65536,2,31860730,NDX Index,gamma,5.1448305719028156e-05,5.2107169399970926e-05,0.3057602000189945,-6.588636809427698e-07,-0.012644395934950507
RQMC,65536,2,31860730,RTY Index,price,292.70903580468206,292.88192219894063,0.3057602000189945,-0.172886394258569,-0.000590293839102625
RQMC,65536,2,31860730,RTY Index,delta,0.5845847325661396,0.5854387475048874,0.3057602000189945,-0.0008540149387478158,-0.0014587605319729647
RQMC,65536,2,31860730,RTY Index,vega,1128.2813725443095,1128.2462808147527,0.3057602000189945,0.03509172955682516,3.110289850145483e-05
RQMC,65536,2,31860730,RTY Index,gamma,0.0005865895020698241,0.0005906533709811822,0.3057602000189945,-4.063868911358126e-06,-0.006880294113292377
RQMC,65536,3,31860731,SPX Index,price,645.0489158326009,644.2866661564472,0.321121699991636,0.762249676153715,0.001183090875837905
RQMC,65536,3,31860731,SPX Index,delta,0.5941267928918149,0.5951256241492728,0.321121699991636,-0.0009988312574579217,-0.001678353639848297
RQMC,65536,3,31860731,SPX Index,vega,2835.6005593598657,2829.6360448038345,0.321121699991636,5.96451455603119,0.0021078734019465326
RQMC,65536,3,31860731,SPX Index,gamma,0.0002732843854935698,0.0002810396349131103,0.321121699991636,-7.755249419540491e-06,-0.027594860141126363
RQMC,65536,3,31860731,NDX Index,price,3366.2673477073395,3367.4914742178444,0.321121699991636,-1.2241265105049024,-0.000363512875942537
RQMC,65536,3,31860731,NDX Index,delta,0.601126924910563,0.6016489211760171,0.321121699991636,-0.0005219962654541277,-0.0008676094098761188
RQMC,65536,3,31860731,NDX Index,vega,10732.517781977007,10732.284898910899,0.321121699991636,0.2328830661081156,2.16992996646733e-05
RQMC,65536,3,31860731,NDX Index,gamma,5.201007092202988e-05,5.2107169399970926e-05,0.321121699991636,-9.709847794104828e-08,-0.0018634379694611172
RQMC,65536,3,31860731,RTY Index,price,293.16838543998756,292.88192219894063,0.321121699991636,0.2864632410469312,0.000978084406494541
RQMC,65536,3,31860731,RTY Index,delta,0.5854536232519325,0.5854387475048874,0.321121699991636,1.4875747045062226e-05,2.540957035806387e-05
RQMC,65536,3,31860731,RTY Index,vega,1129.2148497183798,1128.2462808147527,0.321121699991636,0.9685689036271015,0.0008584729416769344
RQMC,65536,3,31860731,RTY Index,gamma,0.0005937993031048736,0.0005906533709811822,0.321121699991636,3.1459321236913546e-06,0.005326190077380565
RQMC,65536,4,31860732,SPX Index,price,644.3034353125186,644.2866661564472,0.3310285999905318,0.016769156071404723,2.6027476513587818e-05
RQMC,65536,4,31860732,SPX Index,delta,0.5940134625830592,0.5951256241492728,0.3310285999905318,-0.001112161566213632,-0.0018687845407487835
RQMC,65536,4,31860732,SPX Index,vega,2832.204009543294,2829.6360448038345,0.3310285999905318,2.567964739459512,0.0009075247483418092
RQMC,65536,4,31860732,SPX Index,gamma,0.00027946392180586583,0.0002810396349131103,0.3310285999905318,-1.5757131072444489e-06,-0.005606729128194377
RQMC,65536,4,31860732,NDX Index,price,3372.0378173174086,3367.4914742178444,0.3310285999905318,4.546343099564183,0.001350068184098416
RQMC,65536,4,31860732,NDX Index,delta,0.6015093000540009,0.6016489211760171,0.3310285999905318,-0.00013962112201615362,-0.00023206411098226895
RQMC,65536,4,31860732,NDX Index,vega,10751.665556869593,10732.284898910899,0.3310285999905318,19.380657958694428,0.001805827756274077
RQMC,65536,4,31860732,NDX Index,gamma,4.935102383101999e-05,5.2107169399970926e-05,0.3310285999905318,-2.756145568950935e-06,-0.05289378795065527
RQMC,65536,4,31860732,RTY Index,price,293.30353367566016,292.88192219894063,0.3310285999905318,0.4216114767195336,0.0014395271430687796
RQMC,65536,4,31860732,RTY Index,delta,0.5847192330222787,0.5854387475048874,0.3310285999905318,-0.0007195144826087629,-0.0012290175286061948
RQMC,65536,4,31860732,RTY Index,vega,1130.6646494561517,1128.2462808147527,0.3310285999905318,2.4183686413989562,0.002143475837254747
RQMC,65536,4,31860732,RTY Index,gamma,0.0005733200877451431,0.0005906533709811822,0.3310285999905318,-1.7333283236039133e-05,-0.029345948211969758
RQMC,65536,5,31860733,SPX Index,price,643.6766728441207,644.2866661564472,0.2994607000146061,-0.6099933123264236,-0.0009467731436464396
RQMC,65536,5,31860733,SPX Index,delta,0.5952234353015355,0.5951256241492728,0.2994607000146061,9.781115226270565e-05,0.00016435379068499342
RQMC,65536,5,31860733,SPX Index,vega,2826.0802066615693,2829.6360448038345,0.2994607000146061,-3.555838142265202,-0.0012566415206630263
RQMC,65536,5,31860733,SPX Index,gamma,0.00030110493324173395,0.0002810396349131103,0.2994607000146061,2.0065298328623678e-05,0.07139668515021846
RQMC,65536,5,31860733,NDX Index,price,3363.708775185108,3367.4914742178444,0.2994607000146061,-3.782699032736218,-0.0011232987705231867
RQMC,65536,5,31860733,NDX Index,delta,0.6001022251183851,0.6016489211760171,0.2994607000146061,-0.0015466960576320243,-0.00257076179012964
RQMC,65536,5,31860733,NDX Index,vega,10735.044018966557,10732.284898910899,0.2994607000146061,2.759120055658059,0.00025708598696798027
RQMC,65536,5,31860733,NDX Index,gamma,5.007682148947209e-05,5.2107169399970926e-05,0.2994607000146061,-2.0303479104988374e-06,-0.03896484752249794
RQMC,65536,5,31860733,RTY Index,price,292.47653569881635,292.88192219894063,0.2994607000146061,-0.4053865001242798,-0.0013841294712922576
RQMC,65536,5,31860733,RTY Index,delta,0.5861433484742005,0.5854387475048874,0.2994607000146061,0.0007046009693130184,0.0012035434489363658
RQMC,65536,5,31860733,RTY Index,vega,1125.8559091802726,1128.2462808147527,0.2994607000146061,-2.3903716344800614,-0.002118661213537417
RQMC,65536,5,31860733,RTY Index,gamma,0.0005924059106623175,0.0005906533709811822,0.2994607000146061,1.7525396811353313e-06,0.002967120425003324
RQMC,65536,6,31860734,SPX Index,price,644.5637766171321,644.2866661564472,0.3018439000006765,0.27711046068498035,0.0004301042924543339
RQMC,65536,6,31860734,SPX Index,delta,0.5959821801057885,0.5951256241492728,0.3018439000006765,0.0008565559565156811,0.001439285962085939
RQMC,65536,6,31860734,SPX Index,vega,2829.6240855272636,2829.6360448038345,0.3018439000006765,-0.011959276570905786,-4.2264363266318465e-06
RQMC,65536,6,31860734,SPX Index,gamma,0.0002809442458951898,0.0002810396349131103,0.3018439000006765,-9.53890179205023e-08,-0.0003394148229305591
RQMC,65536,6,31860734,NDX Index,price,3364.4211796597756,3367.4914742178444,0.3018439000006765,-3.070294558068781,-0.0009117453099957462
RQMC,65536,6,31860734,NDX Index,delta,0.6011214842279412,0.6016489211760171,0.3018439000006765,-0.0005274369480758878,-0.0008766523623859071
RQMC,65536,6,31860734,NDX Index,vega,10729.258853527095,10732.284898910899,0.3018439000006765,-3.0260453838036483,-0.00028195723578962464
RQMC,65536,6,31860734,NDX Index,gamma,5.4255909662310086e-05,5.2107169399970926e-05,0.3018439000006765,2.1487402623391596e-06,0.04123694084868787
RQMC,65536,6,31860734,RTY Index,price,293.2589537507249,292.88192219894063,0.3018439000006765,0.3770315517842846,0.0012873158881010933
RQMC,65536,6,31860734,RTY Index,delta,0.5858817404190585,0.5854387475048874,0.3018439000006765,0.0004429929141710476,0.0007566853339637369
RQMC,65536,6,31860734,RTY Index,vega,1129.4106451743337,1128.2462808147527,0.3018439000006765,1.1643643595809863,0.0010320125839370384
RQMC,65536,6,31860734,RTY Index,gamma,0.0005755489967864005,0.0005906533709811822,0.3018439000006765,-1.5104374194781656e-05,-0.025572315230658137
RQMC,65536,7,31860735,SPX Index,price,644.0022541021317,644.2866661564472,0.3185263999621384,-0.28441205431545313,-0.0004414371261353895
RQMC,65536,7,31860735,SPX Index,delta,0.5942858363060676,0.5951256241492728,0.3185263999621384,-0.0008397878432052641,-0.001411110207875411
RQMC,65536,7,31860735,SPX Index,vega,2830.4813021369296,2829.6360448038345,0.3185263999621384,0.8452573330951054,0.000298715919542827
RQMC,65536,7,31860735,SPX Index,gamma,0.00028350599798562223,0.0002810396349131103,0.3185263999621384,2.4663630725119557e-06,0.008775854954673874
RQMC,65536,7,31860735,NDX Index,price,3368.05074398187,3367.4914742178444,0.3185263999621384,0.55926976402543,0.00016607904379485614
RQMC,65536,7,31860735,NDX Index,delta,0.6014589646346171,0.6016489211760171,0.3185263999621384,-0.00018995654139997153,-0.0003157265553284326
RQMC,65536,7,31860735,NDX Index,vega,10737.886582731391,10732.284898910899,0.3185263999621384,5.601683820492326,0.0005219469920203832
RQMC,65536,7,31860735,NDX Index,gamma,5.1759058798903873e-05,5.2107169399970926e-05,0.3185263999621384,-3.4811060106705274e-07,-0.0066806661170746105
RQMC,65536,7,31860735,RTY Index,price,292.98762914490834,292.88192219894063,0.3185263999621384,0.10570694596771091,0.00036092000890348313
RQMC,65536,7,31860735,RTY Index,delta,0.5843425712782601,0.5854387475048874,0.3185263999621384,-0.0010961762266273878,-0.0018724012226714402
RQMC,65536,7,31860735,RTY Index,vega,1129.9469136507037,1128.2462808147527,0.3185263999621384,1.7006328359509553,0.0015073241231718121
RQMC,65536,7,31860735,RTY Index,gamma,0.0005573689022054187,0.0005906533709811822,0.3185263999621384,-3.32844687757635e-05,-0.05635194923288421
RQMC,65536,8,31860736,SPX Index,price,644.4390066775662,644.2866661564472,0.32367700000759214,0.15234052111907204,0.00023644835307220274
RQMC,65536,8,31860736,SPX Index,delta,0.5961374128237621,0.5951256241492728,0.32367700000759214,0.0010117886744892557,0.0017001262144200214
RQMC,65536,8,31860736,SPX Index,vega,2828.078625584966,2829.6360448038345,0.32367700000759214,-1.55741921886829,-0.0005503955965390803
RQMC,65536,8,31860736,SPX Index,gamma,0.00028261020987535194,0.0002810396349131103,0.32367700000759214,1.570574962241663e-06,0.00558844649341806
RQMC,65536,8,31860736,NDX Index,price,3370.0310510403538,3367.4914742178444,0.32367700000759214,2.539576822509389,0.000754144989513076
RQMC,65536,8,31860736,NDX Index,delta,0.6042314589410828,0.6016489211760171,0.32367700000759214,0.0025825377650656733,0.004292433135287102
RQMC,65536,8,31860736,NDX Index,vega,10718.729952174477,10732.284898910899,0.32367700000759214,-13.554946736421698,-0.0012630066070830118
RQMC,65536,8,31860736,NDX Index,gamma,5.142503315664762e-05,5.2107169399970926e-05,0.32367700000759214,-6.821362433233092e-07,-0.013091024731880558
RQMC,65536,8,31860736,RTY Index,price,292.679026344714,292.88192219894063,0.32367700000759214,-0.20289585422665368,-0.000692756496212956
RQMC,65536,8,31860736,RTY Index,delta,0.5855063453294523,0.5854387475048874,0.32367700000759214,6.759782456489116e-05,0.0001154652384267183
RQMC,65536,8,31860736,RTY Index,vega,1127.5560480511376,1128.2462808147527,0.32367700000759214,-0.6902327636150858,-0.0006117749070855704
RQMC,65536,8,31860736,RTY Index,gamma,0.0005903319408072977,0.0005906533709811822,0.32367700000759214,-3.2143017388453626e-07,-0.000544194259571536
RQMC,65536,9,31860737,SPX Index,price,644.0497538110628,644.2866661564472,0.3189552000258118,-0.23691234538432582,-0.00036771263139379984
RQMC,65536,9,31860737,SPX Index,delta,0.5962574334701736,0.5951256241492728,0.3189552000258118,0.001131809320900734,0.0019017990067536517
RQMC,65536,9,31860737,SPX Index,vega,2826.1433170564533,2829.6360448038345,0.3189552000258118,-3.4927277473811955,-0.001234338159423372
RQMC,65536,9,31860737,SPX Index,gamma,0.0002676078713055455,0.0002810396349131103,0.3189552000258118,-1.3431763607564767e-05,-0.047793129291950225
RQMC,65536,9,31860737,NDX Index,price,3363.913137286096,3367.4914742178444,0.3189552000258118,-3.578336931748254,-0.0010626120241564625
RQMC,65536,9,31860737,NDX Index,delta,0.600760760856636,0.6016489211760171,0.3189552000258118,-0.0008881603193811038,-0.0014762102749973445
RQMC,65536,9,31860737,NDX Index,vega,10722.77623943213,10732.284898910899,0.3189552000258118,-9.508659478768095,-0.0008859864947987939
RQMC,65536,9,31860737,NDX Index,gamma,5.2071803208230365e-05,5.2107169399970926e-05,0.3189552000258118,-3.536619174056131e-08,-0.0006787202634073814
RQMC,65536,9,31860737,RTY Index,price,292.8206301143225,292.88192219894063,0.3189552000258118,-0.06129208461811686,-0.00020927233800549866
RQMC,65536,9,31860737,RTY Index,delta,0.5863509733617632,0.5854387475048874,0.3189552000258118,0.0009122258568757813,0.001558191801898397
RQMC,65536,9,31860737,RTY Index,vega,1127.4497928478972,1128.2462808147527,0.3189552000258118,-0.7964879668554659,-0.0007059522201839561
RQMC,65536,9,31860737,RTY Index,gamma,0.000598382421615304,0.0005906533709811822,0.3189552000258118,7.729050634121834e-06,0.013085594722472305
RQMC,65536,10,31860738,SPX Index,price,644.7415285710574,644.2866661564472,0.31214799999725074,0.4548624146102611,0.0007059938355139114
RQMC,65536,10,31860738,SPX Index,delta,0.5952747403196369,0.5951256241492728,0.31214799999725074,0.00014911617036406088,0.0002505625103560634
RQMC,65536,10,31860738,SPX Index,vega,2831.6029353946597,2829.6360448038345,0.31214799999725074,1.9668905908251872,0.0006951037376121432
RQMC,65536,10,31860738,SPX Index,gamma,0.0002845039544372396,0.0002810396349131103,0.31214799999725074,3.4643195241293293e-06,0.01232680054256547
RQMC,65536,10,31860738,NDX Index,price,3370.232606329588,3367.4914742178444,0.31214799999725074,2.741132111743809,0.000813998233620022
RQMC,65536,10,31860738,NDX Index,delta,0.6024748809549418,0.6016489211760171,0.31214799999725074,0.0008259597789247453,0.0013728268261667907
RQMC,65536,10,31860738,NDX Index,vega,10734.221756121178,10732.284898910899,0.31214799999725074,1.9368572102794133,0.00018047016348550005
RQMC,65536,10,31860738,NDX Index,gamma,5.122270264709012e-05,5.2107169399970926e-05,0.31214799999725074,-8.844667528808053e-07,-0.016973993465116122
RQMC,65536,10,31860738,RTY Index,price,292.96573675492385,292.88192219894063,0.31214799999725074,0.08381455598322418,0.0002861718311391475
RQMC,65536,10,31860738,RTY Index,delta,0.5854559377015411,0.5854387475048874,0.31214799999725074,1.719019665369359e-05,2.9362929472907977e-05
RQMC,65536,10,31860738,RTY Index,vega,1128.9170137445392,1128.2462808147527,0.31214799999725074,0.6707329297864817,0.0005944915938939485
RQMC,65536,10,31860738,RTY Index,gamma,0.0005744710608533378,0.0005906533709811822,0.31214799999725074,-1.6182310127844414e-05,-0.02739730427841742
RQMC,65536,11,31860739,SPX Index,price,643.8245839560594,644.2866661564472,0.3422201999928802,-0.4620822003877265,-0.0007171996948878694
RQMC,65536,11,31860739,SPX Index,delta,0.5929165445555677,0.5951256241492728,0.3422201999928802,-0.0022090795937050878,-0.003711955096645265
RQMC,65536,11,31860739,SPX Index,vega,2831.2182404037594,2829.6360448038345,0.3422201999928802,1.582195599924944,0.0005591516275848933
RQMC,65536,11,31860739,SPX Index,gamma,0.0002883026977134732,0.0002810396349131103,0.3422201999928802,7.26306280036292e-06,0.025843553357192694
RQMC,65536,11,31860739,NDX Index,price,3363.697641101707,3367.4914742178444,0.3422201999928802,-3.7938331161371934,-0.0011266051139797982
RQMC,65536,11,31860739,NDX Index,delta,0.6020376913591506,0.6016489211760171,0.3422201999928802,0.0003887701831335466,0.0006461744872302511
RQMC,65536,11,31860739,NDX Index,vega,10714.270083723351,10732.284898910899,0.3422201999928802,-18.014815187547356,-0.001678562892919054
RQMC,65536,11,31860739,NDX Index,gamma,5.4255131302938555e-05,5.2107169399970926e-05,0.3422201999928802,2.147961902967629e-06,0.041222003185013296
RQMC,65536,11,31860739,RTY Index,price,292.938079985361,292.88192219894063,0.3422201999928802,0.05615778642038549,0.00019174207133972648
RQMC,65536,11,31860739,RTY Index,delta,0.5863772911143306,0.5854387475048874,0.3422201999928802,0.000938543609443121,0.001603145697894357
RQMC,65536,11,31860739,RTY Index,vega,1127.2686044082552,1128.2462808147527,0.3422201999928802,-0.9776764064974941,-0.0008665452065939664
RQMC,65536,11,31860739,RTY Index,gamma,0.0005606907302184553,0.0005906533709811822,0.3422201999928802,-2.9962640762726863e-05,-0.05072796031444549
RQMC,65536,12,31860740,SPX Index,price,644.4154035536031,644.2866661564472,0.3210343000246212,0.1287373971559873,0.00019981384672133974
RQMC,65536,12,31860740,SPX Index,delta,0.5946298708983248,0.5951256241492728,0.3210343000246212,-0.0004957532509480833,-0.0008330228624532149
RQMC,65536,12,31860740,SPX Index,vega,2832.4903881648893,2829.6360448038345,0.3210343000246212,2.8543433610548163,0.0010087316233818667
RQMC,65536,12,31860740,SPX Index,gamma,0.00028902257071100894,0.0002810396349131103,0.3210343000246212,7.982935797898663e-06,0.028405017677904282
RQMC,65536,12,31860740,NDX Index,price,3371.2960402359413,3367.4914742178444,0.3210343000246212,3.8045660180969207,0.0011297923238189026
RQMC,65536,12,31860740,NDX Index,delta,0.6008181971791977,0.6016489211760171,0.3210343000246212,-0.0008307239968193825,-0.0013807454274090648
RQMC,65536,12,31860740,NDX Index,vega,10758.270730706286,10732.284898910899,0.3210343000246212,25.98583179538764,0.002421276740242393
RQMC,65536,12,31860740,NDX Index,gamma,5.1037347955263384e-05,5.2107169399970926e-05,0.3210343000246212,-1.0698214447075425e-06,-0.020531175594967924
RQMC,65536,12,31860740,RTY Index,price,293.098877628551,292.88192219894063,0.3210343000246212,0.21695542961037972,0.0007407607406475989
RQMC,65536,12,31860740,RTY Index,delta,0.5861041693283146,0.5854387475048874,0.3210343000246212,0.0006654218234271037,0.0011366207417310527
RQMC,65536,12,31860740,RTY Index,vega,1129.3152132830212,1128.2462808147527,0.3210343000246212,1.0689324682684855,0.0009474283110391162
RQMC,65536,12,31860740,RTY Index,gamma,0.0005700519496559042,0.0005906533709811822,0.3210343000246212,-2.0601421325278026e-05,-0.03487903792211553
RQMC,65536,13,31860741,SPX Index,price,644.0130260442864,644.2866661564472,0.3317512000212446,-0.27364011216070594,-0.0004247179501527353
RQMC,65536,13,31860741,SPX Index,delta,0.5966088927351475,0.5951256241492728,0.3317512000212446,0.0014832685858746641,0.0024923621596616417
RQMC,65536,13,31860741,SPX Index,vega,2824.794214982517,2829.6360448038345,0.3317512000212446,-4.841829821317333,-0.0017111139894505389
RQMC,65536,13,31860741,SPX Index,gamma,0.0002810064541368202,0.0002810396349131103,0.3317512000212446,-3.318077629007373e-08,-0.00011806440148675938
RQMC,65536,13,31860741,NDX Index,price,3364.0693789965085,3367.4914742178444,0.3317512000212446,-3.422095221335894,-0.0010162149622459644
RQMC,65536,13,31860741,NDX Index,delta,0.6019907446852593,0.6016489211760171,0.3317512000212446,0.0003418235092421673,0.0005681444729827151
RQMC,65536,13,31860741,NDX Index,vega,10717.688961145985,10732.284898910899,0.3317512000212446,-14.595937764914197,-0.0013600028234803361
RQMC,65536,13,31860741,NDX Index,gamma,5.121404817566448e-05,5.2107169399970926e-05,0.3317512000212446,-8.931212243064445e-07,-0.017140083305061334
RQMC,65536,13,31860741,RTY Index,price,292.96167840091346,292.88192219894063,0.3317512000212446,0.07975620197282751,0.0002723152093991412
RQMC,65536,13,31860741,RTY Index,delta,0.5867398212981568,0.5854387475048874,0.3317512000212446,0.0013010737932693806,0.0022223909825143896
RQMC,65536,13,31860741,RTY Index,vega,1127.525207436038,1128.2462808147527,0.3317512000212446,-0.7210733787146637,-0.0006391099097565357
RQMC,65536,13,31860741,RTY Index,gamma,0.0005894191984378378,0.0005906533709811822,0.3317512000212446,-1.234172543344435e-06,-0.0020895039357758187
RQMC,65536,14,31860742,SPX Index,price,644.2220972431331,644.2866661564472,0.3225644000340253,-0.06456891331401948,-0.00010021767748075778
RQMC,65536,14,31860742,SPX Index,delta,0.5950846480253817,0.5951256241492728,0.3225644000340253,-4.0976123891089955e-05,-6.885289799051249e-05
RQMC,65536,14,31860742,SPX Index,vega,2829.7292986346865,2829.6360448038345,0.3225644000340253,0.0932538308520634,3.29561220508584e-05
RQMC,65536,14,31860742,SPX Index,gamma,0.00027819506420029413,0.0002810396349131103,0.3225644000340253,-2.844570712816146e-06,-0.010121599801023116
RQMC,65536,14,31860742,NDX Index,price,3370.24673706707,3367.4914742178444,0.3225644000340253,2.755262849225801,0.000818194454335109
RQMC,65536,14,31860742,NDX Index,delta,0.6000369072487394,0.6016489211760171,0.3225644000340253,-0.0016120139272777223,-0.002679326548324542
RQMC,65536,14,31860742,NDX Index,vega,10756.950908335379,10732.284898910899,0.3225644000340253,24.666009424479853,0.002298299910672604
RQMC,65536,14,31860742,NDX Index,gamma,5.3167488123338605e-05,5.2107169399970926e-05,0.3225644000340253,1.0603187233676785e-06,0.020348806806770627
RQMC,65536,14,31860742,RTY Index,price,292.8796798103761,292.88192219894063,0.3225644000340253,-0.0022423885645252994,-7.656288744930295e-06
RQMC,65536,14,31860742,RTY Index,delta,0.5846000948511325,0.5854387475048874,0.3225644000340253,-0.0008386526537549344,-0.0014325198961107934
RQMC,65536,14,31860742,RTY Index,vega,1128.7116044933982,1128.2462808147527,0.3225644000340253,0.46532367864551816,0.00041243094398635104
RQMC,65536,14,31860742,RTY Index,gamma,0.0005903641353611861,0.0005906533709811822,0.3225644000340253,-2.892356199960585e-07,-0.0004896875802394656
RQMC,65536,15,31860743,SPX Index,price,644.5147576925431,644.2866661564472,0.3055269999895245,0.22809153609591704,0.0003540218168049614
RQMC,65536,15,31860743,SPX Index,delta,0.5954795687757917,0.5951256241492728,0.3055269999895245,0.00035394462651883174,0.0005947393494017212
RQMC,65536,15,31860743,SPX Index,vega,2830.0322918300435,2829.6360448038345,0.3055269999895245,0.3962470262090392,0.00014003462633884747
RQMC,65536,15,31860743,SPX Index,gamma,0.00027591053798499914,0.0002810396349131103,0.3055269999895245,-5.129096928111138e-06,-0.018250439763405304
RQMC,65536,15,31860743,NDX Index,price,3371.8815197719114,3367.4914742178444,0.3055269999895245,4.390045554067001,0.001303654541571382
RQMC,65536,15,31860743,NDX Index,delta,0.6018168611524328,0.6016489211760171,0.3055269999895245,0.00016793997641573188,0.0002791328472549521
RQMC,65536,15,31860743,NDX Index,vega,10745.191981109338,10732.284898910899,0.3055269999895245,12.90708219843873,0.001202640660401079
RQMC,65536,15,31860743,NDX Index,gamma,5.1036115785797966e-05,5.2107169399970926e-05,0.3055269999895245,-1.0710536141729602e-06,-0.020554822426672784
RQMC,65536,15,31860743,RTY Index,price,293.2487154497149,292.88192219894063,0.3055269999895245,0.36679325077426483,0.0012523587936749466
RQMC,65536,15,31860743,RTY Index,delta,0.5861493838667625,0.5854387475048874,0.3055269999895245,0.0007106363618750722,0.001213852627458929
RQMC,65536,15,31860743,RTY Index,vega,1129.7455019117497,1128.2462808147527,0.3055269999895245,1.499221096996962,0.001328806593463187
RQMC,65536,15,31860743,RTY Index,gamma,0.000594316624431408,0.0005906533709811822,0.3055269999895245,3.6632534502257542e-06,0.006202035965934515
