scenario_id,regime_family,regime_level,contract_id,method,n_paths,replication,seed,random_input_seconds,runtime_engine_seconds,runtime_total_seconds,risk_free_rate,volatility_1,volatility_2,volatility_3,correlation_12,correlation_13,correlation_23,ki_barrier_ratio,initial_spot_ratio_1,initial_spot_ratio_2,initial_spot_ratio_3,direct_steps_per_year,inner_paths,bridge_substeps,bessel_terms,backend,total_value,fair_coupon,coupon_value,early_redemption_principal,surviving_notional,terminal_ki_loss,continuous_ki_survival_probability,component_identity_error,probability_mass_error,fair_coupon_residual
baseline_rc_a,baseline,asymmetric_hsbc_informed,RC-A,M0,1024,0,2607632672,0.0059049999690614641,7.6286857000086457,7.6345906999777071,0.041397500000000004,0.18321200000000001,0.26197700000000002,0.21978899999999998,0.93101527022332164,0.82546019107334301,0.73380477788963194,0.75,1.1124202994893466,1.1297955713505747,1.2022133022425416,52,,,,gpu,99.340514754558924,0.096568416786293645,6.3632892417683058,82.150477525489549,14.468407683001903,-3.6416596957008176,0.845703125,0,0,0
baseline_rc_a,baseline,asymmetric_hsbc_informed,RC-A,M0,1024,1,868438773,0.0060732000274583697,0.069883100048173219,0.075956300075631589,0.041397500000000004,0.18321200000000001,0.26197700000000002,0.21978899999999998,0.93101527022332164,0.82546019107334301,0.73380477788963194,0.75,1.1124202994893466,1.1297955713505747,1.2022133022425416,52,,,,gpu,99.7443040893654,0.091162976077246147,6.1079820639581488,84.445556164543689,12.31162641348609,-3.1208605526225308,0.8671875,0,0,0
baseline_rc_a,baseline,asymmetric_hsbc_informed,RC-A,M0,1024,2,3075504284,0.00627910002367571,0.076101799961179495,0.082380899984855205,0.041397500000000004,0.18321200000000001,0.26197700000000002,0.21978899999999998,0.93101527022332164,0.82546019107334301,0.73380477788963194,0.75,1.1124202994893466,1.1297955713505747,1.2022133022425416,52,,,,gpu,99.535674270184387,0.094112475294490142,6.1442197587822989,83.184991694023822,13.569748820703646,-3.3632860033253795,0.857421875,0,0,0
baseline_rc_a,baseline,asymmetric_hsbc_informed,RC-A,M0,1024,3,2816442888,0.0060236999997869134,0.059819600021000952,0.065843300020787865,0.041397500000000004,0.18321200000000001,0.26197700000000002,0.21978899999999998,0.93101527022332164,0.82546019107334301,0.73380477788963194,0.75,1.1124202994893466,1.1297955713505747,1.2022133022425416,52,,,,gpu,99.340034463802198,0.096921806299856431,6.1290778625100053,82.963826673061419,13.749480593163298,-3.5023506649325267,0.8583984375,0,0,0
baseline_rc_a,baseline,asymmetric_hsbc_informed,RC-A,M0,1024,4,2424313376,0.0066563999862410128,0.066791500023100525,0.073447900009341538,0.041397500000000004,0.18321200000000001,0.26197700000000002,0.21978899999999998,0.93101527022332164,0.82546019107334301,0.73380477788963194,0.75,1.1124202994893466,1.1297955713505747,1.2022133022425416,52,,,,gpu,99.373795847448847,0.096390496666972414,6.1630823789381548,82.974275102142784,13.749480593163298,-3.5130422267953927,0.85546875,0,0,0
baseline_rc_a,baseline,asymmetric_hsbc_informed,RC-A,M0,1024,5,1014292322,0.0069292000262066722,0.062143699964508414,0.069072899990715086,0.041397500000000004,0.18321200000000001,0.26197700000000002,0.21978899999999998,0.93101527022332164,0.82546019107334301,0.73380477788963194,0.75,1.1124202994893466,1.1297955713505747,1.2022133022425416,52,,,,gpu,99.310400568387337,0.097015523682580429,6.341211716657198,81.814242642565915,14.827871227921204,-3.6729250187569891,0.8408203125,0,0,0
baseline_rc_a,baseline,asymmetric_hsbc_informed,RC-A,M0,1024,6,4081021961,0.0059926999965682626,0.096696399967186153,0.10268909996375442,0.041397500000000004,0.18321200000000001,0.26197700000000002,0.21978899999999998,0.93101527022332164,0.82546019107334301,0.73380477788963194,0.75,1.1124202994893466,1.1297955713505747,1.2022133022425416,52,,,,gpu,98.945746704692283,0.1021752196194492,6.2859136511435318,81.555559668448012,15.097468886610681,-3.9931955015099394,0.83984375,0,0,0
baseline_rc_a,baseline,asymmetric_hsbc_informed,RC-A,M0,1024,7,1452448543,0.0066314000287093222,0.066039400000590831,0.072670800029300153,0.041397500000000004,0.18321200000000001,0.26197700000000002,0.21978899999999998,0.93101527022332164,0.82546019107334301,0.73380477788963194,0.75,1.1124202994893466,1.1297955713505747,1.2022133022425416,52,,,,gpu,99.39722327188305,0.096247693037151055,6.0293569385934855,84.114785749579653,12.671089958405393,-3.4180093746954774,0.8583984375,0,0,0
baseline_rc_a,baseline,asymmetric_hsbc_informed,RC-A,M0,1024,8,3847419631,0.0057858999934978783,0.061929300019983202,0.067715200013481081,0.041397500000000004,0.18321200000000001,0.26197700000000002,0.21978899999999998,0.93101527022332164,0.82546019107334301,0.73380477788963194,0.75,1.1124202994893466,1.1297955713505747,1.2022133022425416,52,,,,gpu,99.806650153869541,0.090265131284380087,6.1183755114933804,84.573158643296836,12.221760527256267,-3.1066445281769388,0.865234375,0,0,0
baseline_rc_a,baseline,asymmetric_hsbc_informed,RC-A,M0,1024,9,1121014418,0.0059358000289648771,0.059984399995300919,0.065920200024265796,0.041397500000000004,0.18321200000000001,0.26197700000000002,0.21978899999999998,0.93101527022332164,0.82546019107334301,0.73380477788963194,0.75,1.1124202994893466,1.1297955713505747,1.2022133022425416,52,,,,gpu,99.053056192911043,0.10072407575958557,6.265661557498583,82.032471866023414,14.648139455461553,-3.8932166860725221,0.84765625,0,0,0
baseline_rc_a,baseline,asymmetric_hsbc_informed,RC-A,M0,1024,10,1691732859,0.0060519000398926437,0.072544800001196563,0.078596700041089207,0.041397500000000004,0.18321200000000001,0.26197700000000002,0.21978899999999998,0.93101527022332164,0.82546019107334301,0.73380477788963194,0.75,1.1124202994893466,1.1297955713505747,1.2022133022425416,52,,,,gpu,99.242084885680029,0.097926009608438724,6.3607818325163334,81.978567773125178,14.648139455461553,-3.7454041754230261,0.84375,-1.4210854715202004e-14,0,0
baseline_rc_a,baseline,asymmetric_hsbc_informed,RC-A,M0,1024,11,4210978374,0.0060870000161230564,0.057327399961650372,0.063414399977773428,0.041397500000000004,0.18321200000000001,0.26197700000000002,0.21978899999999998,0.93101527022332164,0.82546019107334301,0.73380477788963194,0.75,1.1124202994893466,1.1297955713505747,1.2022133022425416,52,,,,gpu,99.273333269644596,0.097679458669195571,6.2462397041318072,82.464700779932443,14.198810024312426,-3.6364172387320806,0.845703125,0,0,0
baseline_rc_a,baseline,asymmetric_hsbc_informed,RC-A,M0,1024,12,1740072199,0.006202199961990118,0.065352700010407716,0.071554899972397834,0.041397500000000004,0.18321200000000001,0.26197700000000002,0.21978899999999998,0.93101527022332164,0.82546019107334301,0.73380477788963194,0.75,1.1124202994893466,1.1297955713505747,1.2022133022425416,52,,,,gpu,99.532846375655183,0.094296289208899556,6.0144500732319166,84.671919557329247,12.131894641026438,-3.2854178959324054,0.8701171875,0,0,0
baseline_rc_a,baseline,asymmetric_hsbc_informed,RC-A,M0,1024,13,3150253897,0.0059446000377647579,0.057822100003249943,0.063766700041014701,0.041397500000000004,0.18321200000000001,0.26197700000000002,0.21978899999999998,0.93101527022332164,0.82546019107334301,0.73380477788963194,0.75,1.1124202994893466,1.1297955713505747,1.2022133022425416,52,,,,gpu,99.15539172634503,0.09937762821108316,6.222052301304557,82.129834425159231,14.558273569231728,-3.7547685693504884,0.8466796875,0,0,0
baseline_rc_a,baseline,asymmetric_hsbc_informed,RC-A,M0,1024,14,1812973794,0.0057840000372380018,0.055197799985762686,0.060981800023000687,0.041397500000000004,0.18321200000000001,0.26197700000000002,0.21978899999999998,0.93101527022332164,0.82546019107334301,0.73380477788963194,0.75,1.1124202994893466,1.1297955713505747,1.2022133022425416,52,,,,gpu,99.417700999030117,0.095581569413079173,6.3046123816502817,81.908638347122121,14.738005341691379,-3.5335550714336645,0.8505859375,0,0,0
baseline_rc_a,baseline,asymmetric_hsbc_informed,RC-A,M0,1024,15,3035065256,0.0056857999879866838,0.060431299963966012,0.066117099951952696,0.041397500000000004,0.18321200000000001,0.26197700000000002,0.21978899999999998,0.93101527022332164,0.82546019107334301,0.73380477788963194,0.75,1.1124202994893466,1.1297955713505747,1.2022133022425416,52,,,,gpu,99.161806734914151,0.099451109648902108,6.1368285330516468,82.971230382783759,13.749480593163298,-3.6957327740845463,0.8515625,0,0,0
baseline_rc_a,baseline,asymmetric_hsbc_informed,RC-A,M1,1024,0,2068028988,0.04084339999826625,0.073976599960587919,0.11481999995885417,0.041397500000000004,0.18321200000000001,0.26197700000000002,0.21978899999999998,0.93101527022332164,0.82546019107334301,0.73380477788963194,0.75,1.1124202994893466,1.1297955713505747,1.2022133022425416,52,,,,gpu,99.216921781393282,0.098317166285863428,6.3343155053124223,82.003622277613076,14.648139455461553,-3.7691554569937669,0.845703125,0,0,0
baseline_rc_a,baseline,asymmetric_hsbc_informed,RC-A,M1,1024,1,622261334,0.04230420000385493,0.083912500005681068,0.126216700009536,0.041397500000000004,0.18321200000000001,0.26197700000000002,0.21978899999999998,0.93101527022332164,0.82546019107334301,0.73380477788963194,0.75,1.1124202994893466,1.1297955713505747,1.2022133022425416,52,,,,gpu,99.777806303678062,0.090659309666500876,6.1538596973631456,83.630572443637988,13.120419389554518,-3.1270452268775877,0.8623046875,0,0,0
baseline_rc_a,baseline,asymmetric_hsbc_informed,RC-A,M1,1024,2,2148407826,0.040982000005897135,0.05539559997851029,0.096377599984407425,0.041397500000000004,0.18321200000000001,0.26197700000000002,0.21978899999999998,0.93101527022332164,0.82546019107334301,0.73380477788963194,0.75,1.1124202994893466,1.1297955713505747,1.2022133022425416,52,,,,gpu,99.003213703781626,0.10139514506332792,6.2769262588914145,81.462888301936118,15.187334772840504,-3.9239356298864085,0.841796875,0,0,0
baseline_rc_a,baseline,asymmetric_hsbc_informed,RC-A,M1,1024,3,3433436533,0.039894899993669242,0.05869069998152554,0.098585599975194782,0.041397500000000004,0.18321200000000001,0.26197700000000002,0.21978899999999998,0.93101527022332164,0.82546019107334301,0.73380477788963194,0.75,1.1124202994893466,1.1297955713505747,1.2022133022425416,52,,,,gpu,99.47536388848728,0.095019919170827555,6.1045416465974363,83.99082191342292,12.760955844635218,-3.3809555161683043,0.8583984375,0,0,0
baseline_rc_a,baseline,asymmetric_hsbc_informed,RC-A,M1,1024,4,2014651,0.043073200038634241,0.059973700030241162,0.1030469000688754,0.041397500000000004,0.18321200000000001,0.26197700000000002,0.21978899999999998,0.93101527022332164,0.82546019107334301,0.73380477788963194,0.75,1.1124202994893466,1.1297955713505747,1.2022133022425416,52,,,,gpu,99.453430222206151,0.094990885660011654,6.3844060272156344,81.844454377649953,14.827871227921204,-3.6033014105806469,0.8447265625,0,0,0
baseline_rc_a,baseline,asymmetric_hsbc_informed,RC-A,M1,1024,5,3134422273,0.041590300039388239,0.062297499971464276,0.10388780001085252,0.041397500000000004,0.18321200000000001,0.26197700000000002,0.21978899999999998,0.93101527022332164,0.82546019107334301,0.73380477788963194,0.75,1.1124202994893466,1.1297955713505747,1.2022133022425416,52,,,,gpu,99.447923383385699,0.095407349755734783,6.1090890685234491,83.54111550711859,13.210285275784347,-3.4125664680406746,0.8623046875,0,0,0
baseline_rc_a,baseline,asymmetric_hsbc_informed,RC-A,M1,1024,6,4144438307,0.042752399982418865,0.063450800022110343,0.10620320000452921,0.041397500000000004,0.18321200000000001,0.26197700000000002,0.21978899999999998,0.93101527022332164,0.82546019107334301,0.73380477788963194,0.75,1.1124202994893466,1.1297955713505747,1.2022133022425416,52,,,,gpu,99.557642580923144,0.093749489214114134,6.1935100362776447,83.796434707401829,12.94068761709487,-3.3729897798511979,0.8515625,0,0,0
baseline_rc_a,baseline,asymmetric_hsbc_informed,RC-A,M1,1024,7,2041198576,0.041516500001307577,0.066378399962559342,0.10789489996386692,0.041397500000000004,0.18321200000000001,0.26197700000000002,0.21978899999999998,0.93101527022332164,0.82546019107334301,0.73380477788963194,0.75,1.1124202994893466,1.1297955713505747,1.2022133022425416,52,,,,gpu,99.488796440743045,0.094636153217029576,6.2681265486620967,82.484421921400866,14.198810024312426,-3.4625620536323409,0.85546875,0,0,0
baseline_rc_a,baseline,asymmetric_hsbc_informed,RC-A,M1,1024,8,841574807,0.042617300001438707,0.067740099970251322,0.11035739997169003,0.041397500000000004,0.18321200000000001,0.26197700000000002,0.21978899999999998,0.93101527022332164,0.82546019107334301,0.73380477788963194,0.75,1.1124202994893466,1.1297955713505747,1.2022133022425416,52,,,,gpu,99.584343712118752,0.093257136825754497,6.3173633509818066,82.664113574997828,14.019078251852775,-3.4162114657136584,0.8623046875,0,0,0
baseline_rc_a,baseline,asymmetric_hsbc_informed,RC-A,M1,1024,9,2903998125,0.042062900029122829,0.056780399987474084,0.098843300016596913,0.041397500000000004,0.18321200000000001,0.26197700000000002,0.21978899999999998,0.93101527022332164,0.82546019107334301,0.73380477788963194,0.75,1.1124202994893466,1.1297955713505747,1.2022133022425416,52,,,,gpu,99.246157415505976,0.097806651927217894,6.3998693862005913,81.980363482525206,14.648139455461553,-3.7822149086813668,0.833984375,-1.4210854715202004e-14,0,0
baseline_rc_a,baseline,asymmetric_hsbc_informed,RC-A,M1,1024,10,2133938508,0.04180940001970157,0.061421100050210953,0.10323050006991252,0.041397500000000004,0.18321200000000001,0.26197700000000002,0.21978899999999998,0.93101527022332164,0.82546019107334301,0.73380477788963194,0.75,1.1124202994893466,1.1297955713505747,1.2022133022425416,52,,,,gpu,99.667517525621278,0.092179891768152888,6.2164293426856378,83.241623745229376,13.479882934473823,-3.2704184967675594,0.8623046875,0,0,0
baseline_rc_a,baseline,asymmetric_hsbc_informed,RC-A,M1,1024,11,3641517407,0.044499100011307746,0.054787100001703948,0.099286200013011694,0.041397500000000004,0.18321200000000001,0.26197700000000002,0.21978899999999998,0.93101527022332164,0.82546019107334301,0.73380477788963194,0.75,1.1124202994893466,1.1297955713505747,1.2022133022425416,52,,,,gpu,99.435200718692386,0.095545877871430929,6.1422678673628885,83.265765266712435,13.479882934473823,-3.4527153498567635,0.861328125,0,0,0
baseline_rc_a,baseline,asymmetric_hsbc_informed,RC-A,M1,1024,12,1468495858,0.043928999977651983,0.067588399979285896,0.11151739995693788,0.041397500000000004,0.18321200000000001,0.26197700000000002,0.21978899999999998,0.93101527022332164,0.82546019107334301,0.73380477788963194,0.75,1.1124202994893466,1.1297955713505747,1.2022133022425416,52,,,,gpu,99.447391318093409,0.095262152001439795,6.2293626378171991,83.145976465472842,13.569748820703648,-3.497696605900293,0.8544921875,0,0,0
baseline_rc_a,baseline,asymmetric_hsbc_informed,RC-A,M1,1024,13,2241230043,0.047327000007499009,0.064118299982510507,0.11144529999000952,0.041397500000000004,0.18321200000000001,0.26197700000000002,0.21978899999999998,0.93101527022332164,0.82546019107334301,0.73380477788963194,0.75,1.1124202994893466,1.1297955713505747,1.2022133022425416,52,,,,gpu,99.419330831179622,0.095650710359396277,6.2336348651145412,82.861209676161408,13.839346479393125,-3.5148601894894584,0.8525390625,0,0,0
baseline_rc_a,baseline,asymmetric_hsbc_informed,RC-A,M1,1024,14,1447995109,0.044133800023701042,0.074617200007196516,0.11875100003089756,0.041397500000000004,0.18321200000000001,0.26197700000000002,0.21978899999999998,0.93101527022332164,0.82546019107334301,0.73380477788963194,0.75,1.1124202994893466,1.1297955713505747,1.2022133022425416,52,,,,gpu,99.351010484194973,0.096660853364219021,6.1988310886778866,83.589160677152407,13.12041938955452,-3.5574006711898467,0.853515625,1.4210854715202004e-14,0,0
baseline_rc_a,baseline,asymmetric_hsbc_informed,RC-A,M1,1024,15,106540928,0.041753500001505017,0.06090430001495406,0.10265780001645908,0.041397500000000004,0.18321200000000001,0.26197700000000002,0.21978899999999998,0.93101527022332164,0.82546019107334301,0.73380477788963194,0.75,1.1124202994893466,1.1297955713505747,1.2022133022425416,52,,,,gpu,99.074361804901557,0.1005054330163679,6.2276543940659241,82.307963318864196,14.37854179677208,-3.8397977048006489,0.8564453125,0,0,0
baseline_rc_a,baseline,asymmetric_hsbc_informed,RC-A,M2,1024,0,666273535,0.00055850000353530049,0.28106920002028346,0.28162770002381876,0.041397500000000004,0.18321200000000001,0.26197700000000002,0.21978899999999998,0.93101527022332164,0.82546019107334301,0.73380477788963194,0.75,1.1124202994893466,1.1297955713505747,1.2022133022425416,,64,8,12,gpu-hybrid,99.089225216525179,0.10057702285645249,6.0941083019308717,82.538805728138584,14.198810024312426,-3.7424988378567043,0.84090559749590632,0,0,0
baseline_rc_a,baseline,asymmetric_hsbc_informed,RC-A,M2,1024,1,4164839489,0.00053999997908249497,0.2826272000093013,0.2831671999883838,0.041397500000000004,0.18321200000000001,0.26197700000000002,0.21978899999999998,0.93101527022332164,0.82546019107334301,0.73380477788963194,0.75,1.1124202994893466,1.1297955713505747,1.2022133022425416,,64,8,12,gpu-hybrid,98.920229567292225,0.10243175535281603,6.3274484901142181,81.426114354706371,15.187334772840508,-4.0206680503688794,0.83246384615875102,0,0,0
baseline_rc_a,baseline,asymmetric_hsbc_informed,RC-A,M2,1024,2,2700407408,0.00054459995590150356,0.29641839995747432,0.29696299991337582,0.041397500000000004,0.18321200000000001,0.26197700000000002,0.21978899999999998,0.93101527022332164,0.82546019107334301,0.73380477788963194,0.75,1.1124202994893466,1.1297955713505747,1.2022133022425416,,64,8,12,gpu-hybrid,98.971373080841687,0.10171676681327313,6.3308948235911178,81.436552809511539,15.187334772840506,-3.9834093251014733,0.82434856345184926,0,0,0
baseline_rc_a,baseline,asymmetric_hsbc_informed,RC-A,M2,1024,3,780710779,0.00064169999677687883,0.28797800000756979,0.28861970000434667,0.041397500000000004,0.18321200000000001,0.26197700000000002,0.21978899999999998,0.93101527022332164,0.82546019107334301,0.73380477788963194,0.75,1.1124202994893466,1.1297955713505747,1.2022133022425416,,64,8,12,gpu-hybrid,98.587712484977629,0.10691940450267946,6.3634885172409117,79.745089028504282,16.804920724977364,-4.3257857857449284,0.81267535353238363,0,0,0
baseline_rc_a,baseline,asymmetric_hsbc_informed,RC-A,M2,1024,4,2384483377,0.00057690002722665668,0.26957189996028319,0.27014879998750985,0.041397500000000004,0.18321200000000001,0.26197700000000002,0.21978899999999998,0.93101527022332164,0.82546019107334301,0.73380477788963194,0.75,1.1124202994893466,1.1297955713505747,1.2022133022425416,,64,8,12,gpu-hybrid,99.338162538961456,0.097400456290360884,5.8493039252397656,85.112227802791224,11.772431096107137,-3.3958002851766742,0.86564762041354337,0,0,0
baseline_rc_a,baseline,asymmetric_hsbc_informed,RC-A,M2,1024,5,2524106980,0.00055509997764602304,0.27254149998771027,0.27309659996535629,0.041397500000000004,0.18321200000000001,0.26197700000000002,0.21978899999999998,0.93101527022332164,0.82546019107334301,0.73380477788963194,0.75,1.1124202994893466,1.1297955713505747,1.2022133022425416,,64,8,12,gpu-hybrid,99.415824975174004,0.09578779030997675,6.1675443948844952,83.262038164083819,13.479882934473823,-3.4936405182681383,0.85193683680300858,0,0,0
baseline_rc_a,baseline,asymmetric_hsbc_informed,RC-A,M2,1024,6,229577200,0.00054450001334771514,0.2778554999968037,0.27840000001015142,0.041397500000000004,0.18321200000000001,0.26197700000000002,0.21978899999999998,0.93101527022332164,0.82546019107334301,0.73380477788963194,0.75,1.1124202994893466,1.1297955713505747,1.2022133022425416,,64,8,12,gpu-hybrid,99.111558899205278,0.10028794742532002,6.0790519177156055,82.88919689542513,13.839346479393123,-3.6960363933285891,0.84189751487438003,0,0,0
baseline_rc_a,baseline,asymmetric_hsbc_informed,RC-A,M2,1024,7,2519926981,0.00050520000513643026,0.28022340004099533,0.28072860004613176,0.041397500000000004,0.18321200000000001,0.26197700000000002,0.21978899999999998,0.93101527022332164,0.82546019107334301,0.73380477788963194,0.75,1.1124202994893466,1.1297955713505747,1.2022133022425416,,64,8,12,gpu-hybrid,98.731020399652522,0.10565339668358026,6.116525571814087,82.306039242806236,14.378541796772078,-4.0700862117398788,0.83235859465955997,-1.4210854715202004e-14,0,0
baseline_rc_a,baseline,asymmetric_hsbc_informed,RC-A,M2,1024,8,4023824878,0.00061589997494593263,0.28342120000161231,0.28403709997655824,0.041397500000000004,0.18321200000000001,0.26197700000000002,0.21978899999999998,0.93101527022332164,0.82546019107334301,0.73380477788963194,0.75,1.1124202994893466,1.1297955713505747,1.2022133022425416,,64,8,12,gpu-hybrid,99.524882213655587,0.094273283208610448,6.1377628876181083,83.823106948101355,12.94068761709487,-3.3766752391587369,0.85284976438306048,0,0,0
baseline_rc_a,baseline,asymmetric_hsbc_informed,RC-A,M2,1024,9,983180567,0.00049870001384988427,0.27416229998925701,0.27466100000310689,0.041397500000000004,0.18321200000000001,0.26197700000000002,0.21978899999999998,0.93101527022332164,0.82546019107334301,0.73380477788963194,0.75,1.1124202994893466,1.1297955713505747,1.2022133022425416,,64,8,12,gpu-hybrid,99.157810749683847,0.099295298294595907,6.2475367355843723,82.111058010058926,14.55827356923173,-3.7590575651911831,0.8372952214949605,0,0,0
baseline_rc_a,baseline,asymmetric_hsbc_informed,RC-A,M2,1024,10,2049724517,0.00060059997485950589,0.2779998000478372,0.2786004000226967,0.041397500000000004,0.18321200000000001,0.26197700000000002,0.21978899999999998,0.93101527022332164,0.82546019107334301,0.73380477788963194,0.75,1.1124202994893466,1.1297955713505747,1.2022133022425416,,64,8,12,gpu-hybrid,99.62935698507907,0.092729153284443991,6.2020105438598865,84.53050385018372,12.221760527256265,-3.3249179362207997,0.86235040522422524,0,0,0
baseline_rc_a,baseline,asymmetric_hsbc_informed,RC-A,M2,1024,11,2185365192,0.00071199994999915361,0.2758388000074774,0.27655079995747656,0.041397500000000004,0.18321200000000001,0.26197700000000002,0.21978899999999998,0.93101527022332164,0.82546019107334301,0.73380477788963194,0.75,1.1124202994893466,1.1297955713505747,1.2022133022425416,,64,8,12,gpu-hybrid,99.171223481919441,0.098997191032138498,6.3074489350779359,82.162790479595344,14.468407683001903,-3.7674236157557486,0.83680939209487271,1.4210854715202004e-14,0,0
baseline_rc_a,baseline,asymmetric_hsbc_informed,RC-A,M2,1024,12,2394392142,0.00049880001461133361,0.27140110003529117,0.2718999000499025,0.041397500000000004,0.18321200000000001,0.26197700000000002,0.21978899999999998,0.93101527022332164,0.82546019107334301,0.73380477788963194,0.75,1.1124202994893466,1.1297955713505747,1.2022133022425416,,64,8,12,gpu-hybrid,99.328811279584841,0.097278242322306016,6.0060909824615614,83.773921075318853,13.030553503324693,-3.4817542815202613,0.85129445870396814,0,0,0
baseline_rc_a,baseline,asymmetric_hsbc_informed,RC-A,M2,1024,13,496575620,0.00051580002764239907,0.28325860004406422,0.28377440007170662,0.041397500000000004,0.18321200000000001,0.26197700000000002,0.21978899999999998,0.93101527022332164,0.82546019107334301,0.73380477788963194,0.75,1.1124202994893466,1.1297955713505747,1.2022133022425416,,64,8,12,gpu-hybrid,99.052937468493354,0.10058908149208491,6.331076138302179,81.545703421109593,15.097468886610681,-3.9213109775290977,0.83521938598406698,0,0,0
baseline_rc_a,baseline,asymmetric_hsbc_informed,RC-A,M2,1024,14,2157852073,0.00053439999464899302,0.26725610002176836,0.26779050001641735,0.041397500000000004,0.18321200000000001,0.26197700000000002,0.21978899999999998,0.93101527022332164,0.82546019107334301,0.73380477788963194,0.75,1.1124202994893466,1.1297955713505747,1.2022133022425416,,64,8,12,gpu-hybrid,99.612583012800329,0.093198979239172461,5.948255811665998,84.889386892628494,11.95216286856679,-3.1772225600609563,0.86834572422301437,0,0,0
baseline_rc_a,baseline,asymmetric_hsbc_informed,RC-A,M2,1024,15,1107491829,0.00076960003934800625,0.27626030001556501,0.27702990005491301,0.041397500000000004,0.18321200000000001,0.26197700000000002,0.21978899999999998,0.93101527022332164,0.82546019107334301,0.73380477788963194,0.75,1.1124202994893466,1.1297955713505747,1.2022133022425416,,64,8,12,gpu-hybrid,99.382754968559269,0.096332810234294186,6.1145817490077148,83.258101652247277,13.479882934473823,-3.4698113671695427,0.84351172622202353,0,0,0
baseline_rc_a,baseline,asymmetric_hsbc_informed,RC-A,M3,1024,0,2496340243,0.0035069999867118895,0.27979369997046888,0.28330069995718077,0.041397500000000004,0.18321200000000001,0.26197700000000002,0.21978899999999998,0.93101527022332164,0.82546019107334301,0.73380477788963194,0.75,1.1124202994893466,1.1297955713505747,1.2022133022425416,,64,8,12,gpu-hybrid,99.561170614448343,0.093715255435432826,6.1779554572878217,82.983783085028662,13.749480593163298,-3.3500485210314395,0.85057215386451102,0,0,0
baseline_rc_a,baseline,asymmetric_hsbc_informed,RC-A,M3,1024,1,3146054336,0.0053068000124767423,0.29332019999856129,0.29862700001103804,0.041397500000000004,0.18321200000000001,0.26197700000000002,0.21978899999999998,0.93101527022332164,0.82546019107334301,0.73380477788963194,0.75,1.1124202994893466,1.1297955713505747,1.2022133022425416,,64,8,12,gpu-hybrid,99.224399990515224,0.098538882314740742,6.1478145064826091,83.34008422372851,13.390017048243996,-3.6535157879398765,0.84530502067065461,0,0,0
baseline_rc_a,baseline,asymmetric_hsbc_informed,RC-A,M3,1024,2,1910062385,0.003586400009226054,0.27145699999528006,0.27504340000450611,0.041397500000000004,0.18321200000000001,0.26197700000000002,0.21978899999999998,0.93101527022332164,0.82546019107334301,0.73380477788963194,0.75,1.1124202994893466,1.1297955713505747,1.2022133022425416,,64,8,12,gpu-hybrid,99.332775505282939,0.096965851890286003,6.1676586496832071,83.255164416351676,13.479882934473821,-3.569930495225762,0.84905026113624427,0,0,0
baseline_rc_a,baseline,asymmetric_hsbc_informed,RC-A,M3,1024,3,1034879442,0.0036817999789491296,0.27464479999616742,0.27832659997511655,0.041397500000000004,0.18321200000000001,0.26197700000000002,0.21978899999999998,0.93101527022332164,0.82546019107334301,0.73380477788963194,0.75,1.1124202994893466,1.1297955713505747,1.2022133022425416,,64,8,12,gpu-hybrid,99.35859949654936,0.096495039414703956,6.2392771687235618,82.873659947872255,13.839346479393125,-3.5936840994395833,0.84417692658903376,0,0,0
baseline_rc_a,baseline,asymmetric_hsbc_informed,RC-A,M3,1024,4,1383640150,0.0039370000013150275,0.27668449998600408,0.28062149998731911,0.041397500000000004,0.18321200000000001,0.26197700000000002,0.21978899999999998,0.93101527022332164,0.82546019107334301,0.73380477788963194,0.75,1.1124202994893466,1.1297955713505747,1.2022133022425416,,64,8,12,gpu-hybrid,99.277363104161068,0.097654483574691059,6.226877804352581,82.396588225168131,14.288675910542251,-3.6347788359018969,0.84445097183524376,0,0,0
baseline_rc_a,baseline,asymmetric_hsbc_informed,RC-A,M3,1024,5,4252355374,0.0037959000328555703,0.28335590002825484,0.28715180006111041,0.041397500000000004,0.18321200000000001,0.26197700000000002,0.21978899999999998,0.93101527022332164,0.82546019107334301,0.73380477788963194,0.75,1.1124202994893466,1.1297955713505747,1.2022133022425416,,64,8,12,gpu-hybrid,98.980716718978883,0.10182476921963327,6.2260889318278787,82.119603744744566,14.558273569231728,-3.9232495268252912,0.83926677468410804,0,0,0
baseline_rc_a,baseline,asymmetric_hsbc_informed,RC-A,M3,1024,6,1316154905,0.0040975999436341226,0.29671040002722293,0.30080799997085705,0.041397500000000004,0.18321200000000001,0.26197700000000002,0.21978899999999998,0.93101527022332164,0.82546019107334301,0.73380477788963194,0.75,1.1124202994893466,1.1297955713505747,1.2022133022425416,,64,8,12,gpu-hybrid,99.177803139964468,0.099076359648147691,6.2145810461772131,82.677528346462879,14.019078251852775,-3.7333845045283995,0.84353376874127095,0,0,0
baseline_rc_a,baseline,asymmetric_hsbc_informed,RC-A,M3,1024,7,337875228,0.0035766999935731292,0.28476760000921786,0.28834430000279099,0.041397500000000004,0.18321200000000001,0.26197700000000002,0.21978899999999998,0.93101527022332164,0.82546019107334301,0.73380477788963194,0.75,1.1124202994893466,1.1297955713505747,1.2022133022425416,,64,8,12,gpu-hybrid,99.491641031988991,0.094662709107928983,6.2101376770590466,83.517874723746516,13.210285275784345,-3.446656644600921,0.8442218393930897,0,0,0
baseline_rc_a,baseline,asymmetric_hsbc_informed,RC-A,M3,1024,8,816133766,0.0042091000359505415,0.29259229998569936,0.2968014000216499,0.041397500000000004,0.18321200000000001,0.26197700000000002,0.21978899999999998,0.93101527022332164,0.82546019107334301,0.73380477788963194,0.75,1.1124202994893466,1.1297955713505747,1.2022133022425416,,64,8,12,gpu-hybrid,99.057885091396713,0.10084493767837599,6.1772528646847586,82.873761151244139,13.839346479393125,-3.8324754039253079,0.8406135247406501,0,0,0
baseline_rc_a,baseline,asymmetric_hsbc_informed,RC-A,M3,1024,9,366942859,0.0032858999911695719,0.27693979995092377,0.28022569994209334,0.041397500000000004,0.18321200000000001,0.26197700000000002,0.21978899999999998,0.93101527022332164,0.82546019107334301,0.73380477788963194,0.75,1.1124202994893466,1.1297955713505747,1.2022133022425416,,64,8,12,gpu-hybrid,99.391571397976733,0.096064662898389164,6.2159484043497351,83.051449935694365,13.659614706933473,-3.5354416490008269,0.84406525404394583,0,0,0
baseline_rc_a,baseline,asymmetric_hsbc_informed,RC-A,M3,1024,10,3302108517,0.0035580000258050859,0.2772541000158526,0.28081210004165769,0.041397500000000004,0.18321200000000001,0.26197700000000002,0.21978899999999998,0.93101527022332164,0.82546019107334301,0.73380477788963194,0.75,1.1124202994893466,1.1297955713505747,1.2022133022425416,,64,8,12,gpu-hybrid,99.471035137588132,0.094907244780350425,6.2485346216476234,83.055068625498365,13.659614706933475,-3.4921828164913267,0.84838864641545464,0,0,0
baseline_rc_a,baseline,asymmetric_hsbc_informed,RC-A,M3,1024,11,3186921704,0.0038832999998703599,0.2872763000195846,0.29115960001945496,0.041397500000000004,0.18321200000000001,0.26197700000000002,0.21978899999999998,0.93101527022332164,0.82546019107334301,0.73380477788963194,0.75,1.1124202994893466,1.1297955713505747,1.2022133022425416,,64,8,12,gpu-hybrid,99.404233696987944,0.095857823991730276,6.2372157591658528,82.786601702633504,13.92921236562295,-3.5487961304343569,0.84659204126065768,0,0,0
baseline_rc_a,baseline,asymmetric_hsbc_informed,RC-A,M3,1024,12,3660742229,0.0041680000140331686,0.28437439998378977,0.28854239999782294,0.041397500000000004,0.18321200000000001,0.26197700000000002,0.21978899999999998,0.93101527022332164,0.82546019107334301,0.73380477788963194,0.75,1.1124202994893466,1.1297955713505747,1.2022133022425416,,64,8,12,gpu-hybrid,99.445148458333392,0.095232525916335742,6.2786093989368483,82.482607176955923,14.198810024312426,-3.5148781418718018,0.84063794695517946,0,0,0
baseline_rc_a,baseline,asymmetric_hsbc_informed,RC-A,M3,1024,13,25855981,0.0032458999776281416,0.27582540002185851,0.27907129999948665,0.041397500000000004,0.18321200000000001,0.26197700000000002,0.21978899999999998,0.93101527022332164,0.82546019107334301,0.73380477788963194,0.75,1.1124202994893466,1.1297955713505747,1.2022133022425416,,64,8,12,gpu-hybrid,99.387279003808047,0.096099555445295706,6.2344021743734102,82.150636512416952,14.558273569231728,-3.5560332522140436,0.84120485166704473,0,0,0
baseline_rc_a,baseline,asymmetric_hsbc_informed,RC-A,M3,1024,14,3270451147,0.0035652999649755657,0.27795259997947142,0.28151789994444698,0.041397500000000004,0.18321200000000001,0.26197700000000002,0.21978899999999998,0.93101527022332164,0.82546019107334301,0.73380477788963194,0.75,1.1124202994893466,1.1297955713505747,1.2022133022425416,,64,8,12,gpu-hybrid,99.351167396093174,0.096594407413640032,6.2426115589122784,83.034000319458642,13.659614706933475,-3.5850591892112105,0.83726065615965684,0,0,0
baseline_rc_a,baseline,asymmetric_hsbc_informed,RC-A,M3,1024,15,1087184288,0.0033685000380501151,0.28213270002743229,0.28550120006548241,0.041397500000000004,0.18321200000000001,0.26197700000000002,0.21978899999999998,0.93101527022332164,0.82546019107334301,0.73380477788963194,0.75,1.1124202994893466,1.1297955713505747,1.2022133022425416,,64,8,12,gpu-hybrid,99.489066320138647,0.094722440693377846,6.189970798771542,83.401762525360681,13.300151162014171,-3.4028181660077483,0.85658134982696676,0,0,0
baseline_rc_a,baseline,asymmetric_hsbc_informed,RC-A,M0,4096,0,2802840621,0.022409999975934625,8.2518573999986984,8.274267399974633,0.041397500000000004,0.18321200000000001,0.26197700000000002,0.21978899999999998,0.93101527022332164,0.82546019107334301,0.73380477788963194,0.75,1.1124202994893466,1.1297955713505747,1.2022133022425416,52,,,,gpu,99.700224155384475,0.091788057486424324,6.117079000666874,84.372511649309217,12.401492299715917,-3.1908587943075304,0.865966796875,0,0,0
baseline_rc_a,baseline,asymmetric_hsbc_informed,RC-A,M0,4096,1,308740328,0.023699899960774928,0.097144100000150502,0.12084399996092543,0.041397500000000004,0.18321200000000001,0.26197700000000002,0.21978899999999998,0.93101527022332164,0.82546019107334301,0.73380477788963194,0.75,1.1124202994893466,1.1297955713505747,1.2022133022425416,52,,,,gpu,98.807838430993883,0.10414797152513605,6.2658767244126921,81.557468608994412,15.075002415053223,-4.0905093174664353,0.84228515625,0,0,0
baseline_rc_a,baseline,asymmetric_hsbc_informed,RC-A,M0,4096,2,308567573,0.02328629995463416,0.083651000051759183,0.10693730000639334,0.041397500000000004,0.18321200000000001,0.26197700000000002,0.21978899999999998,0.93101527022332164,0.82546019107334301,0.73380477788963194,0.75,1.1124202994893466,1.1297955713505747,1.2022133022425416,52,,,,gpu,99.66685385299786,0.092224353936182557,6.1702167653936213,83.29983704461371,13.434949991358909,-3.2381499483683691,0.85791015625,0,0,0
baseline_rc_a,baseline,asymmetric_hsbc_informed,RC-A,M0,4096,3,4065227708,0.023272200021892786,0.084403700020629913,0.1076759000425227,0.041397500000000004,0.18321200000000001,0.26197700000000002,0.21978899999999998,0.93101527022332164,0.82546019107334301,0.73380477788963194,0.75,1.1124202994893466,1.1297955713505747,1.2022133022425416,52,,,,gpu,99.265530328284086,0.09774868053497951,6.2706702639230203,82.313833371831691,14.356075325214622,-3.6750486326852529,0.847412109375,0,0,0
baseline_rc_a,baseline,asymmetric_hsbc_informed,RC-A,M0,4096,4,3238206562,0.023968999972566962,0.083381299977190793,0.10735029994975775,0.041397500000000004,0.18321200000000001,0.26197700000000002,0.21978899999999998,0.93101527022332164,0.82546019107334301,0.73380477788963194,0.75,1.1124202994893466,1.1297955713505747,1.2022133022425416,52,,,,gpu,99.552310635722478,0.093750560138526243,6.2670894297674078,82.550318236299546,14.153877081197512,-3.4189741115419823,0.853515625,0,0,0
baseline_rc_a,baseline,asymmetric_hsbc_informed,RC-A,M0,4096,5,3206903642,0.023108800000045449,0.08334920002380386,0.10645800002384931,0.041397500000000004,0.18321200000000001,0.26197700000000002,0.21978899999999998,0.93101527022332164,0.82546019107334301,0.73380477788963194,0.75,1.1124202994893466,1.1297955713505747,1.2022133022425416,52,,,,gpu,99.079991649219664,0.1005315633941342,6.1773655438390866,82.888614391609252,13.816880007835667,-3.8028682940643446,0.850830078125,0,0,0
baseline_rc_a,baseline,asymmetric_hsbc_informed,RC-A,M0,4096,6,829112439,0.023547700024209917,0.083536599995568395,0.10708430001977831,0.041397500000000004,0.18321200000000001,0.26197700000000002,0.21978899999999998,0.93101527022332164,0.82546019107334301,0.73380477788963194,0.75,1.1124202994893466,1.1297955713505747,1.2022133022425416,52,,,,gpu,98.824009498739343,0.1041522785553481,6.1792846257222767,81.972879352712482,14.693072398576467,-4.0212268782718699,0.84375,0,0,0
baseline_rc_a,baseline,asymmetric_hsbc_informed,RC-A,M0,4096,7,705836430,0.023609699972439557,0.084151100018061697,0.10776079999050125,0.041397500000000004,0.18321200000000001,0.26197700000000002,0.21978899999999998,0.93101527022332164,0.82546019107334301,0.73380477788963194,0.75,1.1124202994893466,1.1297955713505747,1.2022133022425416,52,,,,gpu,99.711111784555129,0.09159785854875252,6.1685191303446469,83.926577488994326,12.828355259307585,-3.2123400940914326,0.86669921875,0,0,0
baseline_rc_a,baseline,asymmetric_hsbc_informed,RC-A,M0,4096,8,3648441189,0.024512499978300184,0.083931000030133873,0.10844350000843406,0.041397500000000004,0.18321200000000001,0.26197700000000002,0.21978899999999998,0.93101527022332164,0.82546019107334301,0.73380477788963194,0.75,1.1124202994893466,1.1297955713505747,1.2022133022425416,52,,,,gpu,99.47024641335662,0.095004220224725627,6.1769827434655618,83.397426845284201,13.322617633571628,-3.4267808089647627,0.856689453125,0,0,0
baseline_rc_a,baseline,asymmetric_hsbc_informed,RC-A,M0,4096,9,1092512786,0.026139699970372021,0.087955999944824725,0.11409569991519675,0.041397500000000004,0.18321200000000001,0.26197700000000002,0.21978899999999998,0.93101527022332164,0.82546019107334301,0.73380477788963194,0.75,1.1124202994893466,1.1297955713505747,1.2022133022425416,52,,,,gpu,99.230639946764256,0.098418425997998882,6.1656327267744668,82.821636643140224,13.884279422508037,-3.6409088456584708,0.85302734375,1.4210854715202004e-14,0,0
baseline_rc_a,baseline,asymmetric_hsbc_informed,RC-A,M0,4096,10,692517957,0.023531300015747547,0.087766600016038865,0.11129790003178641,0.041397500000000004,0.18321200000000001,0.26197700000000002,0.21978899999999998,0.93101527022332164,0.82546019107334301,0.73380477788963194,0.75,1.1124202994893466,1.1297955713505747,1.2022133022425416,52,,,,gpu,99.260913330636228,0.098048507964303824,6.1307327811832408,83.44097872224684,13.300151162014171,-3.610949334808029,0.85693359375,0,0,0
baseline_rc_a,baseline,asymmetric_hsbc_informed,RC-A,M0,4096,11,812402834,0.022761500033084303,0.083849199989344925,0.10661070002242923,0.041397500000000004,0.18321200000000001,0.26197700000000002,0.21978899999999998,0.93101527022332164,0.82546019107334301,0.73380477788963194,0.75,1.1124202994893466,1.1297955713505747,1.2022133022425416,52,,,,gpu,99.734300813103076,0.091294940425433443,6.1262302558611852,83.876744391765925,12.895754673979955,-3.1644285085039918,0.865234375,0,0,0
baseline_rc_a,baseline,asymmetric_hsbc_informed,RC-A,M0,4096,12,4207754928,0.023619599989615381,0.083529499999713153,0.10714909998932853,0.041397500000000004,0.18321200000000001,0.26197700000000002,0.21978899999999998,0.93101527022332164,0.82546019107334301,0.73380477788963194,0.75,1.1124202994893466,1.1297955713505747,1.2022133022425416,52,,,,gpu,99.472735678136303,0.094879363945866088,6.2519789647885844,82.566086923389264,14.131410609640056,-3.4767408196816145,0.855224609375,1.4210854715202004e-14,0,0
baseline_rc_a,baseline,asymmetric_hsbc_informed,RC-A,M0,4096,13,3655423493,0.024008699983824044,0.083531399955973029,0.10754009993979707,0.041397500000000004,0.18321200000000001,0.26197700000000002,0.21978899999999998,0.93101527022332164,0.82546019107334301,0.73380477788963194,0.75,1.1124202994893466,1.1297955713505747,1.2022133022425416,52,,,,gpu,99.378962141248323,0.096333125411918644,6.1519349162018608,83.169928109237262,13.569748820703648,-3.5126497048944576,0.860107421875,0,0,0
baseline_rc_a,baseline,asymmetric_hsbc_informed,RC-A,M0,4096,14,3617008641,0.022848900000099093,0.083549199975095689,0.10639809997519478,0.041397500000000004,0.18321200000000001,0.26197700000000002,0.21978899999999998,0.93101527022332164,0.82546019107334301,0.73380477788963194,0.75,1.1124202994893466,1.1297955713505747,1.2022133022425416,52,,,,gpu,99.522213538489723,0.094243926334022593,6.1991061751727665,83.421718667042612,13.300151162014172,-3.3987624657398428,0.855712890625,0,0,0
baseline_rc_a,baseline,asymmetric_hsbc_informed,RC-A,M0,4096,15,1683396828,0.024005900020711124,0.087222400004975498,0.11122830002568662,0.041397500000000004,0.18321200000000001,0.26197700000000002,0.21978899999999998,0.93101527022332164,0.82546019107334301,0.73380477788963194,0.75,1.1124202994893466,1.1297955713505747,1.2022133022425416,52,,,,gpu,99.650563290395709,0.092411133975001017,6.2257947443530162,82.935794044522382,13.794413536278213,-3.305439034757891,0.858642578125,0,0,0
baseline_rc_a,baseline,asymmetric_hsbc_informed,RC-A,M1,4096,0,2760602108,0.12782890000380576,0.086752899980638176,0.21458179998444393,0.041397500000000004,0.18321200000000001,0.26197700000000002,0.21978899999999998,0.93101527022332164,0.82546019107334301,0.73380477788963194,0.75,1.1124202994893466,1.1297955713505747,1.2022133022425416,52,,,,gpu,99.358969235350628,0.096458094831290211,6.261397424695633,82.46406019734053,14.221276495869882,-3.5877648825554127,0.848388671875,0,0,0
baseline_rc_a,baseline,asymmetric_hsbc_informed,RC-A,M1,4096,1,548055075,0.12864599999738857,0.089821500005200505,0.21846750000258908,0.041397500000000004,0.18321200000000001,0.26197700000000002,0.21978899999999998,0.93101527022332164,0.82546019107334301,0.73380477788963194,0.75,1.1124202994893466,1.1297955713505747,1.2022133022425416,52,,,,gpu,99.399058133615355,0.095968033081851992,6.2095191174143123,82.927925550610667,13.771947064720756,-3.5103335991303894,0.856689453125,0,0,0
baseline_rc_a,baseline,asymmetric_hsbc_informed,RC-A,M1,4096,2,3023452665,0.13112600002204999,0.088283499993849546,0.21940950001589954,0.041397500000000004,0.18321200000000001,0.26197700000000002,0.21978899999999998,0.93101527022332164,0.82546019107334301,0.73380477788963194,0.75,1.1124202994893466,1.1297955713505747,1.2022133022425416,52,,,,gpu,99.459772929848484,0.095071065921385478,6.2434892430057412,82.578576149928381,14.108944138082601,-3.4712366011682381,0.85498046875,0,0,0
baseline_rc_a,baseline,asymmetric_hsbc_informed,RC-A,M1,4096,3,3050820835,0.12153820000821725,0.083755599975120276,0.20529379998333752,0.041397500000000004,0.18321200000000001,0.26197700000000002,0.21978899999999998,0.93101527022332164,0.82546019107334301,0.73380477788963194,0.75,1.1124202994893466,1.1297955713505747,1.2022133022425416,52,,,,gpu,99.383755214869197,0.096306160316817532,6.123147519352937,83.314634620286839,13.434949991358909,-3.4889769161294844,0.859375,0,0,0
baseline_rc_a,baseline,asymmetric_hsbc_informed,RC-A,M1,4096,4,1268115785,0.12528809998184443,0.085053600021637976,0.2103417000034824,0.041397500000000004,0.18321200000000001,0.26197700000000002,0.21978899999999998,0.93101527022332164,0.82546019107334301,0.73380477788963194,0.75,1.1124202994893466,1.1297955713505747,1.2022133022425416,52,,,,gpu,99.332557929879115,0.096948750476013021,6.1808364274024523,82.921932129622462,13.794413536278213,-3.564624163424019,0.8525390625,0,0,0
baseline_rc_a,baseline,asymmetric_hsbc_informed,RC-A,M1,4096,5,324926143,0.12223379994975403,0.083548599970526993,0.20578239992028102,0.041397500000000004,0.18321200000000001,0.26197700000000002,0.21978899999999998,0.93101527022332164,0.82546019107334301,0.73380477788963194,0.75,1.1124202994893466,1.1297955713505747,1.2022133022425416,52,,,,gpu,99.229830560194131,0.098355706115485234,6.2077791408598628,82.735684038128369,13.951678837180406,-3.665311455974511,0.851806640625,1.4210854715202004e-14,0,0
baseline_rc_a,baseline,asymmetric_hsbc_informed,RC-A,M1,4096,6,4002153828,0.12788709998130798,0.086847600003238767,0.21473469998454675,0.041397500000000004,0.18321200000000001,0.26197700000000002,0.21978899999999998,0.93101527022332164,0.82546019107334301,0.73380477788963194,0.75,1.1124202994893466,1.1297955713505747,1.2022133022425416,52,,,,gpu,99.45695719478725,0.095197887172115067,6.1726346975100803,83.435089423063744,13.300151162014171,-3.4509180878007508,0.853759765625,0,0,0
baseline_rc_a,baseline,asymmetric_hsbc_informed,RC-A,M1,4096,7,3369634137,0.13439939997624606,0.087089900043793023,0.22148930002003908,0.041397500000000004,0.18321200000000001,0.26197700000000002,0.21978899999999998,0.93101527022332164,0.82546019107334301,0.73380477788963194,0.75,1.1124202994893466,1.1297955713505747,1.2022133022425416,52,,,,gpu,99.420227688936606,0.095625617414545269,6.2432273918333552,82.519901829830701,14.176343552754968,-3.5192450854824182,0.857421875,0,0,0
baseline_rc_a,baseline,asymmetric_hsbc_informed,RC-A,M1,4096,8,566034149,0.12108609999995679,0.087353000009898096,0.20843910000985488,0.041397500000000004,0.18321200000000001,0.26197700000000002,0.21978899999999998,0.93101527022332164,0.82546019107334301,0.73380477788963194,0.75,1.1124202994893466,1.1297955713505747,1.2022133022425416,52,,,,gpu,99.442129997232982,0.095361486740515117,6.209210401710255,82.875673870082778,13.839346479393123,-3.4821007539531834,0.856689453125,1.4210854715202004e-14,0,0
baseline_rc_a,baseline,asymmetric_hsbc_informed,RC-A,M1,4096,9,3632733052,0.12326399999437854,0.087520900007802993,0.21078490000218153,0.041397500000000004,0.18321200000000001,0.26197700000000002,0.21978899999999998,0.93101527022332164,0.82546019107334301,0.73380477788963194,0.75,1.1124202994893466,1.1297955713505747,1.2022133022425416,52,,,,gpu,99.317739387864933,0.097130552023153557,6.1987935289996408,82.572950213041992,14.131410609640055,-3.5854149638167563,0.857177734375,0,0,0
baseline_rc_a,baseline,asymmetric_hsbc_informed,RC-A,M1,4096,10,942431619,0.12532230000942945,0.091813999984879047,0.2171362999943085,0.041397500000000004,0.18321200000000001,0.26197700000000002,0.21978899999999998,0.93101527022332164,0.82546019107334301,0.73380477788963194,0.75,1.1124202994893466,1.1297955713505747,1.2022133022425416,52,,,,gpu,99.326436042257242,0.097081140500675595,6.1513393210688871,83.481635970209354,13.255218218899259,-3.5617574679202555,0.857421875,0,0,0
baseline_rc_a,baseline,asymmetric_hsbc_informed,RC-A,M1,4096,11,2922206384,0.12317719997372478,0.083971299987751991,0.20714849996147677,0.041397500000000004,0.18321200000000001,0.26197700000000002,0.21978899999999998,0.93101527022332164,0.82546019107334301,0.73380477788963194,0.75,1.1124202994893466,1.1297955713505747,1.2022133022425416,52,,,,gpu,99.133556962786457,0.099751357867975524,6.1881928985487189,82.708124624541242,13.996611780295318,-3.7593723405988086,0.8486328125,0,0,0
baseline_rc_a,baseline,asymmetric_hsbc_informed,RC-A,M1,4096,12,4035500135,0.12668600003235042,0.083934800000861287,0.21062080003321171,0.041397500000000004,0.18321200000000001,0.26197700000000002,0.21978899999999998,0.93101527022332164,0.82546019107334301,0.73380477788963194,0.75,1.1124202994893466,1.1297955713505747,1.2022133022425416,52,,,,gpu,99.26005228613522,0.098217467071472955,6.0411125624545683,83.293497691288309,13.479882934473821,-3.5544409020814864,0.85595703125,0,0,0
baseline_rc_a,baseline,asymmetric_hsbc_informed,RC-A,M1,4096,13,652910954,0.11870550003368407,0.082669599971268326,0.2013751000049524,0.041397500000000004,0.18321200000000001,0.26197700000000002,0.21978899999999998,0.93101527022332164,0.82546019107334301,0.73380477788963194,0.75,1.1124202994893466,1.1297955713505747,1.2022133022425416,52,,,,gpu,99.547459711054444,0.093833593689125069,6.2519443504444476,82.998015852028431,13.704547650048386,-3.4070481414668228,0.85400390625,0,0,0
baseline_rc_a,baseline,asymmetric_hsbc_informed,RC-A,M1,4096,14,1431719666,0.12650610000127926,0.083184899995103478,0.20969099999638274,0.041397500000000004,0.18321200000000001,0.26197700000000002,0.21978899999999998,0.93101527022332164,0.82546019107334301,0.73380477788963194,0.75,1.1124202994893466,1.1297955713505747,1.2022133022425416,52,,,,gpu,99.52978845108575,0.094111060999340468,6.2234353206090738,82.991149034462353,13.727014121605841,-3.4118100255915063,0.85498046875,0,0,0
baseline_rc_a,baseline,asymmetric_hsbc_informed,RC-A,M1,4096,15,2599822847,0.11764660000335425,0.083518799976445735,0.20116539997979999,0.041397500000000004,0.18321200000000001,0.26197700000000002,0.21978899999999998,0.93101527022332164,0.82546019107334301,0.73380477788963194,0.75,1.1124202994893466,1.1297955713505747,1.2022133022425416,52,,,,gpu,99.47742457829338,0.094817921687998269,6.2484064941992239,82.857174786138387,13.839346479393123,-3.46750318143736,0.85498046875,0,0,0
baseline_rc_a,baseline,asymmetric_hsbc_informed,RC-A,M2,4096,0,3941782196,0.0019741000141948462,0.94236660003662109,0.94434070005081594,0.041397500000000004,0.18321200000000001,0.26197700000000002,0.21978899999999998,0.93101527022332164,0.82546019107334301,0.73380477788963194,0.75,1.1124202994893466,1.1297955713505747,1.2022133022425416,,64,8,12,gpu-hybrid,99.518776183049084,0.094278169479526469,6.2121615740637068,83.315424796457393,13.412483519801453,-3.4212937072734704,0.8493676657370397,0,0,0
baseline_rc_a,baseline,asymmetric_hsbc_informed,RC-A,M2,4096,1,2088514549,0.001860200020018965,0.93503450002754107,0.93689470004756004,0.041397500000000004,0.18321200000000001,0.26197700000000002,0.21978899999999998,0.93101527022332164,0.82546019107334301,0.73380477788963194,0.75,1.1124202994893466,1.1297955713505747,1.2022133022425416,,64,8,12,gpu-hybrid,99.119890918656907,0.10002723891482093,6.1473677592602121,82.788928087653474,13.92921236562295,-3.7456172938797243,0.84216130057125982,0,0,0
baseline_rc_a,baseline,asymmetric_hsbc_informed,RC-A,M2,4096,2,1724946312,0.0021333000040613115,0.91707620001398027,0.91920950001804158,0.041397500000000004,0.18321200000000001,0.26197700000000002,0.21978899999999998,0.93101527022332164,0.82546019107334301,0.73380477788963194,0.75,1.1124202994893466,1.1297955713505747,1.2022133022425416,,64,8,12,gpu-hybrid,99.03868063215711,0.10110865639237414,6.1810249491925191,82.559267886715972,14.131410609640056,-3.8330228133914361,0.83986842486263691,0,0,0
baseline_rc_a,baseline,asymmetric_hsbc_informed,RC-A,M2,4096,3,607601928,0.0018775999778881669,0.92472429998451844,0.92660189996240661,0.041397500000000004,0.18321200000000001,0.26197700000000002,0.21978899999999998,0.93101527022332164,0.82546019107334301,0.73380477788963194,0.75,1.1124202994893466,1.1297955713505747,1.2022133022425416,,64,8,12,gpu-hybrid,99.066121539522669,0.10060471264106884,6.23549462928945,82.204552067989027,14.468407683001903,-3.8423328407577126,0.83664604959445832,0,0,0
baseline_rc_a,baseline,asymmetric_hsbc_informed,RC-A,M2,4096,4,2883152478,0.0017667000065557659,0.91800510004395619,0.91977180005051196,0.041397500000000004,0.18321200000000001,0.26197700000000002,0.21978899999999998,0.93101527022332164,0.82546019107334301,0.73380477788963194,0.75,1.1124202994893466,1.1297955713505747,1.2022133022425416,,64,8,12,gpu-hybrid,99.55418808795811,0.093871201356936981,6.1226352956484602,83.654507486999094,13.12041938955452,-3.3433740842439779,0.85452327620249913,1.4210854715202004e-14,0,0
baseline_rc_a,baseline,asymmetric_hsbc_informed,RC-A,M2,4096,5,2338222318,0.0017213000101037323,0.93248650000896305,0.93420780001906678,0.041397500000000004,0.18321200000000001,0.26197700000000002,0.21978899999999998,0.93101527022332164,0.82546019107334301,0.73380477788963194,0.75,1.1124202994893466,1.1297955713505747,1.2022133022425416,,64,8,12,gpu-hybrid,99.696872433430414,0.09178235479314853,6.1937096191269383,83.81978424967761,12.94068761709487,-3.257309052469,0.8501186171864703,0,0,0
baseline_rc_a,baseline,asymmetric_hsbc_informed,RC-A,M2,4096,6,248430263,0.0016034000436775386,0.92839269997784868,0.92999610002152622,0.041397500000000004,0.18321200000000001,0.26197700000000002,0.21978899999999998,0.93101527022332164,0.82546019107334301,0.73380477788963194,0.75,1.1124202994893466,1.1297955713505747,1.2022133022425416,,64,8,12,gpu-hybrid,99.054677158460706,0.10082362488727435,6.208201546839712,82.399275360264966,14.288675910542251,-3.8414756591862362,0.84037255181263515,0,0,0
baseline_rc_a,baseline,asymmetric_hsbc_informed,RC-A,M2,4096,7,1454873450,0.0017627999768592417,0.93020070000784472,0.93196349998470396,0.041397500000000004,0.18321200000000001,0.26197700000000002,0.21978899999999998,0.93101527022332164,0.82546019107334301,0.73380477788963194,0.75,1.1124202994893466,1.1297955713505747,1.2022133022425416,,64,8,12,gpu-hybrid,99.287187114449125,0.097611182734472779,6.1685293524619045,83.173783430583484,13.54728234914619,-3.6024080177424413,0.8485782875222514,0,0,0
baseline_rc_a,baseline,asymmetric_hsbc_informed,RC-A,M2,4096,8,2703405035,0.0019390000379644334,0.94428950001019984,0.94622850004816428,0.041397500000000004,0.18321200000000001,0.26197700000000002,0.21978899999999998,0.93101527022332164,0.82546019107334301,0.73380477788963194,0.75,1.1124202994893466,1.1297955713505747,1.2022133022425416,,64,8,12,gpu-hybrid,99.119448407980713,0.099857110229448626,6.2351361176718711,82.321280406644021,14.35607532521462,-3.7930434415497918,0.83571789705185018,0,0,0
baseline_rc_a,baseline,asymmetric_hsbc_informed,RC-A,M2,4096,9,3539033441,0.0021437000250443816,1.7632241999963298,1.7653679000213742,0.041397500000000004,0.18321200000000001,0.26197700000000002,0.21978899999999998,0.93101527022332164,0.82546019107334301,0.73380477788963194,0.75,1.1124202994893466,1.1297955713505747,1.2022133022425416,,64,8,12,gpu-hybrid,99.250239695183978,0.097891365187472559,6.3133212516187598,82.134417724172863,14.513340626116815,-3.7108399067244555,0.83845758089887923,0,0,0
baseline_rc_a,baseline,asymmetric_hsbc_informed,RC-A,M2,4096,10,3441976121,0.0018355000065639615,0.94812979997368529,0.94996529998024926,0.041397500000000004,0.18321200000000001,0.26197700000000002,0.21978899999999998,0.93101527022332164,0.82546019107334301,0.73380477788963194,0.75,1.1124202994893466,1.1297955713505747,1.2022133022425416,,64,8,12,gpu-hybrid,99.014273615406935,0.10139379068635239,6.2078852776021725,81.978280420899438,14.693072398576467,-3.8649644816711399,0.83377545288925425,0,0,0
baseline_rc_a,baseline,asymmetric_hsbc_informed,RC-A,M2,4096,11,939918054,0.0016823000041767955,0.93967609998071566,0.94135839998489246,0.041397500000000004,0.18321200000000001,0.26197700000000002,0.21978899999999998,0.93101527022332164,0.82546019107334301,0.73380477788963194,0.75,1.1124202994893466,1.1297955713505747,1.2022133022425416,,64,8,12,gpu-hybrid,98.912255490475872,0.10279843309952222,6.221398228445632,81.965407852111383,14.693072398576465,-3.9676229886576158,0.83524930490367177,0,0,0
baseline_rc_a,baseline,asymmetric_hsbc_informed,RC-A,M2,4096,12,1929029894,0.0016595000051893294,0.96259399998234585,0.96425349998753518,0.041397500000000004,0.18321200000000001,0.26197700000000002,0.21978899999999998,0.93101527022332164,0.82546019107334301,0.73380477788963194,0.75,1.1124202994893466,1.1297955713505747,1.2022133022425416,,64,8,12,gpu-hybrid,99.417677801756554,0.095610155242084452,6.282640815788648,82.71786216430155,13.974145308737862,-3.5569704870715126,0.84039247929090211,0,0,0
baseline_rc_a,baseline,asymmetric_hsbc_informed,RC-A,M2,4096,13,142639306,0.0018429000047035515,0.93800979998195544,0.93985269998665899,0.041397500000000004,0.18321200000000001,0.26197700000000002,0.21978899999999998,0.93101527022332164,0.82546019107334301,0.73380477788963194,0.75,1.1124202994893466,1.1297955713505747,1.2022133022425416,,64,8,12,gpu-hybrid,99.521518185802336,0.094358438853596224,6.1044735742365788,84.014654879089903,12.76095584463522,-3.3585661121593668,0.85352475092573377,0,0,0
baseline_rc_a,baseline,asymmetric_hsbc_informed,RC-A,M2,4096,14,3102054237,0.0018057000124827027,0.95371209998847917,0.95551780000096187,0.041397500000000004,0.18321200000000001,0.26197700000000002,0.21978899999999998,0.93101527022332164,0.82546019107334301,0.73380477788963194,0.75,1.1124202994893466,1.1297955713505747,1.2022133022425416,,64,8,12,gpu-hybrid,98.988441844384994,0.10170590296513662,6.2306027876955365,81.993985199197994,14.670605927019009,-3.9067520695275473,0.83535738988415464,0,0,0
baseline_rc_a,baseline,asymmetric_hsbc_informed,RC-A,M2,4096,15,1966927613,0.0016933000297285616,0.99796549999155104,0.9996588000212796,0.041397500000000004,0.18321200000000001,0.26197700000000002,0.21978899999999998,0.93101527022332164,0.82546019107334301,0.73380477788963194,0.75,1.1124202994893466,1.1297955713505747,1.2022133022425416,,64,8,12,gpu-hybrid,99.618905917495823,0.09283917238917673,6.2454870883570628,83.284444575472946,13.434949991358909,-3.3459757376931014,0.84994702349844298,0,0,0
baseline_rc_a,baseline,asymmetric_hsbc_informed,RC-A,M3,4096,0,2236160010,0.0096437999745830894,0.94759370002429932,0.95723749999888241,0.041397500000000004,0.18321200000000001,0.26197700000000002,0.21978899999999998,0.93101527022332164,0.82546019107334301,0.73380477788963194,0.75,1.1124202994893466,1.1297955713505747,1.2022133022425416,,64,8,12,gpu-hybrid,99.47697590611071,0.094866842837739357,6.2122416920402159,83.020915533983754,13.704547650048386,-3.4607289699616377,0.84991404661357572,0,0,0
baseline_rc_a,baseline,asymmetric_hsbc_informed,RC-A,M3,4096,1,4248295618,0.0074360999860800803,0.96101139998063445,0.96844749996671453,0.041397500000000004,0.18321200000000001,0.26197700000000002,0.21978899999999998,0.93101527022332164,0.82546019107334301,0.73380477788963194,0.75,1.1124202994893466,1.1297955713505747,1.2022133022425416,,64,8,12,gpu-hybrid,99.277136604023212,0.097670392115631804,6.2190863861338537,82.583118547796602,14.108944138082602,-3.6340124679898471,0.84406114393559184,0,0,0
baseline_rc_a,baseline,asymmetric_hsbc_informed,RC-A,M3,4096,2,377272464,0.0076964999898336828,0.95494820002932101,0.9626447000191547,0.041397500000000004,0.18321200000000001,0.26197700000000002,0.21978899999999998,0.93101527022332164,0.82546019107334301,0.73380477788963194,0.75,1.1124202994893466,1.1297955713505747,1.2022133022425416,,64,8,12,gpu-hybrid,99.271781586894164,0.097718686073711938,6.2355483559360163,82.315023545350542,14.378541796772078,-3.6573321111644788,0.84043154189061831,0,0,0
baseline_rc_a,baseline,asymmetric_hsbc_informed,RC-A,M3,4096,3,1535317489,0.0077651999890804291,0.93351999996230006,0.94128519995138049,0.041397500000000004,0.18321200000000001,0.26197700000000002,0.21978899999999998,0.93101527022332164,0.82546019107334301,0.73380477788963194,0.75,1.1124202994893466,1.1297955713505747,1.2022133022425416,,64,8,12,gpu-hybrid,99.314950469719918,0.097097154251993376,6.2457924844811625,82.473506638012566,14.221276495869883,-3.6256251486436879,0.84004860412484539,0,0,0
baseline_rc_a,baseline,asymmetric_hsbc_informed,RC-A,M3,4096,4,1292289548,0.0072685999912209809,0.96578460000455379,0.97305319999577478,0.041397500000000004,0.18321200000000001,0.26197700000000002,0.21978899999999998,0.93101527022332164,0.82546019107334301,0.73380477788963194,0.75,1.1124202994893466,1.1297955713505747,1.2022133022425416,,64,8,12,gpu-hybrid,99.403288760079363,0.095962398164787299,6.1699098147277507,83.22650799274291,13.502349406031279,-3.495478453422562,0.84876675727724316,-1.4210854715202004e-14,0,0
baseline_rc_a,baseline,asymmetric_hsbc_informed,RC-A,M3,4096,5,3558665883,0.0066090999753214419,0.91738679999252781,0.92399589996784925,0.041397500000000004,0.18321200000000001,0.26197700000000002,0.21978899999999998,0.93101527022332164,0.82546019107334301,0.73380477788963194,0.75,1.1124202994893466,1.1297955713505747,1.2022133022425416,,64,8,12,gpu-hybrid,99.429501001363278,0.095467361622754238,6.2653943355789297,82.789636922221234,13.906745894065494,-3.5322761505023799,0.84363524288967895,0,0,0
baseline_rc_a,baseline,asymmetric_hsbc_informed,RC-A,M3,4096,6,2669150237,0.0068611000315286219,0.95187319995602593,0.95873429998755455,0.041397500000000004,0.18321200000000001,0.26197700000000002,0.21978899999999998,0.93101527022332164,0.82546019107334301,0.73380477788963194,0.75,1.1124202994893466,1.1297955713505747,1.2022133022425416,,64,8,12,gpu-hybrid,99.329313096888825,0.096877473491954594,6.2580932990721445,82.776215327813134,13.92921236562295,-3.6342078956193982,0.84129426501326443,0,0,0
baseline_rc_a,baseline,asymmetric_hsbc_informed,RC-A,M3,4096,7,3204670315,0.0081583000137470663,0.96620560000883415,0.97436390002258122,0.041397500000000004,0.18321200000000001,0.26197700000000002,0.21978899999999998,0.93101527022332164,0.82546019107334301,0.73380477788963194,0.75,1.1124202994893466,1.1297955713505747,1.2022133022425416,,64,8,12,gpu-hybrid,99.41843733885851,0.095685193684985639,6.2169247067694844,82.87076076010365,13.839346479393125,-3.5085946074077627,0.8457978028952855,0,0,0
baseline_rc_a,baseline,asymmetric_hsbc_informed,RC-A,M3,4096,8,616631188,0.0081595999654382467,0.93949590000556782,0.94765549997100607,0.041397500000000004,0.18321200000000001,0.26197700000000002,0.21978899999999998,0.93101527022332164,0.82546019107334301,0.73380477788963194,0.75,1.1124202994893466,1.1297955713505747,1.2022133022425416,,64,8,12,gpu-hybrid,99.303744783874762,0.097324655238227226,6.2009637930003159,82.66386747209674,14.041544723410231,-3.6026312046325208,0.84516462850631768,0,0,0
baseline_rc_a,baseline,asymmetric_hsbc_informed,RC-A,M3,4096,9,3222787492,0.0075425999821163714,0.94161649997113273,0.9491590999532491,0.041397500000000004,0.18321200000000001,0.26197700000000002,0.21978899999999998,0.93101527022332164,0.82546019107334301,0.73380477788963194,0.75,1.1124202994893466,1.1297955713505747,1.2022133022425416,,64,8,12,gpu-hybrid,99.27426360282692,0.097808484744069002,6.1601618791918709,82.917739229194808,13.794413536278212,-3.5980510418379792,0.84702584689200067,0,0,0
baseline_rc_a,baseline,asymmetric_hsbc_informed,RC-A,M3,4096,10,325430186,0.007361199997831136,0.90917200001422316,0.91653320001205429,0.041397500000000004,0.18321200000000001,0.26197700000000002,0.21978899999999998,0.93101527022332164,0.82546019107334301,0.73380477788963194,0.75,1.1124202994893466,1.1297955713505747,1.2022133022425416,,64,8,12,gpu-hybrid,99.265675545696681,0.097860053460927535,6.2020326433516013,82.894291200338003,13.816880007835667,-3.647528305828593,0.8433139392344261,0,0,0
baseline_rc_a,baseline,asymmetric_hsbc_informed,RC-A,M3,4096,11,3478432396,0.010308400029316545,0.92852250003488734,0.93883090006420389,0.041397500000000004,0.18321200000000001,0.26197700000000002,0.21978899999999998,0.93101527022332164,0.82546019107334301,0.73380477788963194,0.75,1.1124202994893466,1.1297955713505747,1.2022133022425416,,64,8,12,gpu-hybrid,99.371152921377444,0.09631625671645587,6.2412111113744757,82.524593944802973,14.17634355275497,-3.5709956875549818,0.84277560473238755,1.4210854715202004e-14,0,0
baseline_rc_a,baseline,asymmetric_hsbc_informed,RC-A,M3,4096,12,1961862018,0.0074923000065609813,0.9393424000008963,0.94683470000745729,0.041397500000000004,0.18321200000000001,0.26197700000000002,0.21978899999999998,0.93101527022332164,0.82546019107334301,0.73380477788963194,0.75,1.1124202994893466,1.1297955713505747,1.2022133022425416,,64,8,12,gpu-hybrid,99.245572043402092,0.09814134857153925,6.2033910230955458,82.843783098738982,13.861812950950583,-3.6634150293830139,0.84116248461578746,0,0,0
baseline_rc_a,baseline,asymmetric_hsbc_informed,RC-A,M3,4096,13,1501566202,0.0077728999895043671,0.95769000001018867,0.96546289999969304,0.041397500000000004,0.18321200000000001,0.26197700000000002,0.21978899999999998,0.93101527022332164,0.82546019107334301,0.73380477788963194,0.75,1.1124202994893466,1.1297955713505747,1.2022133022425416,,64,8,12,gpu-hybrid,99.323222673736666,0.097037794549240552,6.2087745486987096,82.774472153988341,13.929212365622949,-3.5892363945733319,0.84439877984237288,0,0,0
baseline_rc_a,baseline,asymmetric_hsbc_informed,RC-A,M3,4096,14,369759746,0.006639899977017194,0.9088876000023447,0.91552749997936189,0.041397500000000004,0.18321200000000001,0.26197700000000002,0.21978899999999998,0.93101527022332164,0.82546019107334301,0.73380477788963194,0.75,1.1124202994893466,1.1297955713505747,1.2022133022425416,,64,8,12,gpu-hybrid,99.264619060191748,0.097869026986184979,6.2055805543714353,82.621645919390858,14.086477666525145,-3.6490850800956878,0.84316707114506428,0,0,0
baseline_rc_a,baseline,asymmetric_hsbc_informed,RC-A,M3,4096,15,4008047206,0.0071967000258155167,0.93897259997902438,0.9461693000048399,0.041397500000000004,0.18321200000000001,0.26197700000000002,0.21978899999999998,0.93101527022332164,0.82546019107334301,0.73380477788963194,0.75,1.1124202994893466,1.1297955713505747,1.2022133022425416,,64,8,12,gpu-hybrid,99.321264592092263,0.097157064598409573,6.1498344125923854,83.406310264528798,13.322617633571628,-3.5574977186005472,0.84788133365290363,0,0,0
baseline_rc_a,baseline,asymmetric_hsbc_informed,RC-A,M0,16384,0,3466942539,0.093952500028535724,0.26359389995923266,0.35754639998776838,0.041397500000000004,0.18321200000000001,0.26197700000000002,0.21978899999999998,0.93101527022332164,0.82546019107334301,0.73380477788963194,0.75,1.1124202994893466,1.1297955713505747,1.2022133022425416,52,,,,gpu,99.488922900480802,0.094710563075139864,6.201907637714239,83.07344729993946,13.653998089044109,-3.4404301262170147,0.85565185546875,0,0,0
baseline_rc_a,baseline,asymmetric_hsbc_informed,RC-A,M0,16384,1,295813316,0.094766800000797957,0.078932299977168441,0.1736990999779664,0.041397500000000004,0.18321200000000001,0.26197700000000002,0.21978899999999998,0.93101527022332164,0.82546019107334301,0.73380477788963194,0.75,1.1124202994893466,1.1297955713505747,1.2022133022425416,52,,,,gpu,99.242518924188445,0.098219194480796315,6.1832625811811628,82.729512909743661,13.979761926627226,-3.6500184933636235,0.85296630859375,0,0,0
baseline_rc_a,baseline,asymmetric_hsbc_informed,RC-A,M0,16384,2,619376882,0.096742300025653094,0.059320400003343821,0.15606270002899691,0.041397500000000004,0.18321200000000001,0.26197700000000002,0.21978899999999998,0.93101527022332164,0.82546019107334301,0.73380477788963194,0.75,1.1124202994893466,1.1297955713505747,1.2022133022425416,52,,,,gpu,99.384007966294533,0.09623683968419533,6.1691990350618946,83.154860032529172,13.569748820703648,-3.5097999220001812,0.85699462890625,0,0,0
baseline_rc_a,baseline,asymmetric_hsbc_informed,RC-A,M0,16384,3,3524255869,0.092384100018534809,0.061505299992859364,0.15388940001139417,0.041397500000000004,0.18321200000000001,0.26197700000000002,0.21978899999999998,0.93101527022332164,0.82546019107334301,0.73380477788963194,0.75,1.1124202994893466,1.1297955713505747,1.2022133022425416,52,,,,gpu,99.345782999279763,0.096771566424041916,6.174144146191165,82.97735701856503,13.738247357384569,-3.5439655228610074,0.85443115234375,0,0,0
baseline_rc_a,baseline,asymmetric_hsbc_informed,RC-A,M0,16384,4,593141251,0.094262800004798919,0.076850500016007572,0.17111330002080649,0.041397500000000004,0.18321200000000001,0.26197700000000002,0.21978899999999998,0.93101527022332164,0.82546019107334301,0.73380477788963194,0.75,1.1124202994893466,1.1297955713505747,1.2022133022425416,52,,,,gpu,99.271986781506754,0.097720325053793536,6.2327916463394963,82.336213893404107,14.350458707325256,-3.6474774655621087,0.85076904296875,0,0,0
baseline_rc_a,baseline,asymmetric_hsbc_informed,RC-A,M0,16384,5,1180054570,0.095919799990952015,0.088218700024299324,0.18413850001525134,0.041397500000000004,0.18321200000000001,0.26197700000000002,0.21978899999999998,0.93101527022332164,0.82546019107334301,0.73380477788963194,0.75,1.1124202994893466,1.1297955713505747,1.2022133022425416,52,,,,gpu,99.292012478199425,0.097501019506821579,6.194259306793267,82.856766146381574,13.85057971517185,-3.6095926901472692,0.85357666015625,0,0,0
baseline_rc_a,baseline,asymmetric_hsbc_informed,RC-A,M0,16384,6,2056545952,0.094454299949575216,0.082036299980245531,0.17649059992982075,0.041397500000000004,0.18321200000000001,0.26197700000000002,0.21978899999999998,0.93101527022332164,0.82546019107334301,0.73380477788963194,0.75,1.1124202994893466,1.1297955713505747,1.2022133022425416,52,,,,gpu,99.435476500899554,0.095448895054990962,6.2141726402934836,82.982286102687681,13.727014121605844,-3.4879963636874591,0.85565185546875,0,0,0
baseline_rc_a,baseline,asymmetric_hsbc_informed,RC-A,M0,16384,7,3256865398,0.09139720001257956,0.083982999960426241,0.1753801999730058,0.041397500000000004,0.18321200000000001,0.26197700000000002,0.21978899999999998,0.93101527022332164,0.82546019107334301,0.73380477788963194,0.75,1.1124202994893466,1.1297955713505747,1.2022133022425416,52,,,,gpu,99.469630685463372,0.095048150011457638,6.148170737400708,83.354924921975254,13.390017048243998,-3.4234820221565854,0.86065673828125,0,0,0
baseline_rc_a,baseline,asymmetric_hsbc_informed,RC-A,M0,16384,8,2011488327,0.095430699991993606,0.095801000017672777,0.19123170000966638,0.041397500000000004,0.18321200000000001,0.26197700000000002,0.21978899999999998,0.93101527022332164,0.82546019107334301,0.73380477788963194,0.75,1.1124202994893466,1.1297955713505747,1.2022133022425416,52,,,,gpu,99.51644456934855,0.094299917767921515,6.222295860929945,83.095558664177815,13.620298381707926,-3.4217083374671411,0.85601806640625,0,0,0
baseline_rc_a,baseline,asymmetric_hsbc_informed,RC-A,M0,16384,9,1812621786,0.090793999959714711,0.087583299959078431,0.17837729991879314,0.041397500000000004,0.18321200000000001,0.26197700000000002,0.21978899999999998,0.93101527022332164,0.82546019107334301,0.73380477788963194,0.75,1.1124202994893466,1.1297955713505747,1.2022133022425416,52,,,,gpu,99.371399859401691,0.09633008793615,6.2289880576583476,82.735188184501567,13.968528690848498,-3.5613050736067198,0.85186767578125,0,0,0
baseline_rc_a,baseline,asymmetric_hsbc_informed,RC-A,M0,16384,10,1865337150,0.095773299981374294,0.096980999980587512,0.19275429996196181,0.041397500000000004,0.18321200000000001,0.26197700000000002,0.21978899999999998,0.93101527022332164,0.82546019107334301,0.73380477788963194,0.75,1.1124202994893466,1.1297955713505747,1.2022133022425416,52,,,,gpu,99.44241620869812,0.095332456738642352,6.2290266473110352,82.784998627394231,13.91797912984422,-3.4895881958513524,0.8544921875,0,0,0
baseline_rc_a,baseline,asymmetric_hsbc_informed,RC-A,M0,16384,11,1956863843,0.093601100030355155,0.08616280002752319,0.17976390005787835,0.041397500000000004,0.18321200000000001,0.26197700000000002,0.21978899999999998,0.93101527022332164,0.82546019107334301,0.73380477788963194,0.75,1.1124202994893466,1.1297955713505747,1.2022133022425416,52,,,,gpu,99.430125123287397,0.09554873610865168,6.1952648265798045,83.128907068381309,13.597831910150468,-3.4918786818241925,0.85723876953125,0,0,0
baseline_rc_a,baseline,asymmetric_hsbc_informed,RC-A,M0,16384,12,3824611302,0.089968000014778227,0.086551900021731853,0.17651990003651008,0.041397500000000004,0.18321200000000001,0.26197700000000002,0.21978899999999998,0.93101527022332164,0.82546019107334301,0.73380477788963194,0.75,1.1124202994893466,1.1297955713505747,1.2022133022425416,52,,,,gpu,99.410032889845297,0.095828318361146164,6.1983848239241102,82.979843139043382,13.738247357384569,-3.5064424305067692,0.85748291015625,0,0,0
baseline_rc_a,baseline,asymmetric_hsbc_informed,RC-A,M0,16384,13,2013568117,0.091284400026779622,0.08763260004343465,0.17891700007021427,0.041397500000000004,0.18321200000000001,0.26197700000000002,0.21978899999999998,0.93101527022332164,0.82546019107334301,0.73380477788963194,0.75,1.1124202994893466,1.1297955713505747,1.2022133022425416,52,,,,gpu,99.203375206211092,0.098785397625882593,6.176536420539108,82.740319954567184,13.968528690848498,-3.6820098597436961,0.8526611328125,0,0,0
baseline_rc_a,baseline,asymmetric_hsbc_informed,RC-A,M0,16384,14,3569335512,0.091503600007854402,0.087857400008942932,0.17936100001679733,0.041397500000000004,0.18321200000000001,0.26197700000000002,0.21978899999999998,0.93101527022332164,0.82546019107334301,0.73380477788963194,0.75,1.1124202994893466,1.1297955713505747,1.2022133022425416,52,,,,gpu,99.353963256466756,0.096645245074642561,6.1811591267135384,82.870072084481563,13.839346479393125,-3.536614434121478,0.85614013671875,0,0,0
baseline_rc_a,baseline,asymmetric_hsbc_informed,RC-A,M0,16384,15,1656416390,0.091991499997675419,0.09585089999018237,0.18784239998785779,0.041397500000000004,0.18321200000000001,0.26197700000000002,0.21978899999999998,0.93101527022332164,0.82546019107334301,0.73380477788963194,0.75,1.1124202994893466,1.1297955713505747,1.2022133022425416,52,,,,gpu,99.331509543796884,0.096874735377523127,6.239420374255654,82.5088608109983,14.17634355275497,-3.5931151942120452,0.85333251953125,0,0,0
baseline_rc_a,baseline,asymmetric_hsbc_informed,RC-A,M1,16384,0,2348082728,0.50901659997180104,0.089033900003414601,0.59805049997521564,0.041397500000000004,0.18321200000000001,0.26197700000000002,0.21978899999999998,0.93101527022332164,0.82546019107334301,0.73380477788963194,0.75,1.1124202994893466,1.1297955713505747,1.2022133022425416,52,,,,gpu,99.35541180969139,0.096587811864306705,6.2062757783890046,82.838965539261878,13.867429568839945,-3.5572590767994239,0.85498046875,0,0,0
baseline_rc_a,baseline,asymmetric_hsbc_informed,RC-A,M1,16384,1,3522718676,0.49791700002970174,0.087975299975369126,0.58589230000507087,0.041397500000000004,0.18321200000000001,0.26197700000000002,0.21978899999999998,0.93101527022332164,0.82546019107334301,0.73380477788963194,0.75,1.1124202994893466,1.1297955713505747,1.2022133022425416,52,,,,gpu,99.45815194727804,0.095152378355937872,6.1956822320975071,83.039225167952722,13.682081178490929,-3.4588366312631247,0.8551025390625,0,0,0
baseline_rc_a,baseline,asymmetric_hsbc_informed,RC-A,M1,16384,2,4190414270,0.48296120000304654,0.089800400019157678,0.57276160002220422,0.041397500000000004,0.18321200000000001,0.26197700000000002,0.21978899999999998,0.93101527022332164,0.82546019107334301,0.73380477788963194,0.75,1.1124202994893466,1.1297955713505747,1.2022133022425416,52,,,,gpu,99.440670748814412,0.095348474874502917,6.2357732249016262,82.800871951184604,13.901129276176128,-3.4971037034479515,0.85546875,1.4210854715202004e-14,0,0
baseline_rc_a,baseline,asymmetric_hsbc_informed,RC-A,M1,16384,3,2764383992,0.48016350000398234,0.11138409998966381,0.59154759999364614,0.041397500000000004,0.18321200000000001,0.26197700000000002,0.21978899999999998,0.93101527022332164,0.82546019107334301,0.73380477788963194,0.75,1.1124202994893466,1.1297955713505747,1.2022133022425416,52,,,,gpu,99.397236005824226,0.09605152844081695,6.1675348278842037,83.026302480764798,13.69893103215902,-3.4955323349838117,0.85595703125,1.4210854715202004e-14,0,0
baseline_rc_a,baseline,asymmetric_hsbc_informed,RC-A,M1,16384,4,3204627719,0.50126759998966008,0.09103269997285679,0.59230029996251687,0.041397500000000004,0.18321200000000001,0.26197700000000002,0.21978899999999998,0.93101527022332164,0.82546019107334301,0.73380477788963194,0.75,1.1124202994893466,1.1297955713505747,1.2022133022425416,52,,,,gpu,99.385762470420502,0.096145491339574535,6.2166257216852845,82.879482487819672,13.833729861503761,-3.5440756005882106,0.85540771484375,0,0,0
baseline_rc_a,baseline,asymmetric_hsbc_informed,RC-A,M1,16384,5,3630357044,0.51148389995796606,0.089178700000047684,0.60066259995801374,0.041397500000000004,0.18321200000000001,0.26197700000000002,0.21978899999999998,0.93101527022332164,0.82546019107334301,0.73380477788963194,0.75,1.1124202994893466,1.1297955713505747,1.2022133022425416,52,,,,gpu,99.376628539833646,0.096269369281817632,6.2199459290246653,82.83377775328961,13.873046186729308,-3.5501413292099393,0.8529052734375,0,0,0
baseline_rc_a,baseline,asymmetric_hsbc_informed,RC-A,M1,16384,6,884447897,0.51412010000785813,0.087297199992462993,0.60141730000032112,0.041397500000000004,0.18321200000000001,0.26197700000000002,0.21978899999999998,0.93101527022332164,0.82546019107334301,0.73380477788963194,0.75,1.1124202994893466,1.1297955713505747,1.2022133022425416,52,,,,gpu,99.443644185236266,0.095289168629415374,6.2498497731818876,82.752924064109166,13.940445601401677,-3.4995752534564728,0.85546875,0,0,0
baseline_rc_a,baseline,asymmetric_hsbc_informed,RC-A,M1,16384,7,3154252006,0.48253699997439981,0.087135900044813752,0.56967290001921356,0.041397500000000004,0.18321200000000001,0.26197700000000002,0.21978899999999998,0.93101527022332164,0.82546019107334301,0.73380477788963194,0.75,1.1124202994893466,1.1297955713505747,1.2022133022425416,52,,,,gpu,99.480043524706034,0.094817272399698588,6.2176435566477153,83.010348579779759,13.704547650048386,-3.4524962617698263,0.85552978515625,0,0,0
baseline_rc_a,baseline,asymmetric_hsbc_informed,RC-A,M1,16384,8,3395452453,0.47378749999916181,0.11191819998202845,0.58570569998119026,0.041397500000000004,0.18321200000000001,0.26197700000000002,0.21978899999999998,0.93101527022332164,0.82546019107334301,0.73380477788963194,0.75,1.1124202994893466,1.1297955713505747,1.2022133022425416,52,,,,gpu,99.459507869649059,0.095110730888243455,6.2139973282673608,82.922632983085023,13.788796918388847,-3.4659193600921752,0.85565185546875,1.4210854715202004e-14,0,0
baseline_rc_a,baseline,asymmetric_hsbc_informed,RC-A,M1,16384,9,2399856027,0.46121460001450032,0.093533600040245801,0.55474820005474612,0.041397500000000004,0.18321200000000001,0.26197700000000002,0.21978899999999998,0.93101527022332164,0.82546019107334301,0.73380477788963194,0.75,1.1124202994893466,1.1297955713505747,1.2022133022425416,52,,,,gpu,99.379632839755388,0.096264513676073443,6.1933985760773798,83.032040911089894,13.687697796380295,-3.5335044437921876,0.85601806640625,0,0,0
baseline_rc_a,baseline,asymmetric_hsbc_informed,RC-A,M1,16384,10,1488540793,0.47965679998742417,0.088271800021175295,0.56792860000859946,0.041397500000000004,0.18321200000000001,0.26197700000000002,0.21978899999999998,0.93101527022332164,0.82546019107334301,0.73380477788963194,0.75,1.1124202994893466,1.1297955713505747,1.2022133022425416,52,,,,gpu,99.395202803890854,0.096038811514579575,6.1975550776817183,82.929676247168615,13.783180300499483,-3.5152088214589519,0.8544921875,0,0,0
baseline_rc_a,baseline,asymmetric_hsbc_informed,RC-A,M1,16384,11,3332130536,0.46498519997112453,0.08825329999672249,0.55323849996784702,0.041397500000000004,0.18321200000000001,0.26197700000000002,0.21978899999999998,0.93101527022332164,0.82546019107334301,0.73380477788963194,0.75,1.1124202994893466,1.1297955713505747,1.2022133022425416,52,,,,gpu,99.375223988069564,0.09634422610710093,6.1811966792686102,83.0195406121465,13.704547650048386,-3.5300609533939333,0.8548583984375,0,0,0
baseline_rc_a,baseline,asymmetric_hsbc_informed,RC-A,M1,16384,12,1606974251,0.47387340001296252,0.087735199951566756,0.56160859996452928,0.041397500000000004,0.18321200000000001,0.26197700000000002,0.21978899999999998,0.93101527022332164,0.82546019107334301,0.73380477788963194,0.75,1.1124202994893466,1.1297955713505747,1.2022133022425416,52,,,,gpu,99.331033210728393,0.096912307615942009,6.2189418843603477,82.676901924873334,14.02469486974214,-3.5895054682474177,0.8514404296875,0,0,0
baseline_rc_a,baseline,asymmetric_hsbc_informed,RC-A,M1,16384,13,1883736275,0.4711461000260897,0.0874323999742046,0.5585785000002943,0.041397500000000004,0.18321200000000001,0.26197700000000002,0.21978899999999998,0.93101527022332164,0.82546019107334301,0.73380477788963194,0.75,1.1124202994893466,1.1297955713505747,1.2022133022425416,52,,,,gpu,99.384314062822028,0.096171529627897837,6.2125739996037961,82.94102070339892,13.766330446831391,-3.5356110870120765,0.85552978515625,0,0,0
baseline_rc_a,baseline,asymmetric_hsbc_informed,RC-A,M1,16384,14,337556682,0.46999419998610392,0.1036722999997437,0.57366649998584762,0.041397500000000004,0.18321200000000001,0.26197700000000002,0.21978899999999998,0.93101527022332164,0.82546019107334301,0.73380477788963194,0.75,1.1124202994893466,1.1297955713505747,1.2022133022425416,52,,,,gpu,99.357889696665737,0.096547228422292117,6.2101506582181862,82.813836909120596,13.895512658286766,-3.5616105289597977,0.85284423828125,0,0,0
baseline_rc_a,baseline,asymmetric_hsbc_informed,RC-A,M1,16384,15,2256272903,0.47074229997815564,0.11930620000930503,0.59004849998746067,0.041397500000000004,0.18321200000000001,0.26197700000000002,0.21978899999999998,0.93101527022332164,0.82546019107334301,0.73380477788963194,0.75,1.1124202994893466,1.1297955713505747,1.2022133022425416,52,,,,gpu,99.369627947706789,0.096348979569724491,6.2332107494484283,82.679226824025861,14.019078251852775,-3.5618878776202743,0.8525390625,0,0,0
baseline_rc_a,baseline,asymmetric_hsbc_informed,RC-A,M2,16384,0,944966824,0.0068988000275567174,3.3994327999535017,3.4063315999810584,0.041397500000000004,0.18321200000000001,0.26197700000000002,0.21978899999999998,0.93101527022332164,0.82546019107334301,0.73380477788963194,0.75,1.1124202994893466,1.1297955713505747,1.2022133022425416,,64,8,12,gpu-hybrid,99.354041016108852,0.096593281026634878,6.2157334547255765,82.931126568910472,13.777563682610118,-3.5703826901373175,0.84463590155891999,0,0,0
baseline_rc_a,baseline,asymmetric_hsbc_informed,RC-A,M2,16384,1,3527947276,0.0067949999938718975,3.5147491000243463,3.5215441000182182,0.041397500000000004,0.18321200000000001,0.26197700000000002,0.21978899999999998,0.93101527022332164,0.82546019107334301,0.73380477788963194,0.75,1.1124202994893466,1.1297955713505747,1.2022133022425416,,64,8,12,gpu-hybrid,99.352016838666913,0.096627279008757713,6.2119856928052357,82.938222652466209,13.771947064720756,-3.570138571325292,0.84525331600361353,0,0,0
baseline_rc_a,baseline,asymmetric_hsbc_informed,RC-A,M2,16384,2,1750363855,0.0072269999654963613,3.4652821000199765,3.4725090999854729,0.041397500000000004,0.18321200000000001,0.26197700000000002,0.21978899999999998,0.93101527022332164,0.82546019107334301,0.73380477788963194,0.75,1.1124202994893466,1.1297955713505747,1.2022133022425416,,64,8,12,gpu-hybrid,99.201488780677252,0.09877393379565437,6.1974580441187976,82.628111889031771,14.075244430746416,-3.6993255832197258,0.84260691994329662,0,0,0
baseline_rc_a,baseline,asymmetric_hsbc_informed,RC-A,M2,16384,3,3174742985,0.0068986000260338187,3.3697647000080906,3.3766633000341244,0.041397500000000004,0.18321200000000001,0.26197700000000002,0.21978899999999998,0.93101527022332164,0.82546019107334301,0.73380477788963194,0.75,1.1124202994893466,1.1297955713505747,1.2022133022425416,,64,8,12,gpu-hybrid,99.474531178539863,0.094976005096068641,6.1501458716153383,83.373919732626717,13.378783812465269,-3.4283182381674582,0.85029436504846323,0,0,0
baseline_rc_a,baseline,asymmetric_hsbc_informed,RC-A,M2,16384,4,2349727883,0.006903100002091378,3.5001042999792844,3.5070073999813758,0.041397500000000004,0.18321200000000001,0.26197700000000002,0.21978899999999998,0.93101527022332164,0.82546019107334301,0.73380477788963194,0.75,1.1124202994893466,1.1297955713505747,1.2022133022425416,,64,8,12,gpu-hybrid,99.257504299191325,0.09793108726946792,6.228341508648163,82.499859369530768,14.193193406423063,-3.6638899854106688,0.84179401979498691,0,0,0
baseline_rc_a,baseline,asymmetric_hsbc_informed,RC-A,M2,16384,5,3271958403,0.0068890000111423433,3.4576366000110283,3.4645256000221707,0.041397500000000004,0.18321200000000001,0.26197700000000002,0.21978899999999998,0.93101527022332164,0.82546019107334301,0.73380477788963194,0.75,1.1124202994893466,1.1297955713505747,1.2022133022425416,,64,8,12,gpu-hybrid,99.171102993049701,0.099165611910388279,6.2172896428660041,82.600905868962826,14.092094284414507,-3.7391868031936468,0.84128378480385191,0,0,0
baseline_rc_a,baseline,asymmetric_hsbc_informed,RC-A,M2,16384,6,3797271333,0.0065195999923162162,3.4676455999724567,3.4741651999647729,0.041397500000000004,0.18321200000000001,0.26197700000000002,0.21978899999999998,0.93101527022332164,0.82546019107334301,0.73380477788963194,0.75,1.1124202994893466,1.1297955713505747,1.2022133022425416,,64,8,12,gpu-hybrid,99.267891218736665,0.097803538869704151,6.2172345997450202,82.744668155727226,13.957295455069771,-3.6513069918053622,0.84309144852583107,0,0,0
baseline_rc_a,baseline,asymmetric_hsbc_informed,RC-A,M2,16384,7,2381146222,0.0068315999815240502,4.2729770999867469,4.279808699968271,0.041397500000000004,0.18321200000000001,0.26197700000000002,0.21978899999999998,0.93101527022332164,0.82546019107334301,0.73380477788963194,0.75,1.1124202994893466,1.1297955713505747,1.2022133022425416,,64,8,12,gpu-hybrid,99.360858803545511,0.096548792896777771,6.1803663016402552,83.13102587464698,13.592215292261105,-3.5427486650028124,0.84821433822244696,0,0,0
baseline_rc_a,baseline,asymmetric_hsbc_informed,RC-A,M2,16384,8,4267557988,0.0079398000380024314,3.9664409999968484,3.9743808000348508,0.041397500000000004,0.18321200000000001,0.26197700000000002,0.21978899999999998,0.93101527022332164,0.82546019107334301,0.73380477788963194,0.75,1.1124202994893466,1.1297955713505747,1.2022133022425416,,64,8,12,gpu-hybrid,99.306537335199479,0.09731622411301015,6.1813974978041664,83.188203384179729,13.530432495478099,-3.5934960422625135,0.84580388539001117,0,0,0
baseline_rc_a,baseline,asymmetric_hsbc_informed,RC-A,M2,16384,9,577568851,0.0067812000052072108,3.4952445999952033,3.5020258000004105,0.041397500000000004,0.18321200000000001,0.26197700000000002,0.21978899999999998,0.93101527022332164,0.82546019107334301,0.73380477788963194,0.75,1.1124202994893466,1.1297955713505747,1.2022133022425416,,64,8,12,gpu-hybrid,99.314134472074443,0.097149230639505618,6.2194838050385295,82.815997089157804,13.889896040397401,-3.6112424625192938,0.84410115946555364,0,0,0
baseline_rc_a,baseline,asymmetric_hsbc_informed,RC-A,M2,16384,10,3662624666,0.0068078999756835401,3.4518534999806434,3.4586613999563269,0.041397500000000004,0.18321200000000001,0.26197700000000002,0.21978899999999998,0.93101527022332164,0.82546019107334301,0.73380477788963194,0.75,1.1124202994893466,1.1297955713505747,1.2022133022425416,,64,8,12,gpu-hybrid,99.42089622782828,0.095670096805495819,6.2020782949523738,83.177443259767301,13.54728234914619,-3.5059076760375771,0.84761638354288404,0,0,0
baseline_rc_a,baseline,asymmetric_hsbc_informed,RC-A,M2,16384,11,489526408,0.0066551999771036208,3.5020352000137791,3.5086903999908827,0.041397500000000004,0.18321200000000001,0.26197700000000002,0.21978899999999998,0.93101527022332164,0.82546019107334301,0.73380477788963194,0.75,1.1124202994893466,1.1297955713505747,1.2022133022425416,,64,8,12,gpu-hybrid,99.353391367214982,0.096575651097887558,6.2340712262350682,82.878771019384743,13.816880007835667,-3.5763308862405023,0.84280145397731587,0,0,0
baseline_rc_a,baseline,asymmetric_hsbc_informed,RC-A,M2,16384,12,1631150290,0.0071732000214979053,3.4391352999955416,3.4463085000170395,0.041397500000000004,0.18321200000000001,0.26197700000000002,0.21978899999999998,0.93101527022332164,0.82546019107334301,0.73380477788963194,0.75,1.1124202994893466,1.1297955713505747,1.2022133022425416,,64,8,12,gpu-hybrid,99.238608962763749,0.098225930010834628,6.2112763826422892,82.604492570299911,14.092094284414507,-3.6692542745929426,0.84001690192583134,-1.4210854715202004e-14,0,0
baseline_rc_a,baseline,asymmetric_hsbc_informed,RC-A,M2,16384,13,856490513,0.0066761000198312104,3.5567303000134416,3.5634064000332728,0.041397500000000004,0.18321200000000001,0.26197700000000002,0.21978899999999998,0.93101527022332164,0.82546019107334301,0.73380477788963194,0.75,1.1124202994893466,1.1297955713505747,1.2022133022425416,,64,8,12,gpu-hybrid,99.139749738338153,0.099487621087758799,6.2791355636253847,82.068041517373587,14.591973276567913,-3.7994006192287286,0.83631010907713521,0,0,0
baseline_rc_a,baseline,asymmetric_hsbc_informed,RC-A,M2,16384,14,1343674328,0.0067608999670483172,3.698669700010214,3.7054305999772623,0.041397500000000004,0.18321200000000001,0.26197700000000002,0.21978899999999998,0.93101527022332164,0.82546019107334301,0.73380477788963194,0.75,1.1124202994893466,1.1297955713505747,1.2022133022425416,,64,8,12,gpu-hybrid,99.350583280064257,0.096641672222415723,6.2159265407747881,82.748592705739213,13.957295455069769,-3.5712314215195082,0.8450383495073559,0,0,0
baseline_rc_a,baseline,asymmetric_hsbc_informed,RC-A,M2,16384,15,650855263,0.0072870000149123371,3.8915502000018023,3.8988372000167146,0.041397500000000004,0.18321200000000001,0.26197700000000002,0.21978899999999998,0.93101527022332164,0.82546019107334301,0.73380477788963194,0.75,1.1124202994893466,1.1297955713505747,1.2022133022425416,,64,8,12,gpu-hybrid,99.342802386509547,0.096695372548987468,6.2536662733416897,82.653892424600031,14.035928105520867,-3.6006844169530443,0.84224726633413738,0,0,0
baseline_rc_a,baseline,asymmetric_hsbc_informed,RC-A,M3,16384,0,2850409020,0.038095500029157847,3.544550699996762,3.5826462000259198,0.041397500000000004,0.18321200000000001,0.26197700000000002,0.21978899999999998,0.93101527022332164,0.82546019107334301,0.73380477788963194,0.75,1.1124202994893466,1.1297955713505747,1.2022133022425416,,64,8,12,gpu-hybrid,99.376144607606079,0.096285470797122005,6.2133661467920414,82.876691516122719,13.833729861503759,-3.5476429168124297,0.84462194493427134,0,0,0
baseline_rc_a,baseline,asymmetric_hsbc_informed,RC-A,M3,16384,1,3691748786,0.036551399971358478,3.4845902000088245,3.5211415999801829,0.041397500000000004,0.18321200000000001,0.26197700000000002,0.21978899999999998,0.93101527022332164,0.82546019107334301,0.73380477788963194,0.75,1.1124202994893466,1.1297955713505747,1.2022133022425416,,64,8,12,gpu-hybrid,99.328512268602026,0.096954797128080167,6.2143244007662135,82.952290037017349,13.755097211052664,-3.5931993802341928,0.84446753683885134,-1.4210854715202004e-14,0,0
baseline_rc_a,baseline,asymmetric_hsbc_informed,RC-A,M3,16384,2,2858879445,0.036314600030891597,3.3904964000103064,3.426811000041198,0.041397500000000004,0.18321200000000001,0.26197700000000002,0.21978899999999998,0.93101527022332164,0.82546019107334301,0.73380477788963194,0.75,1.1124202994893466,1.1297955713505747,1.2022133022425416,,64,8,12,gpu-hybrid,99.290418491771732,0.097497910043023439,6.210136088721792,82.815000279638681,13.889896040397399,-3.6246139169861431,0.84435232572916785,0,0,0
baseline_rc_a,baseline,asymmetric_hsbc_informed,RC-A,M3,16384,3,2486241973,0.033577300026081502,3.4380526999593712,3.4716299999854527,0.041397500000000004,0.18321200000000001,0.26197700000000002,0.21978899999999998,0.93101527022332164,0.82546019107334301,0.73380477788963194,0.75,1.1124202994893466,1.1297955713505747,1.2022133022425416,,64,8,12,gpu-hybrid,99.273104673549568,0.097751126972945093,6.2045218279195886,82.968519222722932,13.738247357384569,-3.6381837344775292,0.84394311884167772,0,0,0
baseline_rc_a,baseline,asymmetric_hsbc_informed,RC-A,M3,16384,4,2732394169,0.034799900022335351,3.3855684999725781,3.4203683999949135,0.041397500000000004,0.18321200000000001,0.26197700000000002,0.21978899999999998,0.93101527022332164,0.82546019107334301,0.73380477788963194,0.75,1.1124202994893466,1.1297955713505747,1.2022133022425416,,64,8,12,gpu-hybrid,99.28884363839876,0.097556559164714854,6.1876214936854108,82.955423728915505,13.760713828942027,-3.6149154131441898,0.84408250074513869,0,0,0
baseline_rc_a,baseline,asymmetric_hsbc_informed,RC-A,M3,16384,5,2033278798,0.035991600016131997,3.481704699981492,3.517696299997624,0.041397500000000004,0.18321200000000001,0.26197700000000002,0.21978899999999998,0.93101527022332164,0.82546019107334301,0.73380477788963194,0.75,1.1124202994893466,1.1297955713505747,1.2022133022425416,,64,8,12,gpu-hybrid,99.319015105815666,0.097117553123588135,6.1955652831266699,82.962035152369026,13.755097211052663,-3.5936825407326851,0.84487467850839293,0,0,0
baseline_rc_a,baseline,asymmetric_hsbc_informed,RC-A,M3,16384,6,2786558864,0.032194899977184832,3.4094878999749199,3.4416827999521047,0.041397500000000004,0.18321200000000001,0.26197700000000002,0.21978899999999998,0.93101527022332164,0.82546019107334301,0.73380477788963194,0.75,1.1124202994893466,1.1297955713505747,1.2022133022425416,,64,8,12,gpu-hybrid,99.262255390188585,0.097905433644435019,6.203744655372649,82.798454684598184,13.906745894065494,-3.646689843847732,0.84406004845712035,0,0,0
baseline_rc_a,baseline,asymmetric_hsbc_informed,RC-A,M3,16384,7,944325442,0.03401480003958568,3.4533011000021361,3.4873159000417218,0.041397500000000004,0.18321200000000001,0.26197700000000002,0.21978899999999998,0.93101527022332164,0.82546019107334301,0.73380477788963194,0.75,1.1124202994893466,1.1297955713505747,1.2022133022425416,,64,8,12,gpu-hybrid,99.347570585440209,0.096658183809747916,6.2335038212727589,82.765328921664889,13.940445601401677,-3.5917077588991244,0.84419407539435587,0,0,0
baseline_rc_a,baseline,asymmetric_hsbc_informed,RC-A,M3,16384,8,1841496099,0.032219199987594038,3.4651769999763928,3.4973961999639869,0.041397500000000004,0.18321200000000001,0.26197700000000002,0.21978899999999998,0.93101527022332164,0.82546019107334301,0.73380477788963194,0.75,1.1124202994893466,1.1297955713505747,1.2022133022425416,,64,8,12,gpu-hybrid,99.394800664381577,0.096028589010149573,6.2091093618876174,82.992888967654039,13.721397503716478,-3.5285951688765524,0.8461466257621606,0,0,0
baseline_rc_a,baseline,asymmetric_hsbc_informed,RC-A,M3,16384,9,1243230495,0.040325900015886873,4.1392483999952674,4.1795743000111543,0.041397500000000004,0.18321200000000001,0.26197700000000002,0.21978899999999998,0.93101527022332164,0.82546019107334301,0.73380477788963194,0.75,1.1124202994893466,1.1297955713505747,1.2022133022425416,,64,8,12,gpu-hybrid,99.306344628161071,0.097259917209596217,6.2187868741580559,82.790698518570821,13.912362511954857,-3.6155032765226567,0.84267632548914317,0,0,0
baseline_rc_a,baseline,asymmetric_hsbc_informed,RC-A,M3,16384,10,3613739137,0.041843799990601838,4.1437132999999449,4.1855570999905467,0.041397500000000004,0.18321200000000001,0.26197700000000002,0.21978899999999998,0.93101527022332164,0.82546019107334301,0.73380477788963194,0.75,1.1124202994893466,1.1297955713505747,1.2022133022425416,,64,8,12,gpu-hybrid,99.295007342626946,0.097419424601801183,6.2187939317509136,82.805546754993941,13.901129276176128,-3.6304626202940371,0.84380473190240368,1.4210854715202004e-14,0,0
baseline_rc_a,baseline,asymmetric_hsbc_informed,RC-A,M3,16384,11,1535169603,0.041617500013671815,4.0444757000077516,4.0860932000214234,0.041397500000000004,0.18321200000000001,0.26197700000000002,0.21978899999999998,0.93101527022332164,0.82546019107334301,0.73380477788963194,0.75,1.1124202994893466,1.1297955713505747,1.2022133022425416,,64,8,12,gpu-hybrid,99.383019139038055,0.096188897230525511,6.2131964393029069,83.079645414092838,13.631531617486655,-3.5413543318443472,0.84568648056219708,0,0,0
baseline_rc_a,baseline,asymmetric_hsbc_informed,RC-A,M3,16384,12,1758641683,0.043792800046503544,4.0948141000117175,4.1386069000582211,0.041397500000000004,0.18321200000000001,0.26197700000000002,0.21978899999999998,0.93101527022332164,0.82546019107334301,0.73380477788963194,0.75,1.1124202994893466,1.1297955713505747,1.2022133022425416,,64,8,12,gpu-hybrid,99.359125583381541,0.096552324054313188,6.1947087971730888,83.064220779994145,13.653998089044109,-3.553802082829808,0.84655630196106912,0,0,0
baseline_rc_a,baseline,asymmetric_hsbc_informed,RC-A,M3,16384,13,343249318,0.033648000040557235,4.073475299985148,4.1071233000257052,0.041397500000000004,0.18321200000000001,0.26197700000000002,0.21978899999999998,0.93101527022332164,0.82546019107334301,0.73380477788963194,0.75,1.1124202994893466,1.1297955713505747,1.2022133022425416,,64,8,12,gpu-hybrid,99.25386668386794,0.097992074114806677,6.2224746458300944,82.677627531304893,14.019078251852775,-3.6653137451198115,0.84250323613394218,0,0,0
baseline_rc_a,baseline,asymmetric_hsbc_informed,RC-A,M3,16384,14,347915024,0.036734500026796013,4.0223542000167072,4.0590887000435032,0.041397500000000004,0.18321200000000001,0.26197700000000002,0.21978899999999998,0.93101527022332164,0.82546019107334301,0.73380477788963194,0.75,1.1124202994893466,1.1297955713505747,1.2022133022425416,,64,8,12,gpu-hybrid,99.361616465421037,0.096479090991228228,6.2209592630510802,82.720913824225747,13.985378544516591,-3.5656351663723931,0.84337420851545686,0,0,0
baseline_rc_a,baseline,asymmetric_hsbc_informed,RC-A,M3,16384,15,4232297487,0.040207299985922873,3.9388223999994807,3.9790296999854036,0.041397500000000004,0.18321200000000001,0.26197700000000002,0.21978899999999998,0.93101527022332164,0.82546019107334301,0.73380477788963194,0.75,1.1124202994893466,1.1297955713505747,1.2022133022425416,,64,8,12,gpu-hybrid,99.32296380966018,0.097011798961358114,6.2281243427664013,82.725010732358498,13.974145308737864,-3.60431657420258,0.84173411951077537,0,0,0
baseline_rc_a,baseline,asymmetric_hsbc_informed,RC-A,M0,65536,0,1092099872,0.41729919996578246,0.53602820000378415,0.95332739996956661,0.041397500000000004,0.18321200000000001,0.26197700000000002,0.21978899999999998,0.93101527022332164,0.82546019107334301,0.73380477788963194,0.75,1.1124202994893466,1.1297955713505747,1.2022133022425416,52,,,,gpu,99.447406747621031,0.095293475471998054,6.2041524037494673,82.991758397693218,13.724205812661159,-3.4727098664827967,0.8558807373046875,0,0,0
baseline_rc_a,baseline,asymmetric_hsbc_informed,RC-A,M0,65536,1,1870417981,0.38562830002047122,0.12161799997556955,0.50724629999604076,0.041397500000000004,0.18321200000000001,0.26197700000000002,0.21978899999999998,0.93101527022332164,0.82546019107334301,0.73380477788963194,0.75,1.1124202994893466,1.1297955713505747,1.2022133022425416,52,,,,gpu,99.368502057038341,0.096397357236946077,6.2103913035766469,82.86743732040955,13.840750633865465,-3.5500772008133152,0.8541107177734375,0,0,0
baseline_rc_a,baseline,asymmetric_hsbc_informed,RC-A,M0,65536,2,2231978687,0.37268969998694956,0.11853670002892613,0.4912264000158757,0.041397500000000004,0.18321200000000001,0.26197700000000002,0.21978899999999998,0.93101527022332164,0.82546019107334301,0.73380477788963194,0.75,1.1124202994893466,1.1297955713505747,1.2022133022425416,52,,,,gpu,99.381050084893559,0.09624053526139989,6.1962014856215832,82.962161713009237,13.752288902107981,-3.5296020158452377,0.85406494140625,0,0,0
baseline_rc_a,baseline,asymmetric_hsbc_informed,RC-A,M0,65536,3,3584348563,0.39083449996542186,0.12154960003681481,0.51238410000223666,0.041397500000000004,0.18321200000000001,0.26197700000000002,0.21978899999999998,0.93101527022332164,0.82546019107334301,0.73380477788963194,0.75,1.1124202994893466,1.1297955713505747,1.2022133022425416,52,,,,gpu,99.418478858806779,0.095715479667771705,6.1935640902398639,82.977713191967652,13.742459820801594,-3.4952582442023368,0.8562164306640625,0,0,0
baseline_rc_a,baseline,asymmetric_hsbc_informed,RC-A,M0,65536,4,2304138002,0.38315769995097071,0.1189493999700062,0.50210709992097691,0.041397500000000004,0.18321200000000001,0.26197700000000002,0.21978899999999998,0.93101527022332164,0.82546019107334301,0.73380477788963194,0.75,1.1124202994893466,1.1297955713505747,1.2022133022425416,52,,,,gpu,99.398043535458228,0.095980443575048299,6.2109004300644051,82.890601046397393,13.819688316780351,-3.523146257783905,0.8548583984375,-1.4210854715202004e-14,0,0
baseline_rc_a,baseline,asymmetric_hsbc_informed,RC-A,M0,65536,5,1676799223,0.39027299999725074,0.12128270004177466,0.5115557000390254,0.041397500000000004,0.18321200000000001,0.26197700000000002,0.21978899999999998,0.93101527022332164,0.82546019107334301,0.73380477788963194,0.75,1.1124202994893466,1.1297955713505747,1.2022133022425416,52,,,,gpu,99.366555916220008,0.096395938371959339,6.2305239777129735,82.732532749788064,13.962912072959135,-3.559412884240162,0.852325439453125,0,0,0
baseline_rc_a,baseline,asymmetric_hsbc_informed,RC-A,M0,65536,6,2924683164,0.37634279998019338,0.11919659998966381,0.49553939996985719,0.041397500000000004,0.18321200000000001,0.26197700000000002,0.21978899999999998,0.93101527022332164,0.82546019107334301,0.73380477788963194,0.75,1.1124202994893466,1.1297955713505747,1.2022133022425416,52,,,,gpu,99.449187727715213,0.095258411562393897,6.2121058463219461,83.021023379087097,13.689101950852635,-3.473043448546469,0.8558502197265625,0,0,0
baseline_rc_a,baseline,asymmetric_hsbc_informed,RC-A,M0,65536,7,2414136455,0.38505979999899864,0.12194379995344207,0.50700359995244071,0.041397500000000004,0.18321200000000001,0.26197700000000002,0.21978899999999998,0.93101527022332164,0.82546019107334301,0.73380477788963194,0.75,1.1124202994893466,1.1297955713505747,1.2022133022425416,52,,,,gpu,99.295048017082976,0.097424304246003804,6.2153776200561257,82.715293784959627,13.981166081099566,-3.6167894690323559,0.8525390625,0,0,0
baseline_rc_a,baseline,asymmetric_hsbc_informed,RC-A,M0,65536,8,3450905296,0.37185090000275522,0.1195714000496082,0.49142230005236343,0.041397500000000004,0.18321200000000001,0.26197700000000002,0.21978899999999998,0.93101527022332164,0.82546019107334301,0.73380477788963194,0.75,1.1124202994893466,1.1297955713505747,1.2022133022425416,52,,,,gpu,99.420351662567157,0.095708622177025929,6.1787750040835219,83.093666122178973,13.632935771958994,-3.4850252356543292,0.8558502197265625,0,0,0
baseline_rc_a,baseline,asymmetric_hsbc_informed,RC-A,M0,65536,9,619532529,0.366585900017526,0.11943119997158647,0.48601709998911247,0.041397500000000004,0.18321200000000001,0.26197700000000002,0.21978899999999998,0.93101527022332164,0.82546019107334301,0.73380477788963194,0.75,1.1124202994893466,1.1297955713505747,1.2022133022425416,52,,,,gpu,99.324852252549718,0.09701173620149367,6.2107933452383062,82.74261423368111,13.961507918486792,-3.5900632448564744,0.8529205322265625,0,0,0
baseline_rc_a,baseline,asymmetric_hsbc_informed,RC-A,M0,65536,10,2376186756,0.37451430002693087,0.11985830002231523,0.4943726000492461,0.041397500000000004,0.18321200000000001,0.26197700000000002,0.21978899999999998,0.93101527022332164,0.82546019107334301,0.73380477788963194,0.75,1.1124202994893466,1.1297955713505747,1.2022133022425416,52,,,,gpu,99.378200970963817,0.096273837501490156,6.2010967300711277,82.845694952218139,13.867429568839945,-3.536020280165399,0.8525390625,0,0,0
baseline_rc_a,baseline,asymmetric_hsbc_informed,RC-A,M0,65536,11,3693306470,0.37682060000952333,0.1187076999922283,0.49552830000175163,0.041397500000000004,0.18321200000000001,0.26197700000000002,0.21978899999999998,0.93101527022332164,0.82546019107334301,0.73380477788963194,0.75,1.1124202994893466,1.1297955713505747,1.2022133022425416,52,,,,gpu,99.517426839509469,0.094295553630639434,6.2136440734628042,83.176735860173864,13.541665731256828,-3.4146188253840299,0.8569793701171875,0,0,0
baseline_rc_a,baseline,asymmetric_hsbc_informed,RC-A,M0,65536,12,2017878434,0.36166290001710877,0.11918200005311519,0.48084490007022396,0.041397500000000004,0.18321200000000001,0.26197700000000002,0.21978899999999998,0.93101527022332164,0.82546019107334301,0.73380477788963194,0.75,1.1124202994893466,1.1297955713505747,1.2022133022425416,52,,,,gpu,99.385936497310695,0.096170502202651179,6.1969370665617429,82.974880642878091,13.739651511856911,-3.525532723986049,0.855377197265625,0,0,0
baseline_rc_a,baseline,asymmetric_hsbc_informed,RC-A,M0,65536,13,3244938704,0.38073269999586046,0.11962239997228608,0.50035509996814653,0.041397500000000004,0.18321200000000001,0.26197700000000002,0.21978899999999998,0.93101527022332164,0.82546019107334301,0.73380477788963194,0.75,1.1124202994893466,1.1297955713505747,1.2022133022425416,52,,,,gpu,99.36680585832336,0.096403137032040009,6.2230298373843009,82.766255961682162,13.933424829039971,-3.555904769783079,0.8535614013671875,0,0,0
baseline_rc_a,baseline,asymmetric_hsbc_informed,RC-A,M0,65536,14,3012433652,0.39779540000017732,0.12132310000015423,0.51911850000033155,0.041397500000000004,0.18321200000000001,0.26197700000000002,0.21978899999999998,0.93101527022332164,0.82546019107334301,0.73380477788963194,0.75,1.1124202994893466,1.1297955713505747,1.2022133022425416,52,,,,gpu,99.381659038806816,0.09620642569753593,6.214356612463364,82.769258984662457,13.937637292456994,-3.5395938507759972,0.8536224365234375,0,0,0
baseline_rc_a,baseline,asymmetric_hsbc_informed,RC-A,M0,65536,15,2342487112,0.39364719996228814,0.12626779999118298,0.51991499995347112,0.041397500000000004,0.18321200000000001,0.26197700000000002,0.21978899999999998,0.93101527022332164,0.82546019107334301,0.73380477788963194,0.75,1.1124202994893466,1.1297955713505747,1.2022133022425416,52,,,,gpu,99.359100777543105,0.096547150371800686,6.1984912000325547,82.909856718784681,13.800030154167576,-3.5492772954416916,0.8542633056640625,0,0,0
baseline_rc_a,baseline,asymmetric_hsbc_informed,RC-A,M1,65536,0,229295211,2.0777565999887884,0.27034639997873455,2.3481029999675229,0.041397500000000004,0.18321200000000001,0.26197700000000002,0.21978899999999998,0.93101527022332164,0.82546019107334301,0.73380477788963194,0.75,1.1124202994893466,1.1297955713505747,1.2022133022425416,52,,,,gpu,99.420256260805999,0.09566480074427415,6.2129596016227335,82.923027624518767,13.785988609444164,-3.501719574779651,0.85516357421875,0,0,0
baseline_rc_a,baseline,asymmetric_hsbc_informed,RC-A,M1,65536,1,3051364096,1.8590307999984361,0.32901060004951432,2.1880414000479504,0.041397500000000004,0.18321200000000001,0.26197700000000002,0.21978899999999998,0.93101527022332164,0.82546019107334301,0.73380477788963194,0.75,1.1124202994893466,1.1297955713505747,1.2022133022425416,52,,,,gpu,99.394258360594279,0.096040088529334086,6.2063049189648254,82.913013884318971,13.798625999695235,-3.5236864423847627,0.8541717529296875,1.4210854715202004e-14,0,0
baseline_rc_a,baseline,asymmetric_hsbc_informed,RC-A,M1,65536,2,839805095,1.8901050999993458,0.34603519999654964,2.2361402999958955,0.041397500000000004,0.18321200000000001,0.26197700000000002,0.21978899999999998,0.93101527022332164,0.82546019107334301,0.73380477788963194,0.75,1.1124202994893466,1.1297955713505747,1.2022133022425416,52,,,,gpu,99.419288339110025,0.095699200585167288,6.1972224974950034,83.034850300860739,13.680677024018587,-3.4934614832643169,0.8553466796875,0,0,0
baseline_rc_a,baseline,asymmetric_hsbc_informed,RC-A,M1,65536,3,3811872341,2.1435544000123627,0.39568050001980737,2.5392349000321701,0.041397500000000004,0.18321200000000001,0.26197700000000002,0.21978899999999998,0.93101527022332164,0.82546019107334301,0.73380477788963194,0.75,1.1124202994893466,1.1297955713505747,1.2022133022425416,52,,,,gpu,99.38576740393799,0.096153944255846349,6.2105036231446231,82.846629429759417,13.861812950950581,-3.533178599916619,0.8533477783203125,0,0,0
baseline_rc_a,baseline,asymmetric_hsbc_informed,RC-A,M1,65536,4,1253282446,2.2518711999873631,0.37600620003649965,2.6278774000238627,0.041397500000000004,0.18321200000000001,0.26197700000000002,0.21978899999999998,0.93101527022332164,0.82546019107334301,0.73380477788963194,0.75,1.1124202994893466,1.1297955713505747,1.2022133022425416,52,,,,gpu,99.371365984939146,0.096364389726177752,6.2052186351178253,82.819184201258025,13.88849188592506,-3.5415287373617703,0.8537139892578125,0,0,0
baseline_rc_a,baseline,asymmetric_hsbc_informed,RC-A,M1,65536,5,2502861733,2.2388273000251502,0.34206280001671985,2.58089010004187,0.041397500000000004,0.18321200000000001,0.26197700000000002,0.21978899999999998,0.93101527022332164,0.82546019107334301,0.73380477788963194,0.75,1.1124202994893466,1.1297955713505747,1.2022133022425416,52,,,,gpu,99.389438549707549,0.09613485901453063,6.187029436229099,83.014390315002231,13.701739341103703,-3.5137205426274782,0.8550872802734375,0,0,0
baseline_rc_a,baseline,asymmetric_hsbc_informed,RC-A,M1,65536,6,1704553214,1.9281964999972843,0.38805720000527799,2.3162537000025623,0.041397500000000004,0.18321200000000001,0.26197700000000002,0.21978899999999998,0.93101527022332164,0.82546019107334301,0.73380477788963194,0.75,1.1124202994893466,1.1297955713505747,1.2022133022425416,52,,,,gpu,99.380483402119211,0.096243971318244637,6.1994373427852976,82.954144635518333,13.759309674469687,-3.532408250654119,0.854248046875,0,0,0
baseline_rc_a,baseline,asymmetric_hsbc_informed,RC-A,M1,65536,7,2758749744,1.9505716999992728,0.33432630001334473,2.2848980000126176,0.041397500000000004,0.18321200000000001,0.26197700000000002,0.21978899999999998,0.93101527022332164,0.82546019107334301,0.73380477788963194,0.75,1.1124202994893466,1.1297955713505747,1.2022133022425416,52,,,,gpu,99.371166891845917,0.096350754551140505,6.2167464531476018,82.771144396139647,13.933424829039971,-3.5501487864813086,0.8531646728515625,0,0,0
baseline_rc_a,baseline,asymmetric_hsbc_informed,RC-A,M1,65536,8,1772089492,2.0727117999922484,0.32571270002517849,2.3984245000174269,0.041397500000000004,0.18321200000000001,0.26197700000000002,0.21978899999999998,0.93101527022332164,0.82546019107334301,0.73380477788963194,0.75,1.1124202994893466,1.1297955713505747,1.2022133022425416,52,,,,gpu,99.40741212783692,0.095843516096850004,6.2145788672769582,82.758083047721996,13.947466373763383,-3.5127161609254172,0.8538818359375,1.4210854715202004e-14,0,0
baseline_rc_a,baseline,asymmetric_hsbc_informed,RC-A,M1,65536,9,2879163431,2.2723369000013918,0.32466260000364855,2.5969995000050403,0.041397500000000004,0.18321200000000001,0.26197700000000002,0.21978899999999998,0.93101527022332164,0.82546019107334301,0.73380477788963194,0.75,1.1124202994893466,1.1297955713505747,1.2022133022425416,52,,,,gpu,99.392604379861169,0.096092324702120313,6.1854176377939609,82.997479325342965,13.721397503716478,-3.5116900869922341,0.8546295166015625,0,0,0
baseline_rc_a,baseline,asymmetric_hsbc_informed,RC-A,M1,65536,10,654329070,2.2259976000059396,0.33348789997398853,2.5594854999799281,0.041397500000000004,0.18321200000000001,0.26197700000000002,0.21978899999999998,0.93101527022332164,0.82546019107334301,0.73380477788963194,0.75,1.1124202994893466,1.1297955713505747,1.2022133022425416,52,,,,gpu,99.394024942164094,0.096045237697362437,6.2049552556049088,82.988863625807838,13.722801658188819,-3.5225955974374696,0.8552093505859375,0,0,0
baseline_rc_a,baseline,asymmetric_hsbc_informed,RC-A,M1,65536,11,1003202602,2.1778053999878466,0.39251350000267848,2.5703188999905251,0.041397500000000004,0.18321200000000001,0.26197700000000002,0.21978899999999998,0.93101527022332164,0.82546019107334301,0.73380477788963194,0.75,1.1124202994893466,1.1297955713505747,1.2022133022425416,52,,,,gpu,99.39006813519876,0.09608224206798778,6.2185426310890701,82.818073211878357,13.88708773145272,-3.5336354392213867,0.8537139892578125,0,0,0
baseline_rc_a,baseline,asymmetric_hsbc_informed,RC-A,M1,65536,12,3214488808,2.1081913000089116,0.31873319996520877,2.4269244999741204,0.041397500000000004,0.18321200000000001,0.26197700000000002,0.21978899999999998,0.93101527022332164,0.82546019107334301,0.73380477788963194,0.75,1.1124202994893466,1.1297955713505747,1.2022133022425416,52,,,,gpu,99.489593500905968,0.094690792844700264,6.210798952947588,82.953001218371782,13.76633044683139,-3.4405371172447818,0.8554840087890625,0,0,0
baseline_rc_a,baseline,asymmetric_hsbc_informed,RC-A,M1,65536,13,1296747372,2.1626377000357024,0.39171519997762516,2.5543529000133276,0.041397500000000004,0.18321200000000001,0.26197700000000002,0.21978899999999998,0.93101527022332164,0.82546019107334301,0.73380477788963194,0.75,1.1124202994893466,1.1297955713505747,1.2022133022425416,52,,,,gpu,99.364286911324214,0.096472244537262358,6.1996633092329461,82.942184270652149,13.770542910248414,-3.5481035788092905,0.8541259765625,0,0,0
baseline_rc_a,baseline,asymmetric_hsbc_informed,RC-A,M1,65536,14,2538449850,2.1904118999955244,0.39959639997687191,2.5900082999723963,0.041397500000000004,0.18321200000000001,0.26197700000000002,0.21978899999999998,0.93101527022332164,0.82546019107334301,0.73380477788963194,0.75,1.1124202994893466,1.1297955713505747,1.2022133022425416,52,,,,gpu,99.364725405464043,0.096466775554235995,6.1991656516523808,82.865424954361742,13.846367251754828,-3.5462324523049102,0.8542022705078125,0,0,0
baseline_rc_a,baseline,asymmetric_hsbc_informed,RC-A,M1,65536,15,1408956734,2.2141622999915853,0.39204360003350303,2.6062059000250883,0.041397500000000004,0.18321200000000001,0.26197700000000002,0.21978899999999998,0.93101527022332164,0.82546019107334301,0.73380477788963194,0.75,1.1124202994893466,1.1297955713505747,1.2022133022425416,52,,,,gpu,99.395770115381652,0.096004897848166321,6.2164315019380254,82.901393659985914,13.807050926529282,-3.5291059730715797,0.8544464111328125,0,0,0
baseline_rc_a,baseline,asymmetric_hsbc_informed,RC-A,M2,65536,0,1138304737,0.029728099994827062,16.049478699977044,16.079206799971871,0.041397500000000004,0.18321200000000001,0.26197700000000002,0.21978899999999998,0.93101527022332164,0.82546019107334301,0.73380477788963194,0.75,1.1124202994893466,1.1297955713505747,1.2022133022425416,,64,8,12,gpu-hybrid,99.307497435516609,0.097283388225099562,6.1935571806136673,82.827118248610674,13.887087731452718,-3.6002657251604537,0.84462017143719681,0,0,0
baseline_rc_a,baseline,asymmetric_hsbc_informed,RC-A,M2,65536,1,3571322503,0.027724099985789508,15.347999399993569,15.375723499979358,0.041397500000000004,0.18321200000000001,0.26197700000000002,0.21978899999999998,0.93101527022332164,0.82546019107334301,0.73380477788963194,0.75,1.1124202994893466,1.1297955713505747,1.2022133022425416,,64,8,12,gpu-hybrid,99.318795601046006,0.097088214007052379,6.2165263379220628,82.77063667815213,13.932020674567632,-3.600388089595818,0.84277411043219252,0,0,0
baseline_rc_a,baseline,asymmetric_hsbc_informed,RC-A,M2,65536,2,2829079904,0.029286600009072572,15.103394599980675,15.132681199989747,0.041397500000000004,0.18321200000000001,0.26197700000000002,0.21978899999999998,0.93101527022332164,0.82546019107334301,0.73380477788963194,0.75,1.1124202994893466,1.1297955713505747,1.2022133022425416,,64,8,12,gpu-hybrid,99.282199764248844,0.097643135002250456,6.1921211355553893,82.921419067540654,13.791605227333529,-3.6229456661807391,0.84469735871744844,0,0,0
baseline_rc_a,baseline,asymmetric_hsbc_informed,RC-A,M2,65536,3,676551851,0.029153099982067943,15.503125100047328,15.532278200029396,0.041397500000000004,0.18321200000000001,0.26197700000000002,0.21978899999999998,0.93101527022332164,0.82546019107334301,0.73380477788963194,0.75,1.1124202994893466,1.1297955713505747,1.2022133022425416,,64,8,12,gpu-hybrid,99.325394373482951,0.096988053704560914,6.2212961855250626,82.753657867635255,13.951678837180406,-3.6012385168577747,0.84418073015738637,0,0,0
baseline_rc_a,baseline,asymmetric_hsbc_informed,RC-A,M2,65536,4,2085503634,0.02854309999383986,15.116459899989422,15.145002999983262,0.041397500000000004,0.18321200000000001,0.26197700000000002,0.21978899999999998,0.93101527022332164,0.82546019107334301,0.73380477788963194,0.75,1.1124202994893466,1.1297955713505747,1.2022133022425416,,64,8,12,gpu-hybrid,99.322661603932843,0.097079644560922357,6.1867754360783254,83.020419885474325,13.69893103215902,-3.5834647497788241,0.84553376670999481,0,0,0
baseline_rc_a,baseline,asymmetric_hsbc_informed,RC-A,M2,65536,5,2315427670,0.031635400024242699,16.240099199989345,16.271734600013588,0.041397500000000004,0.18321200000000001,0.26197700000000002,0.21978899999999998,0.93101527022332164,0.82546019107334301,0.73380477788963194,0.75,1.1124202994893466,1.1297955713505747,1.2022133022425416,,64,8,12,gpu-hybrid,99.296343367440969,0.09741721843424557,6.2083895557150601,82.728262070613312,13.976953617682543,-3.6172618765699442,0.84410643812786801,0,0,0
baseline_rc_a,baseline,asymmetric_hsbc_informed,RC-A,M2,65536,6,146282204,0.030771300022024661,15.447043400024995,15.47781470004702,0.041397500000000004,0.18321200000000001,0.26197700000000002,0.21978899999999998,0.93101527022332164,0.82546019107334301,0.73380477788963194,0.75,1.1124202994893466,1.1297955713505747,1.2022133022425416,,64,8,12,gpu-hybrid,99.317816735062337,0.097115200477138605,6.2079865962200822,82.851956698649758,13.857600487533556,-3.5997270473410592,0.84426892021398348,0,0,0
baseline_rc_a,baseline,asymmetric_hsbc_informed,RC-A,M2,65536,7,2810776690,0.030449200014118105,14.779898000007961,14.810347200022079,0.041397500000000004,0.18321200000000001,0.26197700000000002,0.21978899999999998,0.93101527022332164,0.82546019107334301,0.73380477788963194,0.75,1.1124202994893466,1.1297955713505747,1.2022133022425416,,64,8,12,gpu-hybrid,99.318290374214286,0.097156607259383465,6.1770755146210696,82.961651295136178,13.760713828942027,-3.5811502644849833,0.84550608953780415,0,0,0
baseline_rc_a,baseline,asymmetric_hsbc_informed,RC-A,M2,65536,8,3366524677,0.026536399964243174,13.230274199973792,13.256810599938035,0.041397500000000004,0.18321200000000001,0.26197700000000002,0.21978899999999998,0.93101527022332164,0.82546019107334301,0.73380477788963194,0.75,1.1124202994893466,1.1297955713505747,1.2022133022425416,,64,8,12,gpu-hybrid,99.344416348508673,0.096753008693321541,6.1994505146086869,82.996838446667354,13.715780885827114,-3.567653498594479,0.84652541508218471,0,0,0
baseline_rc_a,baseline,asymmetric_hsbc_informed,RC-A,M2,65536,9,319975700,0.026360300020314753,13.21739169995999,13.243751999980304,0.041397500000000004,0.18321200000000001,0.26197700000000002,0.21978899999999998,0.93101527022332164,0.82546019107334301,0.73380477788963194,0.75,1.1124202994893466,1.1297955713505747,1.2022133022425416,,64,8,12,gpu-hybrid,99.246129849563431,0.098129961612853714,6.2054446258241533,82.707249438147528,13.995207625822978,-3.6617718402312387,0.84254287133222838,0,0,0
baseline_rc_a,baseline,asymmetric_hsbc_informed,RC-A,M2,65536,10,2394488980,0.025703599967528135,13.453923400025815,13.479626999993343,0.041397500000000004,0.18321200000000001,0.26197700000000002,0.21978899999999998,0.93101527022332164,0.82546019107334301,0.73380477788963194,0.75,1.1124202994893466,1.1297955713505747,1.2022133022425416,,64,8,12,gpu-hybrid,99.362967630742503,0.096460193998238367,6.2208845389944054,82.855279683023568,13.85198386964419,-3.5651804609196591,0.84442507903287978,0,0,0
baseline_rc_a,baseline,asymmetric_hsbc_informed,RC-A,M2,65536,11,1132737790,0.03436729998793453,15.188708900008351,15.223076199996285,0.041397500000000004,0.18321200000000001,0.26197700000000002,0.21978899999999998,0.93101527022332164,0.82546019107334301,0.73380477788963194,0.75,1.1124202994893466,1.1297955713505747,1.2022133022425416,,64,8,12,gpu-hybrid,99.342147655693196,0.096783499997912623,6.2004718198726367,82.992389708101015,13.721397503716478,-3.5721113759969318,0.84592907311787069,0,0,0
baseline_rc_a,baseline,asymmetric_hsbc_informed,RC-A,M2,65536,12,3446092808,0.03049579996149987,15.808432199992239,15.838927999953739,0.041397500000000004,0.18321200000000001,0.26197700000000002,0.21978899999999998,0.93101527022332164,0.82546019107334301,0.73380477788963194,0.75,1.1124202994893466,1.1297955713505747,1.2022133022425416,,64,8,12,gpu-hybrid,99.310087523344023,0.097246141175257608,6.1939736580721778,82.868365289107956,13.846367251754831,-3.5986186755909344,0.84571528569341747,-1.4210854715202004e-14,0,0
baseline_rc_a,baseline,asymmetric_hsbc_informed,RC-A,M2,65536,13,3383419395,0.031213600013870746,15.479131700005382,15.510345300019253,0.041397500000000004,0.18321200000000001,0.26197700000000002,0.21978899999999998,0.93101527022332164,0.82546019107334301,0.73380477788963194,0.75,1.1124202994893466,1.1297955713505747,1.2022133022425416,,64,8,12,gpu-hybrid,99.341682503679351,0.096779907768505855,6.2072579130095304,82.888190471680034,13.823900780197372,-3.5776666612075907,0.84477464594288432,0,0,0
baseline_rc_a,baseline,asymmetric_hsbc_informed,RC-A,M2,65536,14,4062643669,0.028535599994938821,13.464075600029901,13.492611200024839,0.041397500000000004,0.18321200000000001,0.26197700000000002,0.21978899999999998,0.93101527022332164,0.82546019107334301,0.73380477788963194,0.75,1.1124202994893466,1.1297955713505747,1.2022133022425416,,64,8,12,gpu-hybrid,99.34747187161274,0.096698720285827669,6.206973302781333,82.953207201188292,13.756501365525004,-3.569209997881885,0.84489337569566536,0,0,0
baseline_rc_a,baseline,asymmetric_hsbc_informed,RC-A,M2,65536,15,533051770,0.024928800005000085,13.095771299966145,13.120700099971145,0.041397500000000004,0.18321200000000001,0.26197700000000002,0.21978899999999998,0.93101527022332164,0.82546019107334301,0.73380477788963194,0.75,1.1124202994893466,1.1297955713505747,1.2022133022425416,,64,8,12,gpu-hybrid,99.359043656975828,0.096527881388632678,6.2122747963029088,82.936546927813481,13.773351219193096,-3.5631292863336581,0.84418227987289052,1.4210854715202004e-14,0,0
baseline_rc_a,baseline,asymmetric_hsbc_informed,RC-A,M3,65536,0,3856399811,0.12675060000037774,13.41836119996151,13.545111799961887,0.041397500000000004,0.18321200000000001,0.26197700000000002,0.21978899999999998,0.93101527022332164,0.82546019107334301,0.73380477788963194,0.75,1.1124202994893466,1.1297955713505747,1.2022133022425416,,64,8,12,gpu-hybrid,99.337639457269205,0.096831430637831298,6.2108962428523906,82.898601100172954,13.811263389946305,-3.5831212757024411,0.84484437599486206,0,0,0
baseline_rc_a,baseline,asymmetric_hsbc_informed,RC-A,M3,65536,1,3953207379,0.12020590004976839,13.443084499973338,13.563290400023106,0.041397500000000004,0.18321200000000001,0.26197700000000002,0.21978899999999998,0.93101527022332164,0.82546019107334301,0.73380477788963194,0.75,1.1124202994893466,1.1297955713505747,1.2022133022425416,,64,8,12,gpu-hybrid,99.343398022398745,0.096760546696643676,6.2040260604628186,82.94212966787515,13.769138755776074,-3.5718964617153,0.84561296978704836,0,0,0
baseline_rc_a,baseline,asymmetric_hsbc_informed,RC-A,M3,65536,2,2376557205,0.17017170001054183,15.76412160001928,15.934293300029822,0.041397500000000004,0.18321200000000001,0.26197700000000002,0.21978899999999998,0.93101527022332164,0.82546019107334301,0.73380477788963194,0.75,1.1124202994893466,1.1297955713505747,1.2022133022425416,,64,8,12,gpu-hybrid,99.326612998825496,0.097002012386780648,6.2009351497732332,82.879343740198038,13.832325707031419,-3.5859915981771815,0.84498388186432227,0,0,0
baseline_rc_a,baseline,asymmetric_hsbc_informed,RC-A,M3,65536,3,2958476797,0.12247999996179715,13.620792300032917,13.743272299994715,0.041397500000000004,0.18321200000000001,0.26197700000000002,0.21978899999999998,0.93101527022332164,0.82546019107334301,0.73380477788963194,0.75,1.1124202994893466,1.1297955713505747,1.2022133022425416,,64,8,12,gpu-hybrid,99.355187613471557,0.096592414702254784,6.2052915170319958,82.888337899270169,13.825304934669715,-3.5637467375003276,0.84491629042004113,0,0,0
baseline_rc_a,baseline,asymmetric_hsbc_informed,RC-A,M3,65536,4,1120808347,0.120992100040894,14.092533599992748,14.213525700033642,0.041397500000000004,0.18321200000000001,0.26197700000000002,0.21978899999999998,0.93101527022332164,0.82546019107334301,0.73380477788963194,0.75,1.1124202994893466,1.1297955713505747,1.2022133022425416,,64,8,12,gpu-hybrid,99.333760857442087,0.09689957782250222,6.201972692247864,82.864676642991228,13.846367251754829,-3.5792557295518352,0.84459128095585856,0,0,0
baseline_rc_a,baseline,asymmetric_hsbc_informed,RC-A,M3,65536,5,2190382366,0.15882730000885203,14.491972299991176,14.650799600000028,0.041397500000000004,0.18321200000000001,0.26197700000000002,0.21978899999999998,0.93101527022332164,0.82546019107334301,0.73380477788963194,0.75,1.1124202994893466,1.1297955713505747,1.2022133022425416,,64,8,12,gpu-hybrid,99.368237893670624,0.096400358937137776,6.210893818356185,82.912854635613613,13.798625999695235,-3.5541365599944097,0.84456885564751039,0,0,0
baseline_rc_a,baseline,asymmetric_hsbc_informed,RC-A,M3,65536,6,1735296568,0.11870369996177033,14.518156500009354,14.636860199971125,0.041397500000000004,0.18321200000000001,0.26197700000000002,0.21978899999999998,0.93101527022332164,0.82546019107334301,0.73380477788963194,0.75,1.1124202994893466,1.1297955713505747,1.2022133022425416,,64,8,12,gpu-hybrid,99.348786639455298,0.096680509915742355,6.2067542620865455,82.928262277744949,13.783180300499483,-3.5694102008756845,0.84512260716281773,0,0,0
baseline_rc_a,baseline,asymmetric_hsbc_informed,RC-A,M3,65536,7,3976893658,0.13983210001606494,15.31310529995244,15.452937399968505,0.041397500000000004,0.18321200000000001,0.26197700000000002,0.21978899999999998,0.93101527022332164,0.82546019107334301,0.73380477788963194,0.75,1.1124202994893466,1.1297955713505747,1.2022133022425416,,64,8,12,gpu-hybrid,99.330174626699275,0.096939043435945171,6.209285989787845,82.831827779917973,13.880066959091012,-3.5910061020975461,0.84488932467391398,0,0,0
baseline_rc_a,baseline,asymmetric_hsbc_informed,RC-A,M3,65536,8,3028173356,0.13010470004519448,15.596265200001653,15.726369900046848,0.041397500000000004,0.18321200000000001,0.26197700000000002,0.21978899999999998,0.93101527022332164,0.82546019107334301,0.73380477788963194,0.75,1.1124202994893466,1.1297955713505747,1.2022133022425416,,64,8,12,gpu-hybrid,99.336528353733115,0.096846558910260269,6.2112451872125645,82.791887055066908,13.91657497537188,-3.5831788639182522,0.84434328382743717,0,0,0
baseline_rc_a,baseline,asymmetric_hsbc_informed,RC-A,M3,65536,9,3633181420,0.13184550002915785,14.644081600010395,14.775927100039553,0.041397500000000004,0.18321200000000001,0.26197700000000002,0.21978899999999998,0.93101527022332164,0.82546019107334301,0.73380477788963194,0.75,1.1124202994893466,1.1297955713505747,1.2022133022425416,,64,8,12,gpu-hybrid,99.328313227843424,0.096975750776293612,6.2024206789753968,82.876314277938334,13.836538170448442,-3.5869598995187442,0.84469883456550554,-1.4210854715202004e-14,0,0
baseline_rc_a,baseline,asymmetric_hsbc_informed,RC-A,M3,65536,10,3530395328,0.13394049997441471,14.349945700028911,14.483886200003326,0.041397500000000004,0.18321200000000001,0.26197700000000002,0.21978899999999998,0.93101527022332164,0.82546019107334301,0.73380477788963194,0.75,1.1124202994893466,1.1297955713505747,1.2022133022425416,,64,8,12,gpu-hybrid,99.34418050254024,0.096734372731100624,6.2141964266249836,82.867473859648243,13.842154788337808,-3.5796445720707948,0.84531997501342238,0,0,0
baseline_rc_a,baseline,asymmetric_hsbc_informed,RC-A,M3,65536,11,1879382291,0.11624030000530183,13.77372410002863,13.889964400033932,0.041397500000000004,0.18321200000000001,0.26197700000000002,0.21978899999999998,0.93101527022332164,0.82546019107334301,0.73380477788963194,0.75,1.1124202994893466,1.1297955713505747,1.2022133022425416,,64,8,12,gpu-hybrid,99.333494886944294,0.096894305727491359,6.2079305362300108,82.862451353938354,13.847771406227171,-3.5846584094512322,0.84453231901198411,0,0,0
baseline_rc_a,baseline,asymmetric_hsbc_informed,RC-A,M3,65536,12,3767508001,0.11330959998304024,14.164864699996542,14.278174299979582,0.041397500000000004,0.18321200000000001,0.26197700000000002,0.21978899999999998,0.93101527022332164,0.82546019107334301,0.73380477788963194,0.75,1.1124202994893466,1.1297955713505747,1.2022133022425416,,64,8,12,gpu-hybrid,99.338338871297978,0.096820304724704917,6.2117441941534421,82.902759894763648,13.80705092652928,-3.5832161441483938,0.84523347628824119,0,0,0
baseline_rc_a,baseline,asymmetric_hsbc_informed,RC-A,M3,65536,13,338586049,0.11204319994430989,13.383414299983997,13.495457499928307,0.041397500000000004,0.18321200000000001,0.26197700000000002,0.21978899999999998,0.93101527022332164,0.82546019107334301,0.73380477788963194,0.75,1.1124202994893466,1.1297955713505747,1.2022133022425416,,64,8,12,gpu-hybrid,99.352115972387537,0.096622264077615636,6.2144498266824328,82.862424937930641,13.846367251754829,-3.5711260439803603,0.84484596262969824,-1.4210854715202004e-14,0,0
baseline_rc_a,baseline,asymmetric_hsbc_informed,RC-A,M3,65536,14,3700908822,0.11226800002623349,13.616505899990443,13.728773900016677,0.041397500000000004,0.18321200000000001,0.26197700000000002,0.21978899999999998,0.93101527022332164,0.82546019107334301,0.73380477788963194,0.75,1.1124202994893466,1.1297955713505747,1.2022133022425416,,64,8,12,gpu-hybrid,99.347667460475776,0.0967157245739136,6.1936635313450958,83.029094803732121,13.686293641907953,-3.5613845165093965,0.84513005507111827,0,0,0
baseline_rc_a,baseline,asymmetric_hsbc_informed,RC-A,M3,65536,15,1536178541,0.11143249995075166,14.52266099996632,14.634093499917071,0.041397500000000004,0.18321200000000001,0.26197700000000002,0.21978899999999998,0.93101527022332164,0.82546019107334301,0.73380477788963194,0.75,1.1124202994893466,1.1297955713505747,1.2022133022425416,,64,8,12,gpu-hybrid,99.346328772285872,0.096731701252286542,6.1956329458581223,83.017155581167501,13.69893103215902,-3.5653907868987744,0.84523073342291677,0,0,0
