scenario_id,regime_family,regime_level,contract_id,method,n_paths,replication,seed,random_input_seconds,runtime_engine_seconds,runtime_total_seconds,risk_free_rate,volatility_1,volatility_2,volatility_3,correlation_12,correlation_13,correlation_23,ki_barrier_ratio,initial_spot_ratio_1,initial_spot_ratio_2,initial_spot_ratio_3,direct_steps_per_year,inner_paths,bridge_substeps,bessel_terms,backend,total_value,fair_coupon,coupon_value,early_redemption_principal,surviving_notional,terminal_ki_loss,continuous_ki_survival_probability,component_identity_error,probability_mass_error,fair_coupon_residual
correlation_low,correlation,low,RC-A,M0,4096,0,2038600542,0.02937430003657937,0.19572429999243468,0.22509860002901405,0.041397500000000004,0.18321200000000001,0.26197700000000002,0.21978899999999998,0.25,0.25,0.25,0.75,1.1124202994893466,1.1297955713505747,1.2022133022425416,52,,,,gpu,98.055608630807356,0.11074883889332669,7.3179673868870516,72.857654908793563,23.207865118852432,-5.3278787837256782,0.787353515625,-1.4210854715202004e-14,0,0
correlation_low,correlation,low,RC-A,M0,4096,1,77612828,0.028546200017444789,0.18215449992567301,0.2107006999431178,0.041397500000000004,0.18321200000000001,0.26197700000000002,0.21978899999999998,0.25,0.25,0.25,0.75,1.1124202994893466,1.1297955713505747,1.2022133022425416,52,,,,gpu,98.025771331153649,0.11095262900648688,7.3656991067515358,73.085321015294767,22.960733931720412,-5.3859827226130665,0.777587890625,0,0,0
correlation_low,correlation,low,RC-A,M0,4096,2,1747838503,0.029727700049988925,0.16453730000648648,0.1942650000564754,0.041397500000000004,0.18321200000000001,0.26197700000000002,0.21978899999999998,0.25,0.25,0.25,0.75,1.1124202994893466,1.1297955713505747,1.2022133022425416,52,,,,gpu,97.779567522232455,0.1144310480591266,7.2142696184011958,73.747068097294346,22.331672728111634,-5.513442921574728,0.785400390625,1.4210854715202004e-14,0,0
correlation_low,correlation,low,RC-A,M0,4096,3,1310021758,0.030519500025548041,0.17059770005289465,0.20111720007844269,0.041397500000000004,0.18321200000000001,0.26197700000000002,0.21978899999999998,0.25,0.25,0.25,0.75,1.1124202994893466,1.1297955713505747,1.2022133022425416,52,,,,gpu,98.141627578567082,0.10946594762830461,7.40271212637552,72.838165421830922,23.185398647294974,-5.2846486169343336,0.778076171875,0,0,0
correlation_low,correlation,low,RC-A,M0,4096,4,3201604740,0.028256500023417175,0.18374700006097555,0.21200350008439273,0.041397500000000004,0.18321200000000001,0.26197700000000002,0.21978899999999998,0.25,0.25,0.25,0.75,1.1124202994893466,1.1297955713505747,1.2022133022425416,52,,,,gpu,98.055514925319926,0.11074628049321063,7.3191254869439861,73.057928804693375,23.00566687483532,-5.3272062411527656,0.780517578125,0,0,0
correlation_low,correlation,low,RC-A,M0,4096,5,3427139634,0.027983499923720956,0.17036849993746728,0.19835199986118823,0.041397500000000004,0.18321200000000001,0.26197700000000002,0.21978899999999998,0.25,0.25,0.25,0.75,1.1124202994893466,1.1297955713505747,1.2022133022425416,52,,,,gpu,97.868650282989847,0.11321638583896111,7.2519171786513406,73.067613544863775,23.005666874835324,-5.4565473153605897,0.781494140625,0,0,0
correlation_low,correlation,low,RC-A,M0,4096,6,915039188,0.028327599982731044,0.17286299995612353,0.20119059993885458,0.041397500000000004,0.18321200000000001,0.26197700000000002,0.21978899999999998,0.25,0.25,0.25,0.75,1.1124202994893466,1.1297955713505747,1.2022133022425416,52,,,,gpu,98.342907521134592,0.10740290810073075,7.285146028253032,73.875638798607127,22.21934037032435,-5.0372176760499245,0.794921875,0,0,0
correlation_low,correlation,low,RC-A,M0,4096,7,1507683543,0.029395500081591308,0.16161439998541027,0.19100990006700158,0.041397500000000004,0.18321200000000001,0.26197700000000002,0.21978899999999998,0.25,0.25,0.25,0.75,1.1124202994893466,1.1297955713505747,1.2022133022425416,52,,,,gpu,98.287605566100055,0.10852232839991341,7.1273985505269675,74.896218720611813,21.275748564911183,-5.011760269949896,0.79931640625,-1.4210854715202004e-14,0,0
correlation_low,correlation,low,RC-A,M0,4096,8,387953471,0.027370200026780367,0.15139070001896471,0.17876090004574507,0.041397500000000004,0.18321200000000001,0.26197700000000002,0.21978899999999998,0.25,0.25,0.25,0.75,1.1124202994893466,1.1297955713505747,1.2022133022425416,52,,,,gpu,98.352314649248882,0.10718488650074499,7.3240182606725215,73.855924565678876,22.21934037032435,-5.0469685474268644,0.795166015625,0,0,0
correlation_low,correlation,low,RC-A,M0,4096,9,2369871132,0.02705270005390048,0.1720189000479877,0.19907160010188818,0.041397500000000004,0.18321200000000001,0.26197700000000002,0.21978899999999998,0.25,0.25,0.25,0.75,1.1124202994893466,1.1297955713505747,1.2022133022425416,52,,,,gpu,97.669574348363028,0.1153732980680903,7.3156841368433501,72.55471594794308,23.477462777541909,-5.6782885139652919,0.784912109375,0,0,0
correlation_low,correlation,low,RC-A,M0,4096,10,3602363135,0.027333699981682003,0.18238580005709082,0.20971950003877282,0.041397500000000004,0.18321200000000001,0.26197700000000002,0.21978899999999998,0.25,0.25,0.25,0.75,1.1124202994893466,1.1297955713505747,1.2022133022425416,52,,,,gpu,98.014067744064263,0.11150036226531249,7.2402687290067904,73.934787136048328,22.174407427209438,-5.3353955482002986,0.784912109375,1.4210854715202004e-14,0,0
correlation_low,correlation,low,RC-A,M0,4096,11,2676173963,0.028241200023330748,0.1841166999656707,0.21235789998900145,0.041397500000000004,0.18321200000000001,0.26197700000000002,0.21978899999999998,0.25,0.25,0.25,0.75,1.1124202994893466,1.1297955713505747,1.2022133022425416,52,,,,gpu,98.326878645957095,0.107688734016507,7.2514759151838994,74.00903943209704,22.107008012537069,-5.0406447138609156,0.794921875,0,0,0
correlation_low,correlation,low,RC-A,M0,4096,12,558660921,0.02799950004555285,0.1416183999972418,0.16961790004279464,0.041397500000000004,0.18321200000000001,0.26197700000000002,0.21978899999999998,0.25,0.25,0.25,0.75,1.1124202994893466,1.1297955713505747,1.2022133022425416,52,,,,gpu,97.739319687644681,0.11477795849551801,7.2516250570434595,73.447669927634124,22.623736858358566,-5.5837121553914653,0.78173828125,0,0,0
correlation_low,correlation,low,RC-A,M0,4096,13,2366514547,0.030163699993863702,0.14220110001042485,0.17236480000428855,0.041397500000000004,0.18321200000000001,0.26197700000000002,0.21978899999999998,0.25,0.25,0.25,0.75,1.1124202994893466,1.1297955713505747,1.2022133022425416,52,,,,gpu,97.729939459372744,0.11420029952361217,7.439253523325748,72.11561746039969,23.859392794018667,-5.684324318371349,0.77392578125,-1.4210854715202004e-14,0,0
correlation_low,correlation,low,RC-A,M0,4096,14,2160295943,0.03022780001629144,0.14536480000242591,0.17559260001871735,0.041397500000000004,0.18321200000000001,0.26197700000000002,0.21978899999999998,0.25,0.25,0.25,0.75,1.1124202994893466,1.1297955713505747,1.2022133022425416,52,,,,gpu,97.948315165820148,0.11248360584720986,7.1856089985019249,73.813570357405865,22.309206256554177,-5.3600704466418172,0.789306640625,0,0,0
correlation_low,correlation,low,RC-A,M0,4096,15,1517465317,0.028384599951095879,0.14416289993096143,0.17254749988205731,0.041397500000000004,0.18321200000000001,0.26197700000000002,0.21978899999999998,0.25,0.25,0.25,0.75,1.1124202994893466,1.1297955713505747,1.2022133022425416,52,,,,gpu,97.943872294603452,0.11205079574143502,7.3281198750945906,73.056650336741754,23.005666874835324,-5.4465647920682096,0.7822265625,0,0,0
correlation_low,correlation,low,RC-A,M3,4096,0,3793329159,0.013161199982278049,1.500544699956663,1.513705899938941,0.041397500000000004,0.18321200000000001,0.26197700000000002,0.21978899999999998,0.25,0.25,0.25,0.75,1.1124202994893466,1.1297955713505747,1.2022133022425416,,64,8,12,gpu-hybrid,97.960942370666629,0.11177373361986193,7.3502307210243387,72.932330210608086,23.117999232622605,-5.4396177935884094,0.77185509509999783,1.4210854715202004e-14,0,0
correlation_low,correlation,low,RC-A,M3,4096,1,3010246874,0.0099294999381527305,1.5260526000056416,1.5359820999437943,0.041397500000000004,0.18321200000000001,0.26197700000000002,0.21978899999999998,0.25,0.25,0.25,0.75,1.1124202994893466,1.1297955713505747,1.2022133022425416,,64,8,12,gpu-hybrid,97.871619268794774,0.11295606882275298,7.3158709334569076,73.087749344493545,22.960733931720412,-5.4927349408760922,0.7737524179353793,0,0,0
correlation_low,correlation,low,RC-A,M3,4096,2,3415370912,0.011594599927775562,1.5459869001060724,1.557581500033848,0.041397500000000004,0.18321200000000001,0.26197700000000002,0.21978899999999998,0.25,0.25,0.25,0.75,1.1124202994893466,1.1297955713505747,1.2022133022425416,,64,8,12,gpu-hybrid,97.777485446158892,0.11414985451344187,7.2972264581410355,73.299614713499551,22.758535687703304,-5.5778914131850028,0.76930409512117193,0,0,0
correlation_low,correlation,low,RC-A,M3,4096,3,2792810360,0.0089036000426858664,1.5463136000325903,1.5552172000752762,0.041397500000000004,0.18321200000000001,0.26197700000000002,0.21978899999999998,0.25,0.25,0.25,0.75,1.1124202994893466,1.1297955713505747,1.2022133022425416,,64,8,12,gpu-hybrid,97.831774615435947,0.11335954903856424,7.3365440699072737,73.354832063124633,22.691136273030935,-5.5507377906268918,0.77035283873418547,0,0,0
correlation_low,correlation,low,RC-A,M3,4096,4,2270746448,0.010425299988128245,1.5671169999986887,1.5775422999868169,0.041397500000000004,0.18321200000000001,0.26197700000000002,0.21978899999999998,0.25,0.25,0.25,0.75,1.1124202994893466,1.1297955713505747,1.2022133022425416,,64,8,12,gpu-hybrid,97.728123528932315,0.11461273185949544,7.33194988423132,72.788755720612656,23.252798061967344,-5.6453801378789956,0.76974389954122857,0,0,0
correlation_low,correlation,low,RC-A,M3,4096,5,1464941263,0.0093521999660879374,1.6052962000248954,1.6146483999909833,0.041397500000000004,0.18321200000000001,0.26197700000000002,0.21978899999999998,0.25,0.25,0.25,0.75,1.1124202994893466,1.1297955713505747,1.2022133022425416,,64,8,12,gpu-hybrid,97.802730455133144,0.11373017142860788,7.329768533886166,73.173706535497757,22.870868045490585,-5.5716126597413655,0.7661519649463483,0,0,0
correlation_low,correlation,low,RC-A,M3,4096,6,1315594629,0.011314600007608533,1.6147756000282243,1.6260902000358328,0.041397500000000004,0.18321200000000001,0.26197700000000002,0.21978899999999998,0.25,0.25,0.25,0.75,1.1124202994893466,1.1297955713505747,1.2022133022425416,,64,8,12,gpu-hybrid,97.927336332918685,0.11226268697896462,7.3238445821196496,73.128509987120694,22.938267460162955,-5.4632856964846033,0.77137423645494452,0,0,0
correlation_low,correlation,low,RC-A,M3,4096,7,181377382,0.011044899933040142,1.6162245998857543,1.6272694998187944,0.041397500000000004,0.18321200000000001,0.26197700000000002,0.21978899999999998,0.25,0.25,0.25,0.75,1.1124202994893466,1.1297955713505747,1.2022133022425416,,64,8,12,gpu-hybrid,97.775774792618435,0.11402660697502383,7.3367734452103681,72.756608716179414,23.275264533524801,-5.5928719022961477,0.76564458803081725,0,0,0
correlation_low,correlation,low,RC-A,M3,4096,8,1052658445,0.009566799970343709,1.6090024000732228,1.6185692000435665,0.041397500000000004,0.18321200000000001,0.26197700000000002,0.21978899999999998,0.25,0.25,0.25,0.75,1.1124202994893466,1.1297955713505747,1.2022133022425416,,64,8,12,gpu-hybrid,97.841740523026573,0.11322787715158869,7.3401976821672426,73.092253207906737,22.938267460162955,-5.5289778272103645,0.76947056627493582,1.4210854715202004e-14,0,0
correlation_low,correlation,low,RC-A,M3,4096,9,3267089751,0.011010800022631884,1.6019942000275478,1.6130050000501797,0.041397500000000004,0.18321200000000001,0.26197700000000002,0.21978899999999998,0.25,0.25,0.25,0.75,1.1124202994893466,1.1297955713505747,1.2022133022425416,,64,8,12,gpu-hybrid,97.779285483780384,0.11416329774488343,7.2876401872121868,73.080395428591515,22.98320040327787,-5.5719505353011831,0.76853921383430812,0,0,0
correlation_low,correlation,low,RC-A,M3,4096,10,2154113267,0.0097061999840661883,1.5969804999185726,1.6066866999026388,0.041397500000000004,0.18321200000000001,0.26197700000000002,0.21978899999999998,0.25,0.25,0.25,0.75,1.1124202994893466,1.1297955713505747,1.2022133022425416,,64,8,12,gpu-hybrid,97.787710812013245,0.11405648823929639,7.2891905813962996,73.193215446578591,22.870868045490582,-5.5655632614522261,0.76966069538957571,0,0,0
correlation_low,correlation,low,RC-A,M3,4096,11,3451577672,0.010398600017651916,1.605029399972409,1.6154279999900609,0.041397500000000004,0.18321200000000001,0.26197700000000002,0.21978899999999998,0.25,0.25,0.25,0.75,1.1124202994893466,1.1297955713505747,1.2022133022425416,,64,8,12,gpu-hybrid,97.890633716517115,0.11267429196175724,7.3316679605184429,73.184882832253663,22.870868045490589,-5.4967851217455852,0.7662267595904475,0,0,0
correlation_low,correlation,low,RC-A,M3,4096,12,2163570282,0.010493800044059753,1.5959923000773415,1.6064861001214013,0.041397500000000004,0.18321200000000001,0.26197700000000002,0.21978899999999998,0.25,0.25,0.25,0.75,1.1124202994893466,1.1297955713505747,1.2022133022425416,,64,8,12,gpu-hybrid,97.802853798984614,0.11384296192171425,7.2979755716222501,72.806002267336851,23.252798061967347,-5.5539221019418425,0.77184324895894685,1.4210854715202004e-14,0,0
correlation_low,correlation,low,RC-A,M3,4096,13,3282673383,0.011150800040923059,1.6176033999072388,1.6287541999481618,0.041397500000000004,0.18321200000000001,0.26197700000000002,0.21978899999999998,0.25,0.25,0.25,0.75,1.1124202994893466,1.1297955713505747,1.2022133022425416,,64,8,12,gpu-hybrid,97.787075284466539,0.11415591731377384,7.2640873817958456,73.52632770452658,22.533870972128742,-5.537210773984631,0.77053457911978263,0,0,0
correlation_low,correlation,low,RC-A,M3,4096,14,1183001674,0.011661600088700652,1.5865203000139445,1.5981819001026452,0.041397500000000004,0.18321200000000001,0.26197700000000002,0.21978899999999998,0.25,0.25,0.25,0.75,1.1124202994893466,1.1297955713505747,1.2022133022425416,,64,8,12,gpu-hybrid,97.880454764496065,0.11307581178414682,7.2513908716497362,73.498004144352223,22.578803915243654,-5.4477441667495405,0.77082052543353796,0,0,0
correlation_low,correlation,low,RC-A,M3,4096,15,347351638,0.011640299926511943,1.6134242999833077,1.6250645999098197,0.041397500000000004,0.18321200000000001,0.26197700000000002,0.21978899999999998,0.25,0.25,0.25,0.75,1.1124202994893466,1.1297955713505747,1.2022133022425416,,64,8,12,gpu-hybrid,97.899823265967541,0.11264777309811326,7.3074249362313273,73.471807772178636,22.601270386801112,-5.4806798292435301,0.77148805921015806,-1.4210854715202004e-14,0,0
correlation_baseline,correlation,baseline,RC-A,M0,4096,0,2588941207,0.031732100062072277,0.16813160001765937,0.19986370007973164,0.041397500000000004,0.18321200000000001,0.26197700000000002,0.21978899999999998,0.93101527022332164,0.82546019107334301,0.73380477788963194,0.75,1.1124202994893466,1.1297955713505747,1.2022133022425416,52,,,,gpu,99.553882285368772,0.093762248496200448,6.233431977973523,83.281268171858002,13.434949991358909,-3.3957678558216555,0.85888671875,0,0,0
correlation_baseline,correlation,baseline,RC-A,M0,4096,1,748199140,0.027400199905969203,0.16832920000888407,0.19572939991485327,0.041397500000000004,0.18321200000000001,0.26197700000000002,0.21978899999999998,0.93101527022332164,0.82546019107334301,0.73380477788963194,0.75,1.1124202994893466,1.1297955713505747,1.2022133022425416,52,,,,gpu,99.315107435993127,0.097195869210656677,6.1807866884936065,83.308392353750065,13.412483519801452,-3.586555126052005,0.853515625,0,0,0
correlation_baseline,correlation,baseline,RC-A,M0,4096,2,2578948191,0.028048299951478839,0.17681690002791584,0.20486519997939467,0.041397500000000004,0.18321200000000001,0.26197700000000002,0.21978899999999998,0.93101527022332164,0.82546019107334301,0.73380477788963194,0.75,1.1124202994893466,1.1297955713505747,1.2022133022425416,52,,,,gpu,99.548788192643642,0.093892599916190533,6.1760525703615201,83.596968694638292,13.142885861111976,-3.3671189334681451,0.859619140625,0,0,0
correlation_baseline,correlation,baseline,RC-A,M0,4096,3,2291568625,0.027070699958130717,0.17188089992851019,0.19895159988664091,0.041397500000000004,0.18321200000000001,0.26197700000000002,0.21978899999999998,0.93101527022332164,0.82546019107334301,0.73380477788963194,0.75,1.1124202994893466,1.1297955713505747,1.2022133022425416,52,,,,gpu,99.34568101614127,0.096665876661544692,6.2463104405324223,82.6509724566979,14.04154472341023,-3.5931466044992857,0.849365234375,0,0,0
correlation_baseline,correlation,baseline,RC-A,M0,4096,4,2332284221,0.029100199928507209,0.17794690001755953,0.20704709994606674,0.041397500000000004,0.18321200000000001,0.26197700000000002,0.21978899999999998,0.93101527022332164,0.82546019107334301,0.73380477788963194,0.75,1.1124202994893466,1.1297955713505747,1.2022133022425416,52,,,,gpu,99.711302977014512,0.091609427438651803,6.1470825043981554,83.617826209092598,13.142885861111978,-3.1964915975882229,0.86669921875,0,0,0
correlation_baseline,correlation,baseline,RC-A,M0,4096,5,3882387767,0.028444099938496947,0.16762070008553565,0.19606480002403259,0.041397500000000004,0.18321200000000001,0.26197700000000002,0.21978899999999998,0.93101527022332164,0.82546019107334301,0.73380477788963194,0.75,1.1124202994893466,1.1297955713505747,1.2022133022425416,52,,,,gpu,99.280492437301291,0.097735880328929853,6.1506103738045068,82.85778251926132,13.861812950950581,-3.5897134067151204,0.854736328125,0,0,0
correlation_baseline,correlation,baseline,RC-A,M0,4096,6,2068236849,0.028129899990744889,0.15559499990195036,0.18372489989269525,0.041397500000000004,0.18321200000000001,0.26197700000000002,0.21978899999999998,0.93101527022332164,0.82546019107334301,0.73380477788963194,0.75,1.1124202994893466,1.1297955713505747,1.2022133022425416,52,,,,gpu,99.147057300426027,0.099604735609980316,6.1655610347398646,82.692309642304721,14.019078251852775,-3.7298916284713304,0.8515625,0,0,0
correlation_baseline,correlation,baseline,RC-A,M0,4096,7,1377958734,0.028014600044116378,0.1908249999396503,0.21883959998376667,0.041397500000000004,0.18321200000000001,0.26197700000000002,0.21978899999999998,0.93101527022332164,0.82546019107334301,0.73380477788963194,0.75,1.1124202994893466,1.1297955713505747,1.2022133022425416,52,,,,gpu,99.539902749682,0.093849200682181985,6.3407208903955325,82.414799799642253,14.243742967427337,-3.4593609077831209,0.849853515625,0,0,0
correlation_baseline,correlation,baseline,RC-A,M0,4096,8,3242144069,0.029113900032825768,0.16186669992748648,0.19098059996031225,0.041397500000000004,0.18321200000000001,0.26197700000000002,0.21978899999999998,0.93101527022332164,0.82546019107334301,0.73380477788963194,0.75,1.1124202994893466,1.1297955713505747,1.2022133022425416,52,,,,gpu,99.185079311182207,0.099152578994179688,6.1192943044774575,83.105227408009213,13.637148235376017,-3.6765906366804924,0.856201171875,0,0,0
correlation_baseline,correlation,baseline,RC-A,M0,4096,9,3942654709,0.028284100000746548,0.18083179998211563,0.20911589998286217,0.041397500000000004,0.18321200000000001,0.26197700000000002,0.21978899999999998,0.93101527022332164,0.82546019107334301,0.73380477788963194,0.75,1.1124202994893466,1.1297955713505747,1.2022133022425416,52,,,,gpu,99.382440236553535,0.096189038050205455,6.2189253849899258,83.068719099264513,13.637148235376015,-3.5423524830769191,0.85595703125,0,0,0
correlation_baseline,correlation,baseline,RC-A,M0,4096,10,4292719831,0.029557600035332143,0.16894749994389713,0.19850509997922927,0.041397500000000004,0.18321200000000001,0.26197700000000002,0.21978899999999998,0.93101527022332164,0.82546019107334301,0.73380477788963194,0.75,1.1124202994893466,1.1297955713505747,1.2022133022425416,52,,,,gpu,99.411928468579688,0.095767062872401346,6.2242491430732434,82.693609339015012,14.019078251852774,-3.5250082653613406,0.854248046875,0,0,0
correlation_baseline,correlation,baseline,RC-A,M0,4096,11,4109865569,0.029694700031541288,0.18869029998313636,0.21838500001467764,0.041397500000000004,0.18321200000000001,0.26197700000000002,0.21978899999999998,0.93101527022332164,0.82546019107334301,0.73380477788963194,0.75,1.1124202994893466,1.1297955713505747,1.2022133022425416,52,,,,gpu,99.724148630540441,0.091398274152460338,6.1917130206140811,83.559600542985208,13.18781880422689,-3.2149837372857419,0.861083984375,0,0,0
correlation_baseline,correlation,baseline,RC-A,M0,4096,12,2153804975,0.02856090001296252,0.18111600005067885,0.20967690006364137,0.041397500000000004,0.18321200000000001,0.26197700000000002,0.21978899999999998,0.93101527022332164,0.82546019107334301,0.73380477788963194,0.75,1.1124202994893466,1.1297955713505747,1.2022133022425416,52,,,,gpu,99.44775723808894,0.095281578192525029,6.2096968599036613,83.013512665638672,13.704547650048386,-3.4799999375017712,0.857177734375,0,0,0
correlation_baseline,correlation,baseline,RC-A,M0,4096,13,1745453330,0.029256299952976406,0.1836345000192523,0.21289079997222871,0.041397500000000004,0.18321200000000001,0.26197700000000002,0.21978899999999998,0.93101527022332164,0.82546019107334301,0.73380477788963194,0.75,1.1124202994893466,1.1297955713505747,1.2022133022425416,52,,,,gpu,99.435604948353188,0.095374952267634455,6.2710941400957143,82.708395823802746,13.996611780295318,-3.5404967958405846,0.848876953125,-1.4210854715202004e-14,0,0
correlation_baseline,correlation,baseline,RC-A,M0,4096,14,1531624385,0.028806700021959841,0.18626149999909103,0.21506820002105087,0.041397500000000004,0.18321200000000001,0.26197700000000002,0.21978899999999998,0.93101527022332164,0.82546019107334301,0.73380477788963194,0.75,1.1124202994893466,1.1297955713505747,1.2022133022425416,52,,,,gpu,99.109360294201281,0.10011995798212016,6.1752166186131472,82.429038121693225,14.266209438984795,-3.761103885089875,0.847412109375,0,0,0
correlation_baseline,correlation,baseline,RC-A,M0,4096,15,2387970784,0.029870300088077784,0.17928169993683696,0.20915200002491474,0.041397500000000004,0.18321200000000001,0.26197700000000002,0.21978899999999998,0.93101527022332164,0.82546019107334301,0.73380477788963194,0.75,1.1124202994893466,1.1297955713505747,1.2022133022425416,52,,,,gpu,99.452760372016783,0.095102908480698523,6.298046013587169,82.451290480103381,14.221276495869883,-3.5178526175436469,0.850341796875,0,0,0
correlation_baseline,correlation,baseline,RC-A,M3,4096,0,790614016,0.011767299962230027,1.2953581999754533,1.3071254999376833,0.041397500000000004,0.18321200000000001,0.26197700000000002,0.21978899999999998,0.93101527022332164,0.82546019107334301,0.73380477788963194,0.75,1.1124202994893466,1.1297955713505747,1.2022133022425416,,64,8,12,gpu-hybrid,99.318420389038565,0.097116142263026756,6.2018857799586753,82.960161231122612,13.749480593163298,-3.5931072152060155,0.84494315197662717,0,0,0
correlation_baseline,correlation,baseline,RC-A,M3,4096,1,1916344479,0.011419199989177287,1.2952761000487953,1.3066953000379726,0.041397500000000004,0.18321200000000001,0.26197700000000002,0.21978899999999998,0.93101527022332164,0.82546019107334301,0.73380477788963194,0.75,1.1124202994893466,1.1297955713505747,1.2022133022425416,,64,8,12,gpu-hybrid,99.35963138512939,0.096546206087438177,6.194005891484812,82.961085855300581,13.749480593163298,-3.5449409548192903,0.84651522243457566,0,0,0
correlation_baseline,correlation,baseline,RC-A,M3,4096,2,4274887723,0.011460799956694245,1.2678597000194713,1.2793204999761656,0.041397500000000004,0.18321200000000001,0.26197700000000002,0.21978899999999998,0.93101527022332164,0.82546019107334301,0.73380477788963194,0.75,1.1124202994893466,1.1297955713505747,1.2022133022425416,,64,8,12,gpu-hybrid,99.321152553476509,0.097073286123955632,6.2046773492091845,82.976527776476502,13.727014121605842,-3.5870666938150304,0.84473933004101132,0,0,0
correlation_baseline,correlation,baseline,RC-A,M3,4096,3,3646963642,0.012240099953487515,1.2864174999995157,1.2986575999530032,0.041397500000000004,0.18321200000000001,0.26197700000000002,0.21978899999999998,0.93101527022332164,0.82546019107334301,0.73380477788963194,0.75,1.1124202994893466,1.1297955713505747,1.2022133022425416,,64,8,12,gpu-hybrid,99.465417205998918,0.09503293065210372,6.2095347263062823,82.983001854611985,13.727014121605844,-3.4541334965252042,0.84645937778481772,0,0,0
correlation_baseline,correlation,baseline,RC-A,M3,4096,4,4238605958,0.011008200002834201,1.3220193000743166,1.3330275000771508,0.041397500000000004,0.18321200000000001,0.26197700000000002,0.21978899999999998,0.93101527022332164,0.82546019107334301,0.73380477788963194,0.75,1.1124202994893466,1.1297955713505747,1.2022133022425416,,64,8,12,gpu-hybrid,99.440092750919945,0.0954095710218512,6.1940001751242795,83.003837691015036,13.727014121605842,-3.4847592368252185,0.84756029164758206,0,0,0
correlation_baseline,correlation,baseline,RC-A,M3,4096,5,2322713439,0.009695999906398356,1.2258787000318989,1.2355746999382973,0.041397500000000004,0.18321200000000001,0.26197700000000002,0.21978899999999998,0.93101527022332164,0.82546019107334301,0.73380477788963194,0.75,1.1124202994893466,1.1297955713505747,1.2022133022425416,,64,8,12,gpu-hybrid,99.28756554239304,0.097621583220115327,6.1589193790078554,82.85512561775252,13.861812950950581,-3.5882924053179122,0.84398175485040894,0,0,0
correlation_baseline,correlation,baseline,RC-A,M3,4096,6,3760525,0.010581500013358891,1.3233533999882638,1.3339349000016227,0.041397500000000004,0.18321200000000001,0.26197700000000002,0.21978899999999998,0.93101527022332164,0.82546019107334301,0.73380477788963194,0.75,1.1124202994893466,1.1297955713505747,1.2022133022425416,,64,8,12,gpu-hybrid,99.307254480277223,0.0973426515514976,6.1584251620204675,82.950092926465402,13.771947064720756,-3.5732106729294064,0.84417231951021132,1.4210854715202004e-14,0,0
correlation_baseline,correlation,baseline,RC-A,M3,4096,7,3482883708,0.012412399984896183,1.3090996000682935,1.3215120000531897,0.041397500000000004,0.18321200000000001,0.26197700000000002,0.21978899999999998,0.93101527022332164,0.82546019107334301,0.73380477788963194,0.75,1.1124202994893466,1.1297955713505747,1.2022133022425416,,64,8,12,gpu-hybrid,99.388841502174202,0.096123140109935556,6.2014959606352829,83.23798207155042,13.479882934473823,-3.5305194644853164,0.84482892196025317,0,0,0
correlation_baseline,correlation,baseline,RC-A,M3,4096,8,1644404948,0.011076599941588938,1.2810441999463364,1.2921207998879254,0.041397500000000004,0.18321200000000001,0.26197700000000002,0.21978899999999998,0.93101527022332164,0.82546019107334301,0.73380477788963194,0.75,1.1124202994893466,1.1297955713505747,1.2022133022425416,,64,8,12,gpu-hybrid,99.226325061341711,0.098452596074801085,6.1808685968390442,82.827915259986213,13.884279422508037,-3.6667382179915826,0.84433941662086132,0,0,0
correlation_baseline,correlation,baseline,RC-A,M3,4096,9,1080619848,0.010201000026427209,1.2806204999797046,1.2908215000061318,0.041397500000000004,0.18321200000000001,0.26197700000000002,0.21978899999999998,0.93101527022332164,0.82546019107334301,0.73380477788963194,0.75,1.1124202994893466,1.1297955713505747,1.2022133022425416,,64,8,12,gpu-hybrid,99.346659481020694,0.096716812219585294,6.2025019115840916,83.188009879940566,13.524815877588736,-3.5686681880927016,0.84659739734913875,0,0,0
correlation_baseline,correlation,baseline,RC-A,M3,4096,10,723722112,0.012182699982076883,1.279749600100331,1.2919323000824079,0.041397500000000004,0.18321200000000001,0.26197700000000002,0.21978899999999998,0.93101527022332164,0.82546019107334301,0.73380477788963194,0.75,1.1124202994893466,1.1297955713505747,1.2022133022425416,,64,8,12,gpu-hybrid,99.252380607999456,0.098010943632923314,6.2236749700705767,82.65596278074247,14.041544723410233,-3.6688018662238209,0.84320558539214319,-1.4210854715202004e-14,0,0
correlation_baseline,correlation,baseline,RC-A,M3,4096,11,3885099083,0.010615200037136674,1.3121412999462336,1.3227564999833703,0.041397500000000004,0.18321200000000001,0.26197700000000002,0.21978899999999998,0.93101527022332164,0.82546019107334301,0.73380477788963194,0.75,1.1124202994893466,1.1297955713505747,1.2022133022425416,,64,8,12,gpu-hybrid,99.357333400028324,0.096489972498426918,6.2551167433895101,82.801604363011336,13.884279422508037,-3.5836671288805508,0.84524207909831617,-1.4210854715202004e-14,0,0
correlation_baseline,correlation,baseline,RC-A,M3,4096,12,594116674,0.010664300061762333,1.3231690999818966,1.3338334000436589,0.041397500000000004,0.18321200000000001,0.26197700000000002,0.21978899999999998,0.93101527022332164,0.82546019107334301,0.73380477788963194,0.75,1.1124202994893466,1.1297955713505747,1.2022133022425416,,64,8,12,gpu-hybrid,99.338335887702456,0.096744467744167562,6.2627304706171509,82.605080988457303,14.086477666525145,-3.6159532378971493,0.84066718787814643,0,0,0
correlation_baseline,correlation,baseline,RC-A,M3,4096,13,70847825,0.0098641000222414732,1.3375848999712616,1.3474489999935031,0.041397500000000004,0.18321200000000001,0.26197700000000002,0.21978899999999998,0.93101527022332164,0.82546019107334301,0.73380477788963194,0.75,1.1124202994893466,1.1297955713505747,1.2022133022425416,,64,8,12,gpu-hybrid,99.354198770084793,0.096575694222467146,6.2262573234005769,82.827547828431307,13.884279422508037,-3.5838858042551167,0.84500336863574121,0,0,0
correlation_baseline,correlation,baseline,RC-A,M3,4096,14,3210221895,0.0098900999873876572,1.3208687000442296,1.3307588000316173,0.041397500000000004,0.18321200000000001,0.26197700000000002,0.21978899999999998,0.93101527022332164,0.82546019107334301,0.73380477788963194,0.75,1.1124202994893466,1.1297955713505747,1.2022133022425416,,64,8,12,gpu-hybrid,99.305964606865615,0.097288959552263674,6.203733560755686,82.777359691577885,13.929212365622949,-3.6043410110908969,0.84288774525802956,0,0,0
correlation_baseline,correlation,baseline,RC-A,M3,4096,15,381412099,0.0097009000601246953,1.2747798999771476,1.2844808000372723,0.041397500000000004,0.18321200000000001,0.26197700000000002,0.21978899999999998,0.93101527022332164,0.82546019107334301,0.73380477788963194,0.75,1.1124202994893466,1.1297955713505747,1.2022133022425416,,64,8,12,gpu-hybrid,99.337964654093582,0.096809888249551432,6.2222113965334884,82.980835309849468,13.727014121605844,-3.5920961738952295,0.84535971601137117,0,0,0
correlation_high,correlation,high,RC-A,M0,4096,0,1088823921,0.028933499939739704,0.18141499999910593,0.21034849993884563,0.041397500000000004,0.18321200000000001,0.26197700000000002,0.21978899999999998,0.90000000000000002,0.90000000000000002,0.90000000000000002,0.75,1.1124202994893466,1.1297955713505747,1.2022133022425416,52,,,,gpu,99.950549626356775,0.088214294921488606,6.0575926884167002,84.699201699622037,12.131894641026438,-2.9381394027084022,0.872314453125,0,0,0
correlation_high,correlation,high,RC-A,M0,4096,1,3434944991,0.029068099916912615,0.17032070003915578,0.1993887999560684,0.041397500000000004,0.18321200000000001,0.26197700000000002,0.21978899999999998,0.90000000000000002,0.90000000000000002,0.90000000000000002,0.75,1.1124202994893466,1.1297955713505747,1.2022133022425416,52,,,,gpu,99.45788350577827,0.094996481264769936,6.3276611478141671,82.117072551787942,14.535807097674269,-3.5226572914981018,0.85107421875,0,0,0
correlation_high,correlation,high,RC-A,M0,4096,2,3131822496,0.028533600037917495,0.16154750005807728,0.19008110009599477,0.041397500000000004,0.18321200000000001,0.26197700000000002,0.21978899999999998,0.90000000000000002,0.90000000000000002,0.90000000000000002,0.75,1.1124202994893466,1.1297955713505747,1.2022133022425416,52,,,,gpu,99.417805225700661,0.095749244514638635,6.1753585629318328,83.051488009960877,13.682081178490929,-3.4911225256829814,0.8564453125,0,0,0
correlation_high,correlation,high,RC-A,M0,4096,3,3837632516,0.028816799982450902,0.17529719998128712,0.20411399996373802,0.041397500000000004,0.18321200000000001,0.26197700000000002,0.21978899999999998,0.90000000000000002,0.90000000000000002,0.90000000000000002,0.75,1.1124202994893466,1.1297955713505747,1.2022133022425416,52,,,,gpu,99.55560407166557,0.093876617895303549,6.0980043602582787,83.742089255884437,13.030553503324695,-3.3150430478018369,0.863525390625,0,0,0
correlation_high,correlation,high,RC-A,M0,4096,4,3606012800,0.027865399955771863,0.17994739999994636,0.20781279995571822,0.041397500000000004,0.18321200000000001,0.26197700000000002,0.21978899999999998,0.90000000000000002,0.90000000000000002,0.90000000000000002,0.75,1.1124202994893466,1.1297955713505747,1.2022133022425416,52,,,,gpu,99.604252323723003,0.09306876165517286,6.2182445251667806,83.314096468186904,13.412483519801453,-3.3405721894321401,0.86083984375,0,0,0
correlation_high,correlation,high,RC-A,M0,4096,5,3690131191,0.027970999944955111,0.13979559997096658,0.16776659991592169,0.041397500000000004,0.18321200000000001,0.26197700000000002,0.21978899999999998,0.90000000000000002,0.90000000000000002,0.90000000000000002,0.75,1.1124202994893466,1.1297955713505747,1.2022133022425416,52,,,,gpu,99.753157767019061,0.091040545625844863,6.1003861179385286,83.972338769627598,12.828355259307585,-3.1479223798546525,0.866455078125,0,0,0
correlation_high,correlation,high,RC-A,M0,4096,6,842425403,0.027888799901120365,0.16369959991425276,0.19158839981537312,0.041397500000000004,0.18321200000000001,0.26197700000000002,0.21978899999999998,0.90000000000000002,0.90000000000000002,0.90000000000000002,0.75,1.1124202994893466,1.1297955713505747,1.2022133022425416,52,,,,gpu,99.60815018536556,0.093080706935706345,6.1438199811462173,83.743814720894719,13.008087031767237,-3.2875715484426107,0.863037109375,0,0,0
correlation_high,correlation,high,RC-A,M0,4096,7,1017353323,0.028227499919012189,0.17341709998436272,0.20164459990337491,0.041397500000000004,0.18321200000000001,0.26197700000000002,0.21978899999999998,0.90000000000000002,0.90000000000000002,0.90000000000000002,0.75,1.1124202994893466,1.1297955713505747,1.2022133022425416,52,,,,gpu,99.860380349610068,0.089468455636483382,6.2062457404141593,83.898158535027619,12.850821730865045,-3.0948456566967604,0.86279296875,0,0,0
correlation_high,correlation,high,RC-A,M0,4096,8,516884885,0.029214000096544623,0.14479539997410029,0.17400940007064492,0.041397500000000004,0.18321200000000001,0.26197700000000002,0.21978899999999998,0.90000000000000002,0.90000000000000002,0.90000000000000002,0.75,1.1124202994893466,1.1297955713505747,1.2022133022425416,52,,,,gpu,99.329455993594053,0.097147289920190477,6.0817702220938354,83.582068281112313,13.18781880422689,-3.5222013138389929,0.858154296875,0,0,0
correlation_high,correlation,high,RC-A,M0,4096,9,3846349290,0.028607500018551946,0.1867566000437364,0.21536410006228834,0.041397500000000004,0.18321200000000001,0.26197700000000002,0.21978899999999998,0.90000000000000002,0.90000000000000002,0.90000000000000002,0.75,1.1124202994893466,1.1297955713505747,1.2022133022425416,52,,,,gpu,99.5614695347017,0.09358359461369474,6.3073590780067885,82.361227503596837,14.311142382099707,-3.4182594290016262,0.850830078125,0,0,0
correlation_high,correlation,high,RC-A,M0,4096,10,36333538,0.028582799946889281,0.18576859997119755,0.21435139991808683,0.041397500000000004,0.18321200000000001,0.26197700000000002,0.21978899999999998,0.90000000000000002,0.90000000000000002,0.90000000000000002,0.75,1.1124202994893466,1.1297955713505747,1.2022133022425416,52,,,,gpu,99.863326113620275,0.089441883839350839,6.1584348228695109,83.835466700530048,12.94068761709487,-3.0712630268741536,0.868896484375,0,0,0
correlation_high,correlation,high,RC-A,M0,4096,11,773946640,0.029056799947284162,0.1813687999965623,0.21042559994384646,0.041397500000000004,0.18321200000000001,0.26197700000000002,0.21978899999999998,0.90000000000000002,0.90000000000000002,0.90000000000000002,0.75,1.1124202994893466,1.1297955713505747,1.2022133022425416,52,,,,gpu,99.421233972363339,0.095739195882211303,6.1464769307821774,83.144139549620263,13.592215292261105,-3.4615978003001993,0.85888671875,0,0,0
correlation_high,correlation,high,RC-A,M0,4096,12,4054854426,0.030241700005717576,0.17712700006086379,0.20736870006658137,0.041397500000000004,0.18321200000000001,0.26197700000000002,0.21978899999999998,0.90000000000000002,0.90000000000000002,0.90000000000000002,0.75,1.1124202994893466,1.1297955713505747,1.2022133022425416,52,,,,gpu,99.303314058458398,0.097503267427187554,6.0940108148272065,83.098245254495708,13.659614706933473,-3.5485567177979798,0.85791015625,0,0,0
correlation_high,correlation,high,RC-A,M0,4096,13,3586497544,0.028596200048923492,0.15165809995960444,0.18025430000852793,0.041397500000000004,0.18321200000000001,0.26197700000000002,0.21978899999999998,0.90000000000000002,0.90000000000000002,0.90000000000000002,0.75,1.1124202994893466,1.1297955713505747,1.2022133022425416,52,,,,gpu,99.250877662243823,0.098072051447454262,6.2001405195062445,82.614890630418174,14.086477666525143,-3.6506311542057426,0.850830078125,0,0,0
correlation_high,correlation,high,RC-A,M0,4096,14,7649565,0.028467199997976422,0.15330889995675534,0.18177609995473176,0.041397500000000004,0.18321200000000001,0.26197700000000002,0.21978899999999998,0.90000000000000002,0.90000000000000002,0.90000000000000002,0.75,1.1124202994893466,1.1297955713505747,1.2022133022425416,52,,,,gpu,99.760816614043108,0.090915425292578594,6.1276545315464457,83.94184433186021,12.828355259307585,-3.1370375086711304,0.867919921875,0,0,0
correlation_high,correlation,high,RC-A,M0,4096,15,4100782182,0.028972400003112853,0.15938760002609342,0.18836000002920628,0.041397500000000004,0.18321200000000001,0.26197700000000002,0.21978899999999998,0.90000000000000002,0.90000000000000002,0.90000000000000002,0.75,1.1124202994893466,1.1297955713505747,1.2022133022425416,52,,,,gpu,99.834099218097506,0.089845471835037938,6.1890823840284099,83.442920478306775,13.322617633571626,-3.1205212778093063,0.864501953125,0,0,0
correlation_high,correlation,high,RC-A,M3,4096,0,3829708851,0.0089970000553876162,1.2825559999328107,1.2915529999881983,0.041397500000000004,0.18321200000000001,0.26197700000000002,0.21978899999999998,0.90000000000000002,0.90000000000000002,0.90000000000000002,0.75,1.1124202994893466,1.1297955713505747,1.2022133022425416,,64,8,12,gpu-hybrid,99.621395595708279,0.092890924645251532,6.1451212093468772,83.641440766208717,13.12041938955452,-3.2855857694018318,0.85339674562610901,0,0,0
correlation_high,correlation,high,RC-A,M3,4096,1,1028667694,0.010537399910390377,1.2790445000864565,1.2895818999968469,0.041397500000000004,0.18321200000000001,0.26197700000000002,0.21978899999999998,0.90000000000000002,0.90000000000000002,0.90000000000000002,0.75,1.1124202994893466,1.1297955713505747,1.2022133022425416,,64,8,12,gpu-hybrid,99.530805913752545,0.094198044776563072,6.1293233945380967,83.783346637121326,12.985620560209782,-3.367484678116647,0.85315137289085663,0,0,0
correlation_high,correlation,high,RC-A,M3,4096,2,902219063,0.011659699957817793,1.2677268999395892,1.279386599897407,0.041397500000000004,0.18321200000000001,0.26197700000000002,0.21978899999999998,0.90000000000000002,0.90000000000000002,0.90000000000000002,0.75,1.1124202994893466,1.1297955713505747,1.2022133022425416,,64,8,12,gpu-hybrid,99.587421724747799,0.093405628301890448,6.1129141962780951,84.105150493539412,12.671089958405393,-3.3017329234751025,0.85781523284463801,0,0,0
correlation_high,correlation,high,RC-A,M3,4096,3,739116951,0.010287499986588955,1.2939807999646291,1.3042682999512181,0.041397500000000004,0.18321200000000001,0.26197700000000002,0.21978899999999998,0.90000000000000002,0.90000000000000002,0.90000000000000002,0.75,1.1124202994893466,1.1297955713505747,1.2022133022425416,,64,8,12,gpu-hybrid,99.640320019725195,0.092567117154842615,6.2110263710732889,83.120651565299426,13.61468176381856,-3.306039680466089,0.8551186199948394,1.4210854715202004e-14,0,0
correlation_high,correlation,high,RC-A,M3,4096,4,3357780938,0.010996799916028976,1.2786282000597566,1.2896249999757856,0.041397500000000004,0.18321200000000001,0.26197700000000002,0.21978899999999998,0.90000000000000002,0.90000000000000002,0.90000000000000002,0.75,1.1124202994893466,1.1297955713505747,1.2022133022425416,,64,8,12,gpu-hybrid,99.47818373165056,0.094871441038579959,6.1940295312151683,83.436720743188303,13.300151162014171,-3.4527177047670872,0.84928432041844526,0,0,0
correlation_high,correlation,high,RC-A,M3,4096,5,1976971057,0.011687500053085387,1.2678811999503523,1.2795687000034377,0.041397500000000004,0.18321200000000001,0.26197700000000002,0.21978899999999998,0.90000000000000002,0.90000000000000002,0.90000000000000002,0.75,1.1124202994893466,1.1297955713505747,1.2022133022425416,,64,8,12,gpu-hybrid,99.57018577561314,0.093603545555300607,6.1617865047618468,83.702785074793582,13.053019974882151,-3.347405778824438,0.85191309914479119,0,0,0
correlation_high,correlation,high,RC-A,M3,4096,6,218134926,0.011442899936810136,1.3036668999120593,1.3151097998488694,0.041397500000000004,0.18321200000000001,0.26197700000000002,0.21978899999999998,0.90000000000000002,0.90000000000000002,0.90000000000000002,0.75,1.1124202994893466,1.1297955713505747,1.2022133022425416,,64,8,12,gpu-hybrid,99.452638675371105,0.095314805598747054,6.1286381727405956,83.48125458799808,13.277684690456715,-3.4349387758242753,0.85139846816712461,0,0,0
correlation_high,correlation,high,RC-A,M3,4096,7,919460968,0.010156899923458695,1.2899901999626309,1.3001470998860896,0.041397500000000004,0.18321200000000001,0.26197700000000002,0.21978899999999998,0.90000000000000002,0.90000000000000002,0.90000000000000002,0.75,1.1124202994893466,1.1297955713505747,1.2022133022425416,,64,8,12,gpu-hybrid,99.612452390630125,0.093025815608841378,6.1367259098559757,84.008346511016171,12.76095584463522,-3.2935758748772317,0.85612679643721723,0,0,0
correlation_high,correlation,high,RC-A,M3,4096,8,2468344111,0.011101100011728704,1.2729349000146613,1.28403600002639,0.041397500000000004,0.18321200000000001,0.26197700000000002,0.21978899999999998,0.90000000000000002,0.90000000000000002,0.90000000000000002,0.75,1.1124202994893466,1.1297955713505747,1.2022133022425416,,64,8,12,gpu-hybrid,99.449947978443902,0.095334496356437509,6.143286013096505,83.540310949139354,13.210285275784347,-3.4439342595762934,0.84942845748396112,0,0,0
correlation_high,correlation,high,RC-A,M3,4096,9,693588896,0.010568600031547248,1.2774199000559747,1.287988500087522,0.041397500000000004,0.18321200000000001,0.26197700000000002,0.21978899999999998,0.90000000000000002,0.90000000000000002,0.90000000000000002,0.75,1.1124202994893466,1.1297955713505747,1.2022133022425416,,64,8,12,gpu-hybrid,99.613822289483537,0.092964574436193451,6.1835647157417961,83.522908072698684,13.232751747341803,-3.3254022462987569,0.84868263650479869,0,0,0
correlation_high,correlation,high,RC-A,M3,4096,10,2040650906,0.011652400018647313,1.2647549000103027,1.27640730002895,0.041397500000000004,0.18321200000000001,0.26197700000000002,0.21978899999999998,0.90000000000000002,0.90000000000000002,0.90000000000000002,0.75,1.1124202994893466,1.1297955713505747,1.2022133022425416,,64,8,12,gpu-hybrid,99.639726778714262,0.092598394937419379,6.183104143449885,83.443442914247683,13.300151162014171,-3.2869714409974704,0.85254460000232557,0,0,0
correlation_high,correlation,high,RC-A,M3,4096,11,3586713119,0.010938400053419173,1.2948524000821635,1.3057908001355827,0.041397500000000004,0.18321200000000001,0.26197700000000002,0.21978899999999998,0.90000000000000002,0.90000000000000002,0.90000000000000002,0.75,1.1124202994893466,1.1297955713505747,1.2022133022425416,,64,8,12,gpu-hybrid,99.558209233026389,0.09377836977976696,6.1571225439394732,83.614170575433263,13.142885861111978,-3.3559697474583272,0.85210971837206784,0,0,0
correlation_high,correlation,high,RC-A,M3,4096,12,1851706508,0.011091699940152466,1.3222201999742538,1.3333118999144062,0.041397500000000004,0.18321200000000001,0.26197700000000002,0.21978899999999998,0.90000000000000002,0.90000000000000002,0.90000000000000002,0.75,1.1124202994893466,1.1297955713505747,1.2022133022425416,,64,8,12,gpu-hybrid,99.649136258611875,0.092486895965336741,6.1562498164903054,83.370954084104994,13.390017048243996,-3.268084690227405,0.85200341542770275,0,0,0
correlation_high,correlation,high,RC-A,M3,4096,13,2384082498,0.011333100032061338,1.2958013999741524,1.3071345000062138,0.041397500000000004,0.18321200000000001,0.26197700000000002,0.21978899999999998,0.90000000000000002,0.90000000000000002,0.90000000000000002,0.75,1.1124202994893466,1.1297955713505747,1.2022133022425416,,64,8,12,gpu-hybrid,99.488290319961365,0.094790585828891147,6.1414264990815477,83.584721339834175,13.165352332669434,-3.4032098516237794,0.85252524563357723,0,0,0
correlation_high,correlation,high,RC-A,M3,4096,14,138966784,0.011218099971301854,1.2803371000336483,1.2915552000049502,0.041397500000000004,0.18321200000000001,0.26197700000000002,0.21978899999999998,0.90000000000000002,0.90000000000000002,0.90000000000000002,0.75,1.1124202994893466,1.1297955713505747,1.2022133022425416,,64,8,12,gpu-hybrid,99.650145249066767,0.092473308469057783,6.1553171087449829,83.777861139972941,12.985620560209782,-3.2686535598609376,0.85316091499492752,0,0,0
correlation_high,correlation,high,RC-A,M3,4096,15,204280711,0.010452200076542795,1.2934187999926507,1.3038710000691935,0.041397500000000004,0.18321200000000001,0.26197700000000002,0.21978899999999998,0.90000000000000002,0.90000000000000002,0.90000000000000002,0.75,1.1124202994893466,1.1297955713505747,1.2022133022425416,,64,8,12,gpu-hybrid,99.47543364883596,0.094950282177304363,6.160780844875366,83.678819177553848,13.075486446439607,-3.4396528200328609,0.85276297366851073,0,0,0
volatility_75%,volatility,75%,RC-A,M0,4096,0,3431230248,0.028268199996091425,0.18141910003032535,0.20968730002641678,0.041397500000000004,0.137409,0.19648275000000001,0.16484174999999998,0.93101527022332164,0.82546019107334301,0.73380477788963194,0.75,1.1124202994893466,1.1297955713505747,1.2022133022425416,52,,,,gpu,101.38096108940155,0.066151213005621545,5.659998170128044,88.691276557806447,8.4698597771610515,-1.4401734156939952,0.9375,0,0,0
volatility_75%,volatility,75%,RC-A,M0,4096,1,4162291462,0.027846399927511811,0.17274519999045879,0.2005915999179706,0.041397500000000004,0.137409,0.19648275000000001,0.16484174999999998,0.93101527022332164,0.82546019107334301,0.73380477788963194,0.75,1.1124202994893466,1.1297955713505747,1.2022133022425416,52,,,,gpu,101.5101457438326,0.064273098156838557,5.6889960390587655,88.633842025791708,8.5147927202759632,-1.327485041293845,0.941650390625,0,0,0
volatility_75%,volatility,75%,RC-A,M0,4096,2,2907881701,0.028217700077220798,0.15118429996073246,0.17940200003795326,0.041397500000000004,0.137409,0.19648275000000001,0.16484174999999998,0.93101527022332164,0.82546019107334301,0.73380477788963194,0.75,1.1124202994893466,1.1297955713505747,1.2022133022425416,52,,,,gpu,101.61181735037869,0.062557048290790326,5.6542633687600592,89.320018866576902,7.8632650451097303,-1.2257299300680011,0.94482421875,0,0,0
volatility_75%,volatility,75%,RC-A,M0,4096,3,2291344224,0.029083600034937263,0.19423280004411936,0.22331640007905662,0.041397500000000004,0.137409,0.19648275000000001,0.16484174999999998,0.93101527022332164,0.82546019107334301,0.73380477788963194,0.75,1.1124202994893466,1.1297955713505747,1.2022133022425416,52,,,,gpu,101.48617326223264,0.064751774479734986,5.7164968902524276,88.449384379061229,8.6945244927356153,-1.374232499816622,0.939697265625,0,0,0
volatility_75%,volatility,75%,RC-A,M0,4096,4,1385781867,0.027884999988600612,0.1665428999112919,0.19442789989989251,0.041397500000000004,0.137409,0.19648275000000001,0.16484174999999998,0.93101527022332164,0.82546019107334301,0.73380477788963194,0.75,1.1124202994893466,1.1297955713505747,1.2022133022425416,52,,,,gpu,101.5814258838041,0.06320396671359825,5.6953644737680671,89.138562452242581,8.0205303460119239,-1.2730313882184667,0.943359375,0,0,0
volatility_75%,volatility,75%,RC-A,M0,4096,5,2163294575,0.029739899910055101,0.19920419994741678,0.22894409985747188,0.041397500000000004,0.137409,0.19648275000000001,0.16484174999999998,0.93101527022332164,0.82546019107334301,0.73380477788963194,0.75,1.1124202994893466,1.1297955713505747,1.2022133022425416,52,,,,gpu,101.58545822541736,0.063181115987595196,5.7045214185509296,89.034303163368349,8.1328627037992067,-1.2862290603011242,0.939453125,0,0,0
volatility_75%,volatility,75%,RC-A,M0,4096,6,1089561261,0.028063700068742037,0.19058759999461472,0.21865130006335676,0.041397500000000004,0.137409,0.19648275000000001,0.16484174999999998,0.93101527022332164,0.82546019107334301,0.73380477788963194,0.75,1.1124202994893466,1.1297955713505747,1.2022133022425416,52,,,,gpu,101.56634849189605,0.063244670863964472,5.6505311584201383,89.385995102847772,7.795865630437361,-1.2660433998092255,0.943359375,0,0,0
volatility_75%,volatility,75%,RC-A,M0,4096,7,1867028274,0.028798499959520996,0.16335150005761534,0.19215000001713634,0.041397500000000004,0.137409,0.19648275000000001,0.16484174999999998,0.93101527022332164,0.82546019107334301,0.73380477788963194,0.75,1.1124202994893466,1.1297955713505747,1.2022133022425416,52,,,,gpu,101.58107857220288,0.063173654597502932,5.687018447643668,89.349865997647569,7.8183321019948178,-1.2741379750831676,0.94287109375,0,0,0
volatility_75%,volatility,75%,RC-A,M0,4096,8,169520806,0.028563300031237304,0.15044019999913871,0.17900350003037602,0.041397500000000004,0.137409,0.19648275000000001,0.16484174999999998,0.93101527022332164,0.82546019107334301,0.73380477788963194,0.75,1.1124202994893466,1.1297955713505747,1.2022133022425416,52,,,,gpu,101.55181279455529,0.064129255556033923,5.8099826408672426,88.433386576122089,8.6720580211781595,-1.3636144436122071,0.9384765625,0,0,0
volatility_75%,volatility,75%,RC-A,M0,4096,9,3171945204,0.028715600026771426,0.16488269995898008,0.19359829998575151,0.041397500000000004,0.137409,0.19648275000000001,0.16484174999999998,0.93101527022332164,0.82546019107334301,0.73380477788963194,0.75,1.1124202994893466,1.1297955713505747,1.2022133022425416,52,,,,gpu,101.71347423291519,0.061315935047674054,5.7259633159732468,88.934939250569926,8.2227285900290319,-1.1701569236570124,0.9462890625,0,0,0
volatility_75%,volatility,75%,RC-A,M0,4096,10,3039182439,0.029541400028392673,0.18656120006926358,0.21610260009765625,0.041397500000000004,0.137409,0.19648275000000001,0.16484174999999998,0.93101527022332164,0.82546019107334301,0.73380477788963194,0.75,1.1124202994893466,1.1297955713505747,1.2022133022425416,52,,,,gpu,101.48933731007233,0.064865850211101236,5.7575396401787939,88.680622765321402,8.4473933056035957,-1.3962184010314649,0.937255859375,0,0,0
volatility_75%,volatility,75%,RC-A,M0,4096,11,4280479027,0.028126899967901409,0.16270930005703121,0.19083620002493262,0.041397500000000004,0.137409,0.19648275000000001,0.16484174999999998,0.93101527022332164,0.82546019107334301,0.73380477788963194,0.75,1.1124202994893466,1.1297955713505747,1.2022133022425416,52,,,,gpu,101.37201123363454,0.06645618585691189,5.7048110255456219,88.64524252168971,8.4923262487185074,-1.4703685623193041,0.937744140625,0,0,0
volatility_75%,volatility,75%,RC-A,M0,4096,12,736577547,0.030275500030256808,0.16289999999571592,0.19317550002597272,0.041397500000000004,0.137409,0.19648275000000001,0.16484174999999998,0.93101527022332164,0.82546019107334301,0.73380477788963194,0.75,1.1124202994893466,1.1297955713505747,1.2022133022425416,52,,,,gpu,101.38107423038626,0.066189605715104377,5.670659751445764,88.893705692233723,8.2676615331439436,-1.4509527464371637,0.93798828125,-1.4210854715202004e-14,0,0
volatility_75%,volatility,75%,RC-A,M0,4096,13,918340428,0.028777000028640032,0.1698397999862209,0.19861680001486093,0.041397500000000004,0.137409,0.19648275000000001,0.16484174999999998,0.93101527022332164,0.82546019107334301,0.73380477788963194,0.75,1.1124202994893466,1.1297955713505747,1.2022133022425416,52,,,,gpu,101.39070990053673,0.065961525043490288,5.6497554512412602,88.965968789302167,8.2002621184715743,-1.425276458478266,0.938720703125,0,0,0
volatility_75%,volatility,75%,RC-A,M0,4096,14,3525769445,0.029534899978898466,0.1597888000542298,0.18932370003312826,0.041397500000000004,0.137409,0.19648275000000001,0.16484174999999998,0.93101527022332164,0.82546019107334301,0.73380477788963194,0.75,1.1124202994893466,1.1297955713505747,1.2022133022425416,52,,,,gpu,101.58980359115199,0.062899015475004788,5.6545628929794445,89.36461942277279,7.8183321019948178,-1.2477108265950558,0.94140625,0,0,0
volatility_75%,volatility,75%,RC-A,M0,4096,15,1525154481,0.030981800053268671,0.15385800006333739,0.18483980011660606,0.041397500000000004,0.137409,0.19648275000000001,0.16484174999999998,0.93101527022332164,0.82546019107334301,0.73380477788963194,0.75,1.1124202994893466,1.1297955713505747,1.2022133022425416,52,,,,gpu,101.52512273201889,0.063925706986896716,5.6607525399585938,89.175093755355704,7.9980638744544681,-1.3087874377498798,0.9423828125,0,0,0
volatility_75%,volatility,75%,RC-A,M3,4096,0,4013859455,0.0099443999351933599,1.0889630999881774,1.0989074999233708,0.041397500000000004,0.137409,0.19648275000000001,0.16484174999999998,0.93101527022332164,0.82546019107334301,0.73380477788963194,0.75,1.1124202994893466,1.1297955713505747,1.2022133022425416,,64,8,12,gpu-hybrid,101.45536878952821,0.065110786042139573,5.6877731091139703,89.209316018134416,7.9531309313395546,-1.3948512690597366,0.93697257898919295,0,0,0
volatility_75%,volatility,75%,RC-A,M3,4096,1,2560308018,0.01050159998703748,1.0208396000089124,1.0313411999959499,0.041397500000000004,0.137409,0.19648275000000001,0.16484174999999998,0.93101527022332164,0.82546019107334301,0.73380477788963194,0.75,1.1124202994893466,1.1297955713505747,1.2022133022425416,,64,8,12,gpu-hybrid,101.40515028370021,0.065860152613174378,5.6816782311792284,88.90779503879746,8.2451950615864895,-1.4295180478629703,0.93602981615103609,0,0,0
volatility_75%,volatility,75%,RC-A,M3,4096,2,3730570205,0.011569299967959523,1.1035507000051439,1.1151199999731034,0.041397500000000004,0.137409,0.19648275000000001,0.16484174999999998,0.93101527022332164,0.82546019107334301,0.73380477788963194,0.75,1.1124202994893466,1.1297955713505747,1.2022133022425416,,64,8,12,gpu-hybrid,101.3981090249267,0.066106060432246233,5.7181866525170273,88.53536452941168,8.6046586065057902,-1.4601007635078176,0.93412652713826572,0,0,0
volatility_75%,volatility,75%,RC-A,M3,4096,3,4157889538,0.01143919990863651,1.0647095000604168,1.0761486999690533,0.041397500000000004,0.137409,0.19648275000000001,0.16484174999999998,0.93101527022332164,0.82546019107334301,0.73380477788963194,0.75,1.1124202994893466,1.1297955713505747,1.2022133022425416,,64,8,12,gpu-hybrid,101.4481095529933,0.065312276635512034,5.7107970838376154,88.969397110960969,8.1777956469141184,-1.409880288719408,0.93396663974300131,0,0,0
volatility_75%,volatility,75%,RC-A,M3,4096,4,3271509640,0.010684799985028803,1.0521660998929292,1.062850899877958,0.041397500000000004,0.137409,0.19648275000000001,0.16484174999999998,0.93101527022332164,0.82546019107334301,0.73380477788963194,0.75,1.1124202994893466,1.1297955713505747,1.2022133022425416,,64,8,12,gpu-hybrid,101.3927337900131,0.066127073624984364,5.7018025743354102,88.809783495197678,8.3350609478163129,-1.4539132273363213,0.93447516610103543,1.4210854715202004e-14,0,0
volatility_75%,volatility,75%,RC-A,M3,4096,5,1768158668,0.01128990005236119,1.079190400079824,1.0904803001321852,0.041397500000000004,0.137409,0.19648275000000001,0.16484174999999998,0.93101527022332164,0.82546019107334301,0.73380477788963194,0.75,1.1124202994893466,1.1297955713505747,1.2022133022425416,,64,8,12,gpu-hybrid,101.54735316693974,0.063875691671987783,5.731105445601008,88.691750127955956,8.4473933056035939,-1.3228957122208167,0.93578427067548542,0,0,0
volatility_75%,volatility,75%,RC-A,M3,4096,6,1725557943,0.010974799981340766,1.0548711000010371,1.0658458999823779,0.041397500000000004,0.137409,0.19648275000000001,0.16484174999999998,0.93101527022332164,0.82546019107334301,0.73380477788963194,0.75,1.1124202994893466,1.1297955713505747,1.2022133022425416,,64,8,12,gpu-hybrid,101.51316788611598,0.064142052888811626,5.6684001125993069,89.349903179158275,7.8183321019948169,-1.3234675076364113,0.93910523978579707,0,0,0
volatility_75%,volatility,75%,RC-A,M3,4096,7,4214071438,0.010697699966840446,1.0157543999375775,1.026452099904418,0.041397500000000004,0.137409,0.19648275000000001,0.16484174999999998,0.93101527022332164,0.82546019107334301,0.73380477788963194,0.75,1.1124202994893466,1.1297955713505747,1.2022133022425416,,64,8,12,gpu-hybrid,101.38533051289036,0.065965919518270646,5.6290501923568739,89.380083226616478,7.7958656304373601,-1.4196685365203505,0.93754164847098809,0,0,0
volatility_75%,volatility,75%,RC-A,M3,4096,8,2429451524,0.011406100005842745,1.0575871000764892,1.0689932000823319,0.041397500000000004,0.137409,0.19648275000000001,0.16484174999999998,0.93101527022332164,0.82546019107334301,0.73380477788963194,0.75,1.1124202994893466,1.1297955713505747,1.2022133022425416,,64,8,12,gpu-hybrid,101.44007959034538,0.065240722742469323,5.6608740120971737,89.208834871070962,7.9531309313395555,-1.3827602241623091,0.93706403339754951,0,0,0
volatility_75%,volatility,75%,RC-A,M3,4096,9,47177071,0.010513699962757528,1.0605715999845415,1.0710852999472991,0.041397500000000004,0.137409,0.19648275000000001,0.16484174999999998,0.93101527022332164,0.82546019107334301,0.73380477788963194,0.75,1.1124202994893466,1.1297955713505747,1.2022133022425416,,64,8,12,gpu-hybrid,101.5181485075092,0.064020025544784212,5.6575016578668631,89.284630456202393,7.8857315166671853,-1.3097151232272486,0.93901809011296278,1.4210854715202004e-14,0,0
volatility_75%,volatility,75%,RC-A,M3,4096,10,1908117740,0.010086799971759319,1.0775560000911355,1.0876428000628948,0.041397500000000004,0.137409,0.19648275000000001,0.16484174999999998,0.93101527022332164,0.82546019107334301,0.73380477788963194,0.75,1.1124202994893466,1.1297955713505747,1.2022133022425416,,64,8,12,gpu-hybrid,101.38365752242156,0.066220658160676654,5.6895572300151702,88.722071171284526,8.4249268340461398,-1.4528977129242748,0.93558657974027015,0,0,0
volatility_75%,volatility,75%,RC-A,M3,4096,11,3567722965,0.011947600054554641,1.0824627999681979,1.0944104000227526,0.041397500000000004,0.137409,0.19648275000000001,0.16484174999999998,0.93101527022332164,0.82546019107334301,0.73380477788963194,0.75,1.1124202994893466,1.1297955713505747,1.2022133022425416,,64,8,12,gpu-hybrid,101.43827123356046,0.065598727250067962,5.7461835379832307,88.429795346612693,8.6945244927356171,-1.4322321437710839,0.93416450009090279,0,0,0
volatility_75%,volatility,75%,RC-A,M3,4096,12,251055111,0.011921600089408457,1.0204932000488043,1.0324148001382127,0.041397500000000004,0.137409,0.19648275000000001,0.16484174999999998,0.93101527022332164,0.82546019107334301,0.73380477788963194,0.75,1.1124202994893466,1.1297955713505747,1.2022133022425416,,64,8,12,gpu-hybrid,101.45393351775122,0.065325749551603279,5.7372483953535598,88.460005554797306,8.6720580211781595,-1.4153784535778076,0.93323911163893247,0,0,0
volatility_75%,volatility,75%,RC-A,M3,4096,13,2839888916,0.011791800032369792,1.053222700022161,1.0650145000545308,0.041397500000000004,0.137409,0.19648275000000001,0.16484174999999998,0.93101527022332164,0.82546019107334301,0.73380477788963194,0.75,1.1124202994893466,1.1297955713505747,1.2022133022425416,,64,8,12,gpu-hybrid,101.48174042078848,0.064623132406643913,5.667396827380581,89.124317886320981,8.0429968175693798,-1.3529711104824598,0.9375602965931451,0,0,0
volatility_75%,volatility,75%,RC-A,M3,4096,14,2720974664,0.010786699946038425,1.0866921000415459,1.0974787999875844,0.041397500000000004,0.137409,0.19648275000000001,0.16484174999999998,0.93101527022332164,0.82546019107334301,0.73380477788963194,0.75,1.1124202994893466,1.1297955713505747,1.2022133022425416,,64,8,12,gpu-hybrid,101.48117129756018,0.064644918072895616,5.670620168848207,89.076258982027198,8.0879297606842933,-1.353637613999505,0.93558389366666916,0,0,0
volatility_75%,volatility,75%,RC-A,M3,4096,15,2851801169,0.01124979997985065,1.1254296000115573,1.136679399991408,0.041397500000000004,0.137409,0.19648275000000001,0.16484174999999998,0.93101527022332164,0.82546019107334301,0.73380477788963194,0.75,1.1124202994893466,1.1297955713505747,1.2022133022425416,,64,8,12,gpu-hybrid,101.38928640006799,0.066172991175489623,5.6999348106538532,88.716908314895534,8.4249268340461398,-1.4524835595275483,0.93519372590772365,1.4210854715202004e-14,0,0
volatility_100%,volatility,100%,RC-A,M0,4096,0,2411333968,0.028521300060674548,0.17155650001950562,0.20007780008018017,0.041397500000000004,0.18321200000000001,0.26197700000000002,0.21978899999999998,0.93101527022332164,0.82546019107334301,0.73380477788963194,0.75,1.1124202994893466,1.1297955713505747,1.2022133022425416,52,,,,gpu,99.609308178522753,0.093008718079943611,6.2057149926991446,83.274376802248511,13.457416462916367,-3.3282000793412756,0.8603515625,0,0,0
volatility_100%,volatility,100%,RC-A,M0,4096,1,313046740,0.027773599955253303,0.18992240005172789,0.21769600000698119,0.041397500000000004,0.18321200000000001,0.26197700000000002,0.21978899999999998,0.93101527022332164,0.82546019107334301,0.73380477788963194,0.75,1.1124202994893466,1.1297955713505747,1.2022133022425416,52,,,,gpu,99.141268843797235,0.099710212377331325,6.1537812648730288,82.734385721028957,13.974145308737864,-3.72104345084262,0.85107421875,0,0,0
volatility_100%,volatility,100%,RC-A,M0,4096,2,3960658533,0.028784600086510181,0.15275250002741814,0.18153710011392832,0.041397500000000004,0.18321200000000001,0.26197700000000002,0.21978899999999998,0.93101527022332164,0.82546019107334301,0.73380477788963194,0.75,1.1124202994893466,1.1297955713505747,1.2022133022425416,52,,,,gpu,99.39942846857511,0.09603343714223557,6.1581292653561626,83.237366657754848,13.502349406031279,-3.4984168605671742,0.855224609375,0,0,0
volatility_100%,volatility,100%,RC-A,M0,4096,3,3392028088,0.028774900012649596,0.15971949999220669,0.18849440000485629,0.041397500000000004,0.18321200000000001,0.26197700000000002,0.21978899999999998,0.93101527022332164,0.82546019107334301,0.73380477788963194,0.75,1.1124202994893466,1.1297955713505747,1.2022133022425416,52,,,,gpu,99.43887569863432,0.095367138120826728,6.2409450063574141,82.815727011546727,13.884279422508037,-3.5020757417778601,0.854736328125,1.4210854715202004e-14,0,0
volatility_100%,volatility,100%,RC-A,M0,4096,4,2142889066,0.028787899995222688,0.16323339997325093,0.19202129996847361,0.041397500000000004,0.18321200000000001,0.26197700000000002,0.21978899999999998,0.93101527022332164,0.82546019107334301,0.73380477788963194,0.75,1.1124202994893466,1.1297955713505747,1.2022133022425416,52,,,,gpu,99.399828150521358,0.095758266638994755,6.3590870972136164,82.022425212615317,14.625672983904096,-3.6073571432116696,0.845703125,0,0,0
volatility_100%,volatility,100%,RC-A,M0,4096,5,3192950523,0.028437700006179512,0.19542719994205981,0.22386489994823933,0.041397500000000004,0.18321200000000001,0.26197700000000002,0.21978899999999998,0.93101527022332164,0.82546019107334301,0.73380477788963194,0.75,1.1124202994893466,1.1297955713505747,1.2022133022425416,52,,,,gpu,99.245036119014941,0.098244013359001833,6.1484789136868576,83.112832289498996,13.61468176381856,-3.6309568479894603,0.8583984375,0,0,0
volatility_100%,volatility,100%,RC-A,M0,4096,6,32205023,0.027740300050936639,0.15188119991216809,0.17962149996310472,0.041397500000000004,0.18321200000000001,0.26197700000000002,0.21978899999999998,0.93101527022332164,0.82546019107334301,0.73380477788963194,0.75,1.1124202994893466,1.1297955713505747,1.2022133022425416,52,,,,gpu,99.651387376035842,0.092439955625378267,6.1748742114515167,83.589016606538138,13.165352332669432,-3.2778557746232364,0.861572265625,0,0,0
volatility_100%,volatility,100%,RC-A,M0,4096,7,1780966361,0.029558200039900839,0.17677380004897714,0.20633200008887798,0.041397500000000004,0.18321200000000001,0.26197700000000002,0.21978899999999998,0.93101527022332164,0.82546019107334301,0.73380477788963194,0.75,1.1124202994893466,1.1297955713505747,1.2022133022425416,52,,,,gpu,99.476439141038526,0.094874796886797869,6.211910085434309,82.93691619548369,13.771947064720756,-3.4443342046002403,0.859130859375,0,0,0
volatility_100%,volatility,100%,RC-A,M0,4096,8,4021602961,0.028566599939949811,0.15835190005600452,0.18691849999595433,0.041397500000000004,0.18321200000000001,0.26197700000000002,0.21978899999999998,0.93101527022332164,0.82546019107334301,0.73380477788963194,0.75,1.1124202994893466,1.1297955713505747,1.2022133022425416,52,,,,gpu,99.211251531733453,0.09859206541503969,6.2220594984722446,82.351233557434838,14.333608853657164,-3.6956503778308001,0.845703125,0,0,0
volatility_100%,volatility,100%,RC-A,M0,4096,9,391037742,0.027900200104340911,0.17365809995681047,0.20155830006115139,0.041397500000000004,0.18321200000000001,0.26197700000000002,0.21978899999999998,0.93101527022332164,0.82546019107334301,0.73380477788963194,0.75,1.1124202994893466,1.1297955713505747,1.2022133022425416,52,,,,gpu,99.421460101049803,0.095825577775971643,6.0803276986064088,83.595782652939178,13.18781880422689,-3.4424690547226744,0.86083984375,0,0,0
volatility_100%,volatility,100%,RC-A,M0,4096,10,3553829547,0.027509800042025745,0.15870889998041093,0.18621870002243668,0.041397500000000004,0.18321200000000001,0.26197700000000002,0.21978899999999998,0.93101527022332164,0.82546019107334301,0.73380477788963194,0.75,1.1124202994893466,1.1297955713505747,1.2022133022425416,52,,,,gpu,99.361561985025546,0.096616894680010251,6.127451097219609,83.014302550302659,13.727014121605841,-3.5072057841025597,0.859375,-1.4210854715202004e-14,0,0
volatility_100%,volatility,100%,RC-A,M0,4096,11,483914883,0.028525999980047345,0.18178970005828887,0.21031570003833622,0.041397500000000004,0.18321200000000001,0.26197700000000002,0.21978899999999998,0.93101527022332164,0.82546019107334301,0.73380477788963194,0.75,1.1124202994893466,1.1297955713505747,1.2022133022425416,52,,,,gpu,99.594557010831494,0.093113715010749554,6.3195693910915374,82.710907641709753,13.97414530873786,-3.4100653307076572,0.8544921875,0,0,0
volatility_100%,volatility,100%,RC-A,M0,4096,12,2779671631,0.027191299945116043,0.16416079993359745,0.19135209987871349,0.041397500000000004,0.18321200000000001,0.26197700000000002,0.21978899999999998,0.93101527022332164,0.82546019107334301,0.73380477788963194,0.75,1.1124202994893466,1.1297955713505747,1.2022133022425416,52,,,,gpu,99.428619309162613,0.095564183533696931,6.1997361839992182,82.913773373783073,13.794413536278212,-3.479303784897898,0.8583984375,0,0,0
volatility_100%,volatility,100%,RC-A,M0,4096,13,2876448041,0.027854100102558732,0.14297950000036508,0.17083360010292381,0.041397500000000004,0.18321200000000001,0.26197700000000002,0.21978899999999998,0.93101527022332164,0.82546019107334301,0.73380477788963194,0.75,1.1124202994893466,1.1297955713505747,1.2022133022425416,52,,,,gpu,99.656671953995499,0.092324025523798925,6.2274139880039225,83.102978008286328,13.61468176381856,-3.2884018061133125,0.859619140625,0,0,0
volatility_100%,volatility,100%,RC-A,M0,4096,14,2606133940,0.029404700035229325,0.16865340003278106,0.19805810006801039,0.041397500000000004,0.18321200000000001,0.26197700000000002,0.21978899999999998,0.93101527022332164,0.82546019107334301,0.73380477788963194,0.75,1.1124202994893466,1.1297955713505747,1.2022133022425416,52,,,,gpu,99.458735239005705,0.095178976946738159,6.1675750448917039,83.244391984533834,13.479882934473821,-3.4331147248936533,0.859130859375,0,0,0
volatility_100%,volatility,100%,RC-A,M0,4096,15,1854178394,0.027523100026883185,0.16031710000243038,0.18784020002931356,0.041397500000000004,0.18321200000000001,0.26197700000000002,0.21978899999999998,0.93101527022332164,0.82546019107334301,0.73380477788963194,0.75,1.1124202994893466,1.1297955713505747,1.2022133022425416,52,,,,gpu,99.434217996768666,0.095404174239996864,6.2632634073564724,82.761153923955902,13.92921236562295,-3.5194117001666512,0.85205078125,0,0,0
volatility_100%,volatility,100%,RC-A,M3,4096,0,381698982,0.0128842000849545,1.2966490999097005,1.309533299994655,0.041397500000000004,0.18321200000000001,0.26197700000000002,0.21978899999999998,0.93101527022332164,0.82546019107334301,0.73380477788963194,0.75,1.1124202994893466,1.1297955713505747,1.2022133022425416,,64,8,12,gpu-hybrid,99.29030860850358,0.097517826162830723,6.1987496834731859,82.863865629035203,13.839346479393123,-3.6116531833979346,0.84251432479851296,0,0,0
volatility_100%,volatility,100%,RC-A,M3,4096,1,2573818000,0.011076799943111837,1.3087566000176594,1.3198333999607712,0.041397500000000004,0.18321200000000001,0.26197700000000002,0.21978899999999998,0.93101527022332164,0.82546019107334301,0.73380477788963194,0.75,1.1124202994893466,1.1297955713505747,1.2022133022425416,,64,8,12,gpu-hybrid,99.453258152264738,0.09525426738005556,6.1694947223360677,83.308211877217332,13.434949991358909,-3.4593984386475638,0.84895459863953726,0,0,0
volatility_100%,volatility,100%,RC-A,M3,4096,2,374779032,0.011540700099430978,1.2975017999997362,1.3090425000991672,0.041397500000000004,0.18321200000000001,0.26197700000000002,0.21978899999999998,0.93101527022332164,0.82546019107334301,0.73380477788963194,0.75,1.1124202994893466,1.1297955713505747,1.2022133022425416,,64,8,12,gpu-hybrid,99.236945859563903,0.098286703688608493,6.1897720764008382,82.965718776725183,13.749480593163298,-3.6680255867254226,0.84491641271835582,0,0,0
volatility_100%,volatility,100%,RC-A,M3,4096,3,1257381500,0.010987699963152409,1.2600676999427378,1.2710553999058902,0.041397500000000004,0.18321200000000001,0.26197700000000002,0.21978899999999998,0.93101527022332164,0.82546019107334301,0.73380477788963194,0.75,1.1124202994893466,1.1297955713505747,1.2022133022425416,,64,8,12,gpu-hybrid,99.239865414031144,0.098229941316816352,6.1987082975035115,82.69086730154774,14.019078251852775,-3.6687884368728807,0.84387361452359877,0,0,0
volatility_100%,volatility,100%,RC-A,M3,4096,4,1961662060,0.010978500009514391,1.2795445000519976,1.290523000061512,0.041397500000000004,0.18321200000000001,0.26197700000000002,0.21978899999999998,0.93101527022332164,0.82546019107334301,0.73380477788963194,0.75,1.1124202994893466,1.1297955713505747,1.2022133022425416,,64,8,12,gpu-hybrid,99.134935809233468,0.099692173921177532,6.2083363624426138,82.38960118166716,14.311142382099709,-3.7741441169760099,0.84052672904921755,0,0,0
volatility_100%,volatility,100%,RC-A,M3,4096,5,2285752011,0.010015600011684,1.3099739999743178,1.3199895999860018,0.041397500000000004,0.18321200000000001,0.26197700000000002,0.21978899999999998,0.93101527022332164,0.82546019107334301,0.73380477788963194,0.75,1.1124202994893466,1.1297955713505747,1.2022133022425416,,64,8,12,gpu-hybrid,99.210025176848603,0.098645620680664875,6.2017898335316328,82.659961248515145,14.041544723410233,-3.6932706286084036,0.84159506281141916,-1.4210854715202004e-14,0,0
volatility_100%,volatility,100%,RC-A,M3,4096,6,1255379134,0.011926600011065602,1.2757795000215992,1.2877061000326648,0.041397500000000004,0.18321200000000001,0.26197700000000002,0.21978899999999998,0.93101527022332164,0.82546019107334301,0.73380477788963194,0.75,1.1124202994893466,1.1297955713505747,1.2022133022425416,,64,8,12,gpu-hybrid,99.330859433858876,0.096930821382693488,6.2083457168209026,82.772345543312426,13.929212365622949,-3.5790441918973883,0.84352635567389189,0,0,0
volatility_100%,volatility,100%,RC-A,M3,4096,7,496301411,0.0098507000366225839,1.2912123999558389,1.3010630999924615,0.041397500000000004,0.18321200000000001,0.26197700000000002,0.21978899999999998,0.93101527022332164,0.82546019107334301,0.73380477788963194,0.75,1.1124202994893466,1.1297955713505747,1.2022133022425416,,64,8,12,gpu-hybrid,99.310103988576287,0.09725332409841618,6.189264335979316,83.018684784512146,13.704547650048386,-3.6023927819635522,0.84560152338201822,0,0,0
volatility_100%,volatility,100%,RC-A,M3,4096,8,3071668260,0.0093231999780982733,1.2854250998934731,1.2947482998715714,0.041397500000000004,0.18321200000000001,0.26197700000000002,0.21978899999999998,0.93101527022332164,0.82546019107334301,0.73380477788963194,0.75,1.1124202994893466,1.1297955713505747,1.2022133022425416,,64,8,12,gpu-hybrid,99.372149992207113,0.096391226528231747,6.178773592984057,83.20556108340881,13.524815877588734,-3.5370005617744971,0.84865861160486167,0,0,0
volatility_100%,volatility,100%,RC-A,M3,4096,9,3146185364,0.011758700013160706,1.3065031999722123,1.318261899985373,0.041397500000000004,0.18321200000000001,0.26197700000000002,0.21978899999999998,0.93101527022332164,0.82546019107334301,0.73380477788963194,0.75,1.1124202994893466,1.1297955713505747,1.2022133022425416,,64,8,12,gpu-hybrid,99.293020541380301,0.097458256952598882,6.2120010483440744,82.727159209636369,13.974145308737864,-3.6202850253380099,0.84332573044910819,0,0,0
volatility_100%,volatility,100%,RC-A,M3,4096,10,3821553972,0.010770000051707029,1.3424365000100806,1.3532065000617877,0.041397500000000004,0.18321200000000001,0.26197700000000002,0.21978899999999998,0.93101527022332164,0.82546019107334301,0.73380477788963194,0.75,1.1124202994893466,1.1297955713505747,1.2022133022425416,,64,8,12,gpu-hybrid,99.34747139082738,0.096677811220225396,6.2211187321852863,82.735404255745721,13.974145308737862,-3.5831969058414845,0.84477294739208841,0,0,0
volatility_100%,volatility,100%,RC-A,M3,4096,11,3374891575,0.011815199977718294,1.3114660999272019,1.3232812999049202,0.041397500000000004,0.18321200000000001,0.26197700000000002,0.21978899999999998,0.93101527022332164,0.82546019107334301,0.73380477788963194,0.75,1.1124202994893466,1.1297955713505747,1.2022133022425416,,64,8,12,gpu-hybrid,99.34308244514591,0.096790586818125843,6.1869381530980316,82.82785020485548,13.884279422508037,-3.5559853353156288,0.84533125089792716,0,0,0
volatility_100%,volatility,100%,RC-A,M3,4096,12,182938617,0.010313699953258038,1.3492083000019193,1.3595219999551773,0.041397500000000004,0.18321200000000001,0.26197700000000002,0.21978899999999998,0.93101527022332164,0.82546019107334301,0.73380477788963194,0.75,1.1124202994893466,1.1297955713505747,1.2022133022425416,,64,8,12,gpu-hybrid,99.248561812749443,0.098110807643817632,6.1965915877038587,82.779623151321218,13.929212365622949,-3.6568652918985771,0.84254537703950172,0,0,0
volatility_100%,volatility,100%,RC-A,M3,4096,13,1522823549,0.010602800059132278,1.3380338000133634,1.3486366000724956,0.041397500000000004,0.18321200000000001,0.26197700000000002,0.21978899999999998,0.93101527022332164,0.82546019107334301,0.73380477788963194,0.75,1.1124202994893466,1.1297955713505747,1.2022133022425416,,64,8,12,gpu-hybrid,99.323530812389748,0.096965515377604589,6.2533366176704375,82.40392540797086,14.288675910542253,-3.6224071237938107,0.84291931631466899,0,0,0
volatility_100%,volatility,100%,RC-A,M3,4096,14,565376344,0.01174899993930012,1.3108554999344051,1.3226044998737052,0.041397500000000004,0.18321200000000001,0.26197700000000002,0.21978899999999998,0.93101527022332164,0.82546019107334301,0.73380477788963194,0.75,1.1124202994893466,1.1297955713505747,1.2022133022425416,,64,8,12,gpu-hybrid,99.35039355296432,0.096691734361444584,6.1838780235038469,82.906310200720981,13.816880007835667,-3.5566746790961705,0.84381220146740166,0,0,0
volatility_100%,volatility,100%,RC-A,M3,4096,15,2607806065,0.010104099987074733,1.300158999976702,1.3102630999637768,0.041397500000000004,0.18321200000000001,0.26197700000000002,0.21978899999999998,0.93101527022332164,0.82546019107334301,0.73380477788963194,0.75,1.1124202994893466,1.1297955713505747,1.2022133022425416,,64,8,12,gpu-hybrid,99.433717977993567,0.095537965523386309,6.1644550205396307,83.363961735643812,13.36755057668654,-3.4622493548764135,0.84856681185291993,0,0,0
volatility_125%,volatility,125%,RC-A,M0,4096,0,3609667268,0.026902400073595345,0.15258039999753237,0.17948280007112771,0.041397500000000004,0.22901500000000002,0.32747124999999999,0.27473624999999996,0.93101527022332164,0.82546019107334301,0.73380477788963194,0.75,1.1124202994893466,1.1297955713505747,1.2022133022425416,52,,,,gpu,96.734371364776564,0.13240777640141949,6.3628736152034904,77.601325062903811,18.759503750476071,-5.9893310638068087,0.767822265625,0,0,0
volatility_125%,volatility,125%,RC-A,M0,4096,1,463612238,0.028017700067721307,0.1655813999241218,0.1935990999918431,0.041397500000000004,0.22901500000000002,0.32747124999999999,0.27473624999999996,0.93101527022332164,0.82546019107334301,0.73380477788963194,0.75,1.1124202994893466,1.1297955713505747,1.2022133022425416,52,,,,gpu,96.494702704123128,0.13561711717776975,6.3743119159875254,77.59529906883472,18.759503750476071,-6.2344120311751858,0.765869140625,0,0,0
volatility_125%,volatility,125%,RC-A,M0,4096,2,3072780797,0.028422600007615983,0.14382330002263188,0.17224590003024787,0.041397500000000004,0.22901500000000002,0.32747124999999999,0.27473624999999996,0.93101527022332164,0.82546019107334301,0.73380477788963194,0.75,1.1124202994893466,1.1297955713505747,1.2022133022425416,52,,,,gpu,96.01671353787718,0.14178085700200424,6.4210033644619386,76.28671267273684,19.995159686136166,-6.686162185457766,0.75439453125,0,0,0
volatility_125%,volatility,125%,RC-A,M0,4096,3,888983852,0.030808200011961162,0.16339220001827925,0.19420040003024042,0.041397500000000004,0.22901500000000002,0.32747124999999999,0.27473624999999996,0.93101527022332164,0.82546019107334301,0.73380477788963194,0.75,1.1124202994893466,1.1297955713505747,1.2022133022425416,52,,,,gpu,96.707152065265021,0.13299043059905011,6.3337319628565245,78.159942792347636,18.220308433097117,-6.0068311230362479,0.7724609375,0,0,0
volatility_125%,volatility,125%,RC-A,M0,4096,4,3808789176,0.028996599954552948,0.18239280011039227,0.21138940006494522,0.041397500000000004,0.22901500000000002,0.32747124999999999,0.27473624999999996,0.93101527022332164,0.82546019107334301,0.73380477788963194,0.75,1.1124202994893466,1.1297955713505747,1.2022133022425416,52,,,,gpu,96.599768232995913,0.13413125723702501,6.380275747243382,77.639327188786126,18.714570807361156,-6.134405510394755,0.768310546875,0,0,0
volatility_125%,volatility,125%,RC-A,M0,4096,5,3099414420,0.02906309999525547,0.15848729992285371,0.18755039991810918,0.041397500000000004,0.22901500000000002,0.32747124999999999,0.27473624999999996,0.93101527022332164,0.82546019107334301,0.73380477788963194,0.75,1.1124202994893466,1.1297955713505747,1.2022133022425416,52,,,,gpu,96.210729273101052,0.1394073593857566,6.387556456871855,76.723609856718298,19.590763198101957,-6.4912002385910412,0.7626953125,-1.4210854715202004e-14,0,0
volatility_125%,volatility,125%,RC-A,M0,4096,6,2168247075,0.029621400055475533,0.18803600000683218,0.21765740006230772,0.041397500000000004,0.22901500000000002,0.32747124999999999,0.27473624999999996,0.93101527022332164,0.82546019107334301,0.73380477788963194,0.75,1.1124202994893466,1.1297955713505747,1.2022133022425416,52,,,,gpu,97.00009988131886,0.12931888673435632,6.2768591151650641,78.952802267142118,17.478914871701058,-5.708476372689379,0.7841796875,-1.4210854715202004e-14,0,0
volatility_125%,volatility,125%,RC-A,M0,4096,7,1567035905,0.028817399987019598,0.18768670002464205,0.21650410001166165,0.041397500000000004,0.22901500000000002,0.32747124999999999,0.27473624999999996,0.93101527022332164,0.82546019107334301,0.73380477788963194,0.75,1.1124202994893466,1.1297955713505747,1.2022133022425416,52,,,,gpu,96.53626997320076,0.13530041713850235,6.3404546547526053,78.06296333168882,18.31017431932694,-6.1773223325676012,0.76416015625,-1.4210854715202004e-14,0,0
volatility_125%,volatility,125%,RC-A,M0,4096,8,634564988,0.029125200002454221,0.16382059990428388,0.1929457999067381,0.041397500000000004,0.22901500000000002,0.32747124999999999,0.27473624999999996,0.93101527022332164,0.82546019107334301,0.73380477788963194,0.75,1.1124202994893466,1.1297955713505747,1.2022133022425416,52,,,,gpu,96.549716723650661,0.13483133705983463,6.3784335164442147,77.860060056129583,18.489906091786594,-6.1786829407097343,0.768798828125,0,0,0
volatility_125%,volatility,125%,RC-A,M0,4096,9,423710025,0.028089500032365322,0.1669660999905318,0.19505560002289712,0.041397500000000004,0.22901500000000002,0.32747124999999999,0.27473624999999996,0.93101527022332164,0.82546019107334301,0.73380477788963194,0.75,1.1124202994893466,1.1297955713505747,1.2022133022425416,52,,,,gpu,96.987693996289664,0.12886276910797373,6.3723193830812308,78.301288355549303,18.085509603752378,-5.7714233460932469,0.773681640625,-1.4210854715202004e-14,0,0
volatility_125%,volatility,125%,RC-A,M0,4096,10,1936624308,0.029181099962443113,0.16713099996559322,0.19631209992803633,0.041397500000000004,0.22901500000000002,0.32747124999999999,0.27473624999999996,0.93101527022332164,0.82546019107334301,0.73380477788963194,0.75,1.1124202994893466,1.1297955713505747,1.2022133022425416,52,,,,gpu,96.665739936919962,0.13277322021501534,6.4441573657431555,77.55324593061178,18.781970222033525,-6.1136335814684877,0.7626953125,0,0,0
volatility_125%,volatility,125%,RC-A,M0,4096,11,2923919350,0.027576399967074394,0.16773979994468391,0.1953161999117583,0.041397500000000004,0.22901500000000002,0.32747124999999999,0.27473624999999996,0.93101527022332164,0.82546019107334301,0.73380477788963194,0.75,1.1124202994893466,1.1297955713505747,1.2022133022425416,52,,,,gpu,96.296142985937038,0.13834772333045148,6.3736873060041326,76.731995593227694,19.590763198101953,-6.400303111396731,0.756591796875,-1.4210854715202004e-14,0,0
volatility_125%,volatility,125%,RC-A,M0,4096,12,3802259757,0.02965879999101162,0.16438700002618134,0.19404580001719296,0.041397500000000004,0.22901500000000002,0.32747124999999999,0.27473624999999996,0.93101527022332164,0.82546019107334301,0.73380477788963194,0.75,1.1124202994893466,1.1297955713505747,1.2022133022425416,52,,,,gpu,96.862212212104396,0.1301656755320254,6.4350658466611943,77.819665402816653,18.534839034901509,-5.927358072274953,0.768310546875,0,0,0
volatility_125%,volatility,125%,RC-A,M0,4096,13,2390139901,0.028487599920481443,0.16060760000254959,0.18909519992303103,0.041397500000000004,0.22901500000000002,0.32747124999999999,0.27473624999999996,0.93101527022332164,0.82546019107334301,0.73380477788963194,0.75,1.1124202994893466,1.1297955713505747,1.2022133022425416,52,,,,gpu,96.735548554228288,0.13187741087825336,6.4365968147321393,77.41543348564241,18.916769051378267,-6.033250797524536,0.7666015625,0,0,0
volatility_125%,volatility,125%,RC-A,M0,4096,14,730204990,0.029126799898222089,0.17092519998550415,0.20005199988372624,0.041397500000000004,0.22901500000000002,0.32747124999999999,0.27473624999999996,0.93101527022332164,0.82546019107334301,0.73380477788963194,0.75,1.1124202994893466,1.1297955713505747,1.2022133022425416,52,,,,gpu,97.133755566202268,0.12640894646830692,6.4457254878794243,78.236915012970101,18.152909018424747,-5.7017939530720181,0.77001953125,0,0,0
volatility_125%,volatility,125%,RC-A,M0,4096,15,1954893630,0.028507200069725513,0.1664690999314189,0.19497630000114441,0.041397500000000004,0.22901500000000002,0.32747124999999999,0.27473624999999996,0.93101527022332164,0.82546019107334301,0.73380477788963194,0.75,1.1124202994893466,1.1297955713505747,1.2022133022425416,52,,,,gpu,96.7804158340833,0.13231259228469025,6.2864833332562133,78.077966823812716,18.332640790884398,-5.9166751138700278,0.7734375,0,0,0
volatility_125%,volatility,125%,RC-A,M3,4096,0,1138018016,0.011508699972182512,1.3772851000539958,1.3887938000261784,0.041397500000000004,0.22901500000000002,0.32747124999999999,0.27473624999999996,0.93101527022332164,0.82546019107334301,0.73380477788963194,0.75,1.1124202994893466,1.1297955713505747,1.2022133022425416,,64,8,12,gpu-hybrid,96.619186529655082,0.13366459299848607,6.4079667866861012,77.385968896126428,18.961701994493176,-6.1364511476506394,0.75338572465202502,0,0,0
volatility_125%,volatility,125%,RC-A,M3,4096,1,3143574037,0.011433699983172119,1.331239299965091,1.3426729999482632,0.041397500000000004,0.22901500000000002,0.32747124999999999,0.27473624999999996,0.93101527022332164,0.82546019107334301,0.73380477788963194,0.75,1.1124202994893466,1.1297955713505747,1.2022133022425416,,64,8,12,gpu-hybrid,96.610225361661492,0.13396114082306435,6.3839431318349718,77.6322132513464,18.714570807361156,-6.1205018288810393,0.75095780320174566,0,0,0
volatility_125%,volatility,125%,RC-A,M3,4096,2,568257305,0.0099455000599846244,1.345331700053066,1.3552772001130506,0.041397500000000004,0.22901500000000002,0.32747124999999999,0.27473624999999996,0.93101527022332164,0.82546019107334301,0.73380477788963194,0.75,1.1124202994893466,1.1297955713505747,1.2022133022425416,,64,8,12,gpu-hybrid,96.717427057646134,0.13211420809108174,6.4379744647620107,77.701281780728266,18.64717139268879,-6.0690005805329275,0.75209945030685865,0,0,0
volatility_125%,volatility,125%,RC-A,M3,4096,3,356819271,0.012101600063033402,1.346898699994199,1.3590003000572324,0.041397500000000004,0.22901500000000002,0.32747124999999999,0.27473624999999996,0.93101527022332164,0.82546019107334301,0.73380477788963194,0.75,1.1124202994893466,1.1297955713505747,1.2022133022425416,,64,8,12,gpu-hybrid,96.541144199957884,0.13462030757084417,6.422918230078591,77.15372158143964,19.163900238510283,-6.1993958500706334,0.75062579286525666,0,0,0
volatility_125%,volatility,125%,RC-A,M3,4096,4,1871169696,0.011589599889703095,1.3472973000025377,1.3588868998922408,0.041397500000000004,0.22901500000000002,0.32747124999999999,0.27473624999999996,0.93101527022332164,0.82546019107334301,0.73380477788963194,0.75,1.1124202994893466,1.1297955713505747,1.2022133022425416,,64,8,12,gpu-hybrid,96.84554885151158,0.13013407507540009,6.474034560491682,77.699237051051639,18.647171392688787,-5.9748941527205384,0.75235679320405446,0,0,0
volatility_125%,volatility,125%,RC-A,M3,4096,5,693557671,0.011218899977393448,1.3457882000366226,1.357007100014016,0.041397500000000004,0.22901500000000002,0.32747124999999999,0.27473624999999996,0.93101527022332164,0.82546019107334301,0.73380477788963194,0.75,1.1124202994893466,1.1297955713505747,1.2022133022425416,,64,8,12,gpu-hybrid,96.737721084990596,0.13164948855593292,6.4655200864147471,77.603550936292962,18.737037278918613,-6.0683872166357098,0.7504722862756148,-1.4210854715202004e-14,0,0
volatility_125%,volatility,125%,RC-A,M3,4096,6,3975866804,0.010543000069446862,1.3443393999477848,1.3548824000172317,0.041397500000000004,0.22901500000000002,0.32747124999999999,0.27473624999999996,0.93101527022332164,0.82546019107334301,0.73380477788963194,0.75,1.1124202994893466,1.1297955713505747,1.2022133022425416,,64,8,12,gpu-hybrid,96.685915064941,0.13248138496969517,6.4467208382540688,77.396277923395658,18.939235522935721,-6.0963192196444469,0.75125050483354217,0,0,0
volatility_125%,volatility,125%,RC-A,M3,4096,7,424806988,0.011372399982064962,1.3471514999400824,1.3585238999221474,0.041397500000000004,0.22901500000000002,0.32747124999999999,0.27473624999999996,0.93101527022332164,0.82546019107334301,0.73380477788963194,0.75,1.1124202994893466,1.1297955713505747,1.2022133022425416,,64,8,12,gpu-hybrid,96.59001928837958,0.13432405389351673,6.3722229806355868,77.794350311577503,18.55730550645896,-6.133859510292468,0.75318313516620561,0,0,0
volatility_125%,volatility,125%,RC-A,M3,4096,8,722956278,0.0099820999894291162,1.3502357999095693,1.3602178998989984,0.041397500000000004,0.22901500000000002,0.32747124999999999,0.27473624999999996,0.93101527022332164,0.82546019107334301,0.73380477788963194,0.75,1.1124202994893466,1.1297955713505747,1.2022133022425416,,64,8,12,gpu-hybrid,96.687504006890862,0.13296305168636363,6.3753617200313508,78.238575086215306,18.130442546867293,-6.0568753462230767,0.75459363491877274,0,0,0
volatility_125%,volatility,125%,RC-A,M3,4096,9,543905217,0.010178899974562228,1.3467908999882638,1.3569697999628261,0.041397500000000004,0.22901500000000002,0.32747124999999999,0.27473624999999996,0.93101527022332164,0.82546019107334301,0.73380477788963194,0.75,1.1124202994893466,1.1297955713505747,1.2022133022425416,,64,8,12,gpu-hybrid,96.502276926351243,0.13504283130934464,6.4373694312166787,77.122361683722147,19.208833181625199,-6.2662873702127797,0.74907888529733402,0,0,0
volatility_125%,volatility,125%,RC-A,M3,4096,10,3497697669,0.010207599960267544,1.3217197000049055,1.331927299965173,0.041397500000000004,0.22901500000000002,0.32747124999999999,0.27473624999999996,0.93101527022332164,0.82546019107334301,0.73380477788963194,0.75,1.1124202994893466,1.1297955713505747,1.2022133022425416,,64,8,12,gpu-hybrid,96.469266523817325,0.13549865914683007,6.4364126968823276,76.998958207034832,19.32116553941248,-6.2872699195123189,0.75060704069291462,1.4210854715202004e-14,0,0
volatility_125%,volatility,125%,RC-A,M3,4096,11,3224663375,0.010186500032432377,1.3512862999923527,1.3614728000247851,0.041397500000000004,0.22901500000000002,0.32747124999999999,0.27473624999999996,0.93101527022332164,0.82546019107334301,0.73380477788963194,0.75,1.1124202994893466,1.1297955713505747,1.2022133022425416,,64,8,12,gpu-hybrid,96.771829556250125,0.13160398452932753,6.4045214245956794,77.710041946084857,18.64717139268879,-5.9899052071192109,0.75351491932523773,0,0,0
volatility_125%,volatility,125%,RC-A,M3,4096,12,2739901002,0.011160199996083975,1.3015524999937043,1.3127126999897882,0.041397500000000004,0.22901500000000002,0.32747124999999999,0.27473624999999996,0.93101527022332164,0.82546019107334301,0.73380477788963194,0.75,1.1124202994893466,1.1297955713505747,1.2022133022425416,,64,8,12,gpu-hybrid,96.808525342922181,0.13124696494322785,6.3833921474714312,78.21837745071511,18.152909018424747,-5.9461532736891103,0.75638860456775436,0,0,0
volatility_125%,volatility,125%,RC-A,M3,4096,13,3062415772,0.0099552000174298882,1.3330306999851018,1.3429859000025317,0.041397500000000004,0.22901500000000002,0.32747124999999999,0.27473624999999996,0.93101527022332164,0.82546019107334301,0.73380477788963194,0.75,1.1124202994893466,1.1297955713505747,1.2022133022425416,,64,8,12,gpu-hybrid,96.446479415296537,0.13601105463961125,6.4095298168937997,77.160798022619815,19.163900238510287,-6.287748662727358,0.74770396640939374,-1.4210854715202004e-14,0,0
volatility_125%,volatility,125%,RC-A,M3,4096,14,382621787,0.011613499955274165,1.3038793000159785,1.3154927999712527,0.041397500000000004,0.22901500000000002,0.32747124999999999,0.27473624999999996,0.93101527022332164,0.82546019107334301,0.73380477788963194,0.75,1.1124202994893466,1.1297955713505747,1.2022133022425416,,64,8,12,gpu-hybrid,96.487323844754513,0.13600062172272129,6.3372211049408094,77.869641302652582,18.489906091786594,-6.2094446546254662,0.75680560857834878,0,0,0
volatility_125%,volatility,125%,RC-A,M3,4096,15,1336966638,0.010615200037136674,1.3762389998883009,1.3868541999254376,0.041397500000000004,0.22901500000000002,0.32747124999999999,0.27473624999999996,0.93101527022332164,0.82546019107334301,0.73380477788963194,0.75,1.1124202994893466,1.1297955713505747,1.2022133022425416,,64,8,12,gpu-hybrid,96.68992430184835,0.13301307206360222,6.3637019092783635,78.055100381044838,18.31017431932694,-6.0390523078017777,0.75545543035449114,-1.4210854715202004e-14,0,0
ki_barrier_far,continuous_KI_barrier,far,RC-A-KI-FAR,M0,4096,0,879818106,0.02950910001527518,0.1671840000199154,0.19669310003519058,0.041397500000000004,0.18321200000000001,0.26197700000000002,0.21978899999999998,0.93101527022332164,0.82546019107334301,0.73380477788963194,0.59999999999999998,1.1124202994893466,1.1297955713505747,1.2022133022425416,52,,,,gpu,100.85217870739245,0.075331475844396298,6.1277469595605707,83.630363570951943,13.12041938955452,-2.026351212674566,0.945556640625,0,0,0
ki_barrier_far,continuous_KI_barrier,far,RC-A-KI-FAR,M0,4096,1,3832805836,0.028720800066366792,0.17633179994300008,0.20505260000936687,0.041397500000000004,0.18321200000000001,0.26197700000000002,0.21978899999999998,0.93101527022332164,0.82546019107334301,0.73380477788963194,0.59999999999999998,1.1124202994893466,1.1297955713505747,1.2022133022425416,52,,,,gpu,100.61370795009883,0.078814708949807036,6.182803238638134,82.932816596005921,13.771947064720754,-2.2738589492659669,0.93896484375,0,0,0
ki_barrier_far,continuous_KI_barrier,far,RC-A-KI-FAR,M0,4096,2,3960112367,0.030501100001856685,0.17997790011577308,0.21047900011762977,0.041397500000000004,0.18321200000000001,0.26197700000000002,0.21978899999999998,0.93101527022332164,0.82546019107334301,0.73380477788963194,0.59999999999999998,1.1124202994893466,1.1297955713505747,1.2022133022425416,52,,,,gpu,101.20935116646677,0.070402271048125312,6.1890223762285377,83.363925103621966,13.390017048243998,-1.7336133616277378,0.952392578125,0,0,0
ki_barrier_far,continuous_KI_barrier,far,RC-A-KI-FAR,M0,4096,3,3116870756,0.028837999911047518,0.14071710000280291,0.16955509991385043,0.041397500000000004,0.18321200000000001,0.26197700000000002,0.21978899999999998,0.93101527022332164,0.82546019107334301,0.73380477788963194,0.59999999999999998,1.1124202994893466,1.1297955713505747,1.2022133022425416,52,,,,gpu,101.13534210766373,0.071470869701414697,6.1976184964535559,83.532599590421,13.210285275784344,-1.8051612549951754,0.95263671875,0,0,0
ki_barrier_far,continuous_KI_barrier,far,RC-A-KI-FAR,M0,4096,4,1596548862,0.026548000052571297,0.13430229993537068,0.16085029998794198,0.041397500000000004,0.18321200000000001,0.26197700000000002,0.21978899999999998,0.93101527022332164,0.82546019107334301,0.73380477788963194,0.59999999999999998,1.1124202994893466,1.1297955713505747,1.2022133022425416,52,,,,gpu,100.92925374611252,0.074531320566101761,6.2696979441340632,82.613557408679924,14.064011194967687,-2.018012801669157,0.945556640625,0,0,0
ki_barrier_far,continuous_KI_barrier,far,RC-A-KI-FAR,M0,4096,5,1937445143,0.029405200039036572,0.16829649999272078,0.19770170003175735,0.041397500000000004,0.18321200000000001,0.26197700000000002,0.21978899999999998,0.93101527022332164,0.82546019107334301,0.73380477788963194,0.59999999999999998,1.1124202994893466,1.1297955713505747,1.2022133022425416,52,,,,gpu,100.45074535277435,0.081090846391945248,6.1537327359714054,82.728863144549337,13.974145308737862,-2.4059958364842453,0.9375,0,0,0
ki_barrier_far,continuous_KI_barrier,far,RC-A-KI-FAR,M0,4096,6,1949967849,0.028620800003409386,0.16373739996924996,0.19235819997265935,0.041397500000000004,0.18321200000000001,0.26197700000000002,0.21978899999999998,0.93101527022332164,0.82546019107334301,0.73380477788963194,0.59999999999999998,1.1124202994893466,1.1297955713505747,1.2022133022425416,52,,,,gpu,100.73747231589894,0.077300457023432773,6.3266391238713462,81.748171010904755,14.895270642593573,-2.2326084614707318,0.940673828125,0,0,0
ki_barrier_far,continuous_KI_barrier,far,RC-A-KI-FAR,M0,4096,7,3094936390,0.028012600028887391,0.16359949996694922,0.19161209999583662,0.041397500000000004,0.18321200000000001,0.26197700000000002,0.21978899999999998,0.93101527022332164,0.82546019107334301,0.73380477788963194,0.59999999999999998,1.1124202994893466,1.1297955713505747,1.2022133022425416,52,,,,gpu,100.88024998902736,0.075078955026202501,6.2009174109242613,83.097823742052384,13.637148235376017,-2.055639399325301,0.943115234375,0,0,0
ki_barrier_far,continuous_KI_barrier,far,RC-A-KI-FAR,M0,4096,8,2420408098,0.028300400008447468,0.16741369990631938,0.19571409991476685,0.041397500000000004,0.18321200000000001,0.26197700000000002,0.21978899999999998,0.93101527022332164,0.82546019107334301,0.73380477788963194,0.59999999999999998,1.1124202994893466,1.1297955713505747,1.2022133022425416,52,,,,gpu,100.60070227695039,0.079049108544150301,6.2196336928190519,82.418595503611016,14.266209438984795,-2.3037363584644579,0.935546875,-1.4210854715202004e-14,0,0
ki_barrier_far,continuous_KI_barrier,far,RC-A-KI-FAR,M0,4096,9,3100915939,0.028279099962674081,0.16542859992478043,0.19370769988745451,0.041397500000000004,0.18321200000000001,0.26197700000000002,0.21978899999999998,0.93101527022332164,0.82546019107334301,0.73380477788963194,0.59999999999999998,1.1124202994893466,1.1297955713505747,1.2022133022425416,52,,,,gpu,100.71995048293378,0.077437158870031872,6.2602267533667169,82.344095037555917,14.333608853657164,-2.2179801616460262,0.939697265625,0,0,0
ki_barrier_far,continuous_KI_barrier,far,RC-A-KI-FAR,M0,4096,10,3603260139,0.027742300066165626,0.16574109997600317,0.1934834000421688,0.041397500000000004,0.18321200000000001,0.26197700000000002,0.21978899999999998,0.93101527022332164,0.82546019107334301,0.73380477788963194,0.59999999999999998,1.1124202994893466,1.1297955713505747,1.2022133022425416,52,,,,gpu,100.54881321135335,0.079675174709251242,6.137025966597986,82.726628915747852,13.996611780295318,-2.3114534512878171,0.93994140625,1.4210854715202004e-14,0,0
ki_barrier_far,continuous_KI_barrier,far,RC-A-KI-FAR,M0,4096,11,2801148907,0.028072600020095706,0.17312459996901453,0.20119719998911023,0.041397500000000004,0.18321200000000001,0.26197700000000002,0.21978899999999998,0.93101527022332164,0.82546019107334301,0.73380477788963194,0.59999999999999998,1.1124202994893466,1.1297955713505747,1.2022133022425416,52,,,,gpu,100.85841512179275,0.075462565835777901,6.239811751586819,82.47641886738208,14.221276495869882,-2.0790919930460392,0.943359375,0,0,0
ki_barrier_far,continuous_KI_barrier,far,RC-A-KI-FAR,M0,4096,12,1936429564,0.028998000081628561,0.17955290002282709,0.20855090010445565,0.041397500000000004,0.18321200000000001,0.26197700000000002,0.21978899999999998,0.93101527022332164,0.82546019107334301,0.73380477788963194,0.59999999999999998,1.1124202994893466,1.1297955713505747,1.2022133022425416,52,,,,gpu,100.97149688874677,0.073702570234808751,6.1610009408998607,83.289196672728508,13.457416462916365,-1.9361171877979602,0.94970703125,-1.4210854715202004e-14,0,0
ki_barrier_far,continuous_KI_barrier,far,RC-A-KI-FAR,M0,4096,13,1344116168,0.030017599929124117,0.1628599000396207,0.19287749996874481,0.041397500000000004,0.18321200000000001,0.26197700000000002,0.21978899999999998,0.93101527022332164,0.82546019107334301,0.73380477788963194,0.59999999999999998,1.1124202994893466,1.1297955713505747,1.2022133022425416,52,,,,gpu,100.93474186449389,0.074316004814350106,6.2037274734626546,82.813535648680627,13.906745894065491,-1.9892671517148877,0.946533203125,0,0,0
ki_barrier_far,continuous_KI_barrier,far,RC-A-KI-FAR,M0,4096,14,3606937421,0.027441999991424382,0.17545779992360622,0.2028997999150306,0.041397500000000004,0.18321200000000001,0.26197700000000002,0.21978899999999998,0.93101527022332164,0.82546019107334301,0.73380477788963194,0.59999999999999998,1.1124202994893466,1.1297955713505747,1.2022133022425416,52,,,,gpu,100.92528243141646,0.074636218012535741,6.2938110135757741,82.645677107962513,14.041544723410231,-2.0557504135320537,0.94384765625,0,0,0
ki_barrier_far,continuous_KI_barrier,far,RC-A-KI-FAR,M0,4096,15,307966512,0.028123000054620206,0.16016690002288669,0.1882899000775069,0.041397500000000004,0.18321200000000001,0.26197700000000002,0.21978899999999998,0.93101527022332164,0.82546019107334301,0.73380477788963194,0.59999999999999998,1.1124202994893466,1.1297955713505747,1.2022133022425416,52,,,,gpu,100.63014735228933,0.078607158456072704,6.200255908413089,82.608812949383463,14.086477666525145,-2.2653991720323639,0.939208984375,0,0,0
ki_barrier_far,continuous_KI_barrier,far,RC-A-KI-FAR,M3,4096,0,1016841519,0.010994600015692413,1.1712822000263259,1.1822768000420183,0.041397500000000004,0.18321200000000001,0.26197700000000002,0.21978899999999998,0.93101527022332164,0.82546019107334301,0.73380477788963194,0.59999999999999998,1.1124202994893466,1.1297955713505747,1.2022133022425416,,64,8,12,gpu-hybrid,100.73256210432402,0.077202208664987726,6.2245565134356786,82.730052477848403,13.974145308737864,-2.1961921956979173,0.93826436245311395,0,0,0
ki_barrier_far,continuous_KI_barrier,far,RC-A-KI-FAR,M3,4096,1,724716953,0.01018889993429184,1.1366209000116214,1.1468097999459133,0.041397500000000004,0.18321200000000001,0.26197700000000002,0.21978899999999998,0.93101527022332164,0.82546019107334301,0.73380477788963194,0.59999999999999998,1.1124202994893466,1.1297955713505747,1.2022133022425416,,64,8,12,gpu-hybrid,100.70610285595679,0.077484704590164169,6.1689643058897268,83.128474712438276,13.592215292261104,-2.1835514546323194,0.93986326028785117,0,0,0
ki_barrier_far,continuous_KI_barrier,far,RC-A-KI-FAR,M3,4096,2,1477004057,0.011265699984505773,1.149024699931033,1.1602903999155387,0.041397500000000004,0.18321200000000001,0.26197700000000002,0.21978899999999998,0.93101527022332164,0.82546019107334301,0.73380477788963194,0.59999999999999998,1.1124202994893466,1.1297955713505747,1.2022133022425416,,64,8,12,gpu-hybrid,100.40188591179624,0.081815296616132946,6.1859018681550797,82.503602163350848,14.198810024312426,-2.4864281440221117,0.9302504538151386,0,0,0
ki_barrier_far,continuous_KI_barrier,far,RC-A-KI-FAR,M3,4096,3,1961971160,0.011248799972236156,1.1701813000254333,1.1814300999976695,0.041397500000000004,0.18321200000000001,0.26197700000000002,0.21978899999999998,0.93101527022332164,0.82546019107334301,0.73380477788963194,0.59999999999999998,1.1124202994893466,1.1297955713505747,1.2022133022425416,,64,8,12,gpu-hybrid,100.77736113416785,0.076700444138471213,6.2983237562566128,82.377607021678401,14.311142382099709,-2.2097120258668701,0.93948513282959267,0,0,0
ki_barrier_far,continuous_KI_barrier,far,RC-A-KI-FAR,M3,4096,4,3142821511,0.01070920005440712,1.1604544000001624,1.1711636000545695,0.041397500000000004,0.18321200000000001,0.26197700000000002,0.21978899999999998,0.93101527022332164,0.82546019107334301,0.73380477788963194,0.59999999999999998,1.1124202994893466,1.1297955713505747,1.2022133022425416,,64,8,12,gpu-hybrid,100.66514726530936,0.078155012111205027,6.2279787204811345,82.756175174214277,13.951678837180406,-2.270685466566464,0.93662269625265693,0,0,0
ki_barrier_far,continuous_KI_barrier,far,RC-A-KI-FAR,M3,4096,5,1240416711,0.010129999951459467,1.1646191000472754,1.1747490999987349,0.041397500000000004,0.18321200000000001,0.26197700000000002,0.21978899999999998,0.93101527022332164,0.82546019107334301,0.73380477788963194,0.59999999999999998,1.1124202994893466,1.1297955713505747,1.2022133022425416,,64,8,12,gpu-hybrid,100.69935293703591,0.077701595642528209,6.2452395061629744,82.730007556886676,13.974145308737862,-2.2500394347516028,0.93734163592343922,0,0,0
ki_barrier_far,continuous_KI_barrier,far,RC-A-KI-FAR,M3,4096,6,227549659,0.010623899986967444,1.1656259000301361,1.1762498000171036,0.041397500000000004,0.18321200000000001,0.26197700000000002,0.21978899999999998,0.93101527022332164,0.82546019107334301,0.73380477788963194,0.59999999999999998,1.1124202994893466,1.1297955713505747,1.2022133022425416,,64,8,12,gpu-hybrid,100.66854745774161,0.078069805380057172,6.2032550663037842,83.334314241036111,13.390017048243998,-2.259038897842288,0.93829749447802357,1.4210854715202004e-14,0,0
ki_barrier_far,continuous_KI_barrier,far,RC-A-KI-FAR,M3,4096,7,238756844,0.011875299969688058,1.1844623999204487,1.1963376998901367,0.041397500000000004,0.18321200000000001,0.26197700000000002,0.21978899999999998,0.93101527022332164,0.82546019107334301,0.73380477788963194,0.59999999999999998,1.1124202994893466,1.1297955713505747,1.2022133022425416,,64,8,12,gpu-hybrid,100.60328995719956,0.079050470064780332,6.2474328938619319,82.406009362354041,14.288675910542253,-2.3388282095586499,0.93533390462405674,0,0,0
ki_barrier_far,continuous_KI_barrier,far,RC-A-KI-FAR,M3,4096,8,3681557974,0.01155039994046092,1.1499111000448465,1.1614614999853075,0.041397500000000004,0.18321200000000001,0.26197700000000002,0.21978899999999998,0.93101527022332164,0.82546019107334301,0.73380477788963194,0.59999999999999998,1.1124202994893466,1.1297955713505747,1.2022133022425416,,64,8,12,gpu-hybrid,100.64463669133055,0.078399787661854695,6.1982850944024408,82.736987185520292,13.974145308737862,-2.264780897330037,0.93667073321585681,0,0,0
ki_barrier_far,continuous_KI_barrier,far,RC-A-KI-FAR,M3,4096,9,3176007648,0.011601400095969439,1.2193836000515148,1.2309850001474842,0.041397500000000004,0.18321200000000001,0.26197700000000002,0.21978899999999998,0.93101527022332164,0.82546019107334301,0.73380477788963194,0.59999999999999998,1.1124202994893466,1.1297955713505747,1.2022133022425416,,64,8,12,gpu-hybrid,100.46921540052017,0.080885599833932412,6.2071157648032838,82.382105588919416,14.311142382099709,-2.4311483353022263,0.93181445898870308,-1.4210854715202004e-14,0,0
ki_barrier_far,continuous_KI_barrier,far,RC-A-KI-FAR,M3,4096,10,4117326349,0.011388799990527332,1.1543260000180453,1.1657148000085726,0.041397500000000004,0.18321200000000001,0.26197700000000002,0.21978899999999998,0.93101527022332164,0.82546019107334301,0.73380477788963194,0.59999999999999998,1.1124202994893466,1.1297955713505747,1.2022133022425416,,64,8,12,gpu-hybrid,100.74222094058223,0.077010187080588141,6.1911811773842329,82.738992931588697,13.974145308737864,-2.1620984771285636,0.93949748457870697,0,0,0
ki_barrier_far,continuous_KI_barrier,far,RC-A-KI-FAR,M3,4096,11,2733913133,0.011610800051130354,1.1694987999508157,1.1811096000019461,0.041397500000000004,0.18321200000000001,0.26197700000000002,0.21978899999999998,0.93101527022332164,0.82546019107334301,0.73380477788963194,0.59999999999999998,1.1124202994893466,1.1297955713505747,1.2022133022425416,,64,8,12,gpu-hybrid,100.52894652950857,0.080011336678413522,6.1803848490007516,82.878781729142077,13.839346479393123,-2.3695665280273825,0.93327654644111613,0,0,0
ki_barrier_far,continuous_KI_barrier,far,RC-A-KI-FAR,M3,4096,12,2977007171,0.011169899953529239,1.1782581000588834,1.1894280000124127,0.041397500000000004,0.18321200000000001,0.26197700000000002,0.21978899999999998,0.93101527022332164,0.82546019107334301,0.73380477788963194,0.59999999999999998,1.1124202994893466,1.1297955713505747,1.2022133022425416,,64,8,12,gpu-hybrid,100.76960274684846,0.076654413240281646,6.2089992769546694,83.091242647928397,13.637148235376017,-2.1677874134106214,0.93876767261179661,0,0,0
ki_barrier_far,continuous_KI_barrier,far,RC-A-KI-FAR,M3,4096,13,3691859205,0.010791299981065094,1.1636419999413192,1.1744332999223843,0.041397500000000004,0.18321200000000001,0.26197700000000002,0.21978899999999998,0.93101527022332164,0.82546019107334301,0.73380477788963194,0.59999999999999998,1.1124202994893466,1.1297955713505747,1.2022133022425416,,64,8,12,gpu-hybrid,100.69700648134793,0.077671928888422712,6.2054971342342444,83.056250805703627,13.659614706933475,-2.2243561655234205,0.93819350053122874,-1.4210854715202004e-14,0,0
ki_barrier_far,continuous_KI_barrier,far,RC-A-KI-FAR,M3,4096,14,4236056931,0.010955300065688789,1.1816156000131741,1.1925709000788629,0.041397500000000004,0.18321200000000001,0.26197700000000002,0.21978899999999998,0.93101527022332164,0.82546019107334301,0.73380477788963194,0.59999999999999998,1.1124202994893466,1.1297955713505747,1.2022133022425416,,64,8,12,gpu-hybrid,100.63828901427935,0.078575940741068162,6.2583951012589596,82.237076381102739,14.445941211444445,-2.3031236795267929,0.93595269907950418,0,0,0
ki_barrier_far,continuous_KI_barrier,far,RC-A-KI-FAR,M3,4096,15,3449171007,0.011664000106975436,1.1831884999992326,1.194852500106208,0.041397500000000004,0.18321200000000001,0.26197700000000002,0.21978899999999998,0.93101527022332164,0.82546019107334301,0.73380477788963194,0.59999999999999998,1.1124202994893466,1.1297955713505747,1.2022133022425416,,64,8,12,gpu-hybrid,100.73727880560847,0.077074690999666823,6.1880079994443822,83.008832019455241,13.704547650048386,-2.164108863339532,0.9402486003112247,0,0,0
ki_barrier_medium,continuous_KI_barrier,medium,RC-A-KI-MEDIUM,M0,4096,0,551979183,0.029564700089395046,0.15747239999473095,0.187037100084126,0.041397500000000004,0.18321200000000001,0.26197700000000002,0.21978899999999998,0.93101527022332164,0.82546019107334301,0.73380477788963194,0.75,1.1124202994893466,1.1297955713505747,1.2022133022425416,52,,,,gpu,99.046201155699293,0.10114162103654491,6.1178505584296872,82.823371893070856,13.906745894065493,-3.8017671898667524,0.852783203125,0,0,0
ki_barrier_medium,continuous_KI_barrier,medium,RC-A-KI-MEDIUM,M0,4096,1,1496313781,0.029476800002157688,0.16065400000661612,0.1901308000087738,0.041397500000000004,0.18321200000000001,0.26197700000000002,0.21978899999999998,0.93101527022332164,0.82546019107334301,0.73380477788963194,0.75,1.1124202994893466,1.1297955713505747,1.2022133022425416,52,,,,gpu,99.414657005380377,0.09575227857918589,6.206469102776019,83.170173177543077,13.54728234914619,-3.5092676240849121,0.85693359375,1.4210854715202004e-14,0,0
ki_barrier_medium,continuous_KI_barrier,medium,RC-A-KI-MEDIUM,M0,4096,2,1907596482,0.029613599996082485,0.15749839995987713,0.18711199995595962,0.041397500000000004,0.18321200000000001,0.26197700000000002,0.21978899999999998,0.93101527022332164,0.82546019107334301,0.73380477788963194,0.75,1.1124202994893466,1.1297955713505747,1.2022133022425416,52,,,,gpu,99.507588211388253,0.094392024365060931,6.2515785234237562,82.719409394624194,13.996611780295318,-3.4600114869550311,0.8525390625,1.4210854715202004e-14,0,0
ki_barrier_medium,continuous_KI_barrier,medium,RC-A-KI-MEDIUM,M0,4096,3,2840745133,0.02939370006788522,0.15397839993238449,0.18337210000026971,0.041397500000000004,0.18321200000000001,0.26197700000000002,0.21978899999999998,0.93101527022332164,0.82546019107334301,0.73380477788963194,0.75,1.1124202994893466,1.1297955713505747,1.2022133022425416,52,,,,gpu,99.095766042632818,0.10007667292569251,6.2910494482206127,81.519329813043754,15.119935358168137,-3.834548576799695,0.84814453125,0,0,0
ki_barrier_medium,continuous_KI_barrier,medium,RC-A-KI-MEDIUM,M0,4096,4,1108986824,0.029221699922345579,0.15782500000204891,0.18704669992439449,0.041397500000000004,0.18321200000000001,0.26197700000000002,0.21978899999999998,0.93101527022332164,0.82546019107334301,0.73380477788963194,0.75,1.1124202994893466,1.1297955713505747,1.2022133022425416,52,,,,gpu,99.72251217227587,0.091441707872422881,6.159813388437799,83.826728277190739,12.94068761709487,-3.2047171104475263,0.861083984375,0,0,0
ki_barrier_medium,continuous_KI_barrier,medium,RC-A-KI-MEDIUM,M0,4096,5,2128798652,0.028487500036135316,0.15872750000562519,0.1872150000417605,0.041397500000000004,0.18321200000000001,0.26197700000000002,0.21978899999999998,0.93101527022332164,0.82546019107334301,0.73380477788963194,0.75,1.1124202994893466,1.1297955713505747,1.2022133022425416,52,,,,gpu,99.410134636385365,0.095848802223121796,6.1821106713175418,83.202952630497435,13.524815877588733,-3.4997445430183585,0.853271484375,0,0,0
ki_barrier_medium,continuous_KI_barrier,medium,RC-A-KI-MEDIUM,M0,4096,6,3277039906,0.029246399994008243,0.17980490007903427,0.20905130007304251,0.041397500000000004,0.18321200000000001,0.26197700000000002,0.21978899999999998,0.93101527022332164,0.82546019107334301,0.73380477788963194,0.75,1.1124202994893466,1.1297955713505747,1.2022133022425416,52,,,,gpu,99.208094324404371,0.098529835440368876,6.2822103728774907,82.080484745222677,14.580740040789182,-3.7353408344849659,0.8447265625,0,0,0
ki_barrier_medium,continuous_KI_barrier,medium,RC-A-KI-MEDIUM,M0,4096,7,2416983541,0.030321199912577868,0.17988760001026094,0.21020879992283881,0.041397500000000004,0.18321200000000001,0.26197700000000002,0.21978899999999998,0.93101527022332164,0.82546019107334301,0.73380477788963194,0.75,1.1124202994893466,1.1297955713505747,1.2022133022425416,52,,,,gpu,99.552447669248622,0.093845066863823864,6.1718544155963579,83.532728674693814,13.210285275784344,-3.362420696825895,0.857666015625,0,0,0
ki_barrier_medium,continuous_KI_barrier,medium,RC-A-KI-MEDIUM,M0,4096,8,4069254211,0.029303399962373078,0.19567679997999221,0.22498019994236529,0.041397500000000004,0.18321200000000001,0.26197700000000002,0.21978899999999998,0.93101527022332164,0.82546019107334301,0.73380477788963194,0.75,1.1124202994893466,1.1297955713505747,1.2022133022425416,52,,,,gpu,99.221018766417416,0.098540139763279938,6.17391259530815,82.617773792070466,14.086477666525145,-3.6571452874863439,0.85400390625,0,0,0
ki_barrier_medium,continuous_KI_barrier,medium,RC-A-KI-MEDIUM,M0,4096,9,714291666,0.027155600022524595,0.16435610002372414,0.19151170004624873,0.041397500000000004,0.18321200000000001,0.26197700000000002,0.21978899999999998,0.93101527022332164,0.82546019107334301,0.73380477788963194,0.75,1.1124202994893466,1.1297955713505747,1.2022133022425416,52,,,,gpu,99.583484287134823,0.0932699286132503,6.3163909501425106,82.412057424325667,14.266209438984795,-3.41117352631814,0.853271484375,0,0,0
ki_barrier_medium,continuous_KI_barrier,medium,RC-A-KI-MEDIUM,M0,4096,10,4130577894,0.029436700046062469,0.15923310001380742,0.18866980005986989,0.041397500000000004,0.18321200000000001,0.26197700000000002,0.21978899999999998,0.93101527022332164,0.82546019107334301,0.73380477788963194,0.75,1.1124202994893466,1.1297955713505747,1.2022133022425416,52,,,,gpu,99.286033722587817,0.097628946868888872,6.1676746933532653,83.125226483688436,13.592215292261102,-3.5990827467149886,0.857177734375,0,0,0
ki_barrier_medium,continuous_KI_barrier,medium,RC-A-KI-MEDIUM,M0,4096,11,3284065696,0.028654400026425719,0.15957040002103895,0.18822480004746467,0.041397500000000004,0.18321200000000001,0.26197700000000002,0.21978899999999998,0.93101527022332164,0.82546019107334301,0.73380477788963194,0.75,1.1124202994893466,1.1297955713505747,1.2022133022425416,52,,,,gpu,99.462754957192033,0.095046102562923368,6.2295656405028339,82.597211747374018,14.108944138082601,-3.4729665687674398,0.85546875,0,0,0
ki_barrier_medium,continuous_KI_barrier,medium,RC-A-KI-MEDIUM,M0,4096,12,2646964798,0.030987500096671283,0.16527929995208979,0.19626680004876107,0.041397500000000004,0.18321200000000001,0.26197700000000002,0.21978899999999998,0.93101527022332164,0.82546019107334301,0.73380477788963194,0.75,1.1124202994893466,1.1297955713505747,1.2022133022425416,52,,,,gpu,99.338226071281355,0.096749124875170622,6.260615954956898,82.439355490572709,14.243742967427339,-3.6054883416755912,0.85009765625,0,0,0
ki_barrier_medium,continuous_KI_barrier,medium,RC-A-KI-MEDIUM,M0,4096,13,2874124711,0.027640399988740683,0.1725687999278307,0.20020919991657138,0.041397500000000004,0.18321200000000001,0.26197700000000002,0.21978899999999998,0.93101527022332164,0.82546019107334301,0.73380477788963194,0.75,1.1124202994893466,1.1297955713505747,1.2022133022425416,52,,,,gpu,99.367257459914498,0.096524433554994474,6.135008022397173,83.106724212865089,13.637148235376017,-3.5116230107237838,0.857177734375,0,0,0
ki_barrier_medium,continuous_KI_barrier,medium,RC-A-KI-MEDIUM,M0,4096,14,2069437719,0.028764099930413067,0.16194639995228499,0.19071049988269806,0.041397500000000004,0.18321200000000001,0.26197700000000002,0.21978899999999998,0.93101527022332164,0.82546019107334301,0.73380477788963194,0.75,1.1124202994893466,1.1297955713505747,1.2022133022425416,52,,,,gpu,99.475077117432377,0.094846305092890049,6.2522249816604916,82.926232928839241,13.771947064720756,-3.4753278577880975,0.853515625,-1.4210854715202004e-14,0,0
ki_barrier_medium,continuous_KI_barrier,medium,RC-A-KI-MEDIUM,M0,4096,15,1383220043,0.028317100019194186,0.16173099994193763,0.19004809996113181,0.041397500000000004,0.18321200000000001,0.26197700000000002,0.21978899999999998,0.93101527022332164,0.82546019107334301,0.73380477788963194,0.75,1.1124202994893466,1.1297955713505747,1.2022133022425416,52,,,,gpu,98.88667345087012,0.10308482423775502,6.2507007819099432,81.454800262034695,15.187334772840506,-4.0061623659150127,0.841552734375,0,0,0
ki_barrier_medium,continuous_KI_barrier,medium,RC-A-KI-MEDIUM,M3,4096,0,138788330,0.010862300056032836,1.3400138000724837,1.3508761001285166,0.041397500000000004,0.18321200000000001,0.26197700000000002,0.21978899999999998,0.93101527022332164,0.82546019107334301,0.73380477788963194,0.75,1.1124202994893466,1.1297955713505747,1.2022133022425416,,64,8,12,gpu-hybrid,99.374946418215629,0.096276037798121231,6.2319909809231211,82.861780476570814,13.839346479393125,-3.55817151867143,0.84483556242965985,0,0,0
ki_barrier_medium,continuous_KI_barrier,medium,RC-A-KI-MEDIUM,M3,4096,1,4139102400,0.011173199978657067,1.3075191000243649,1.318692300003022,0.041397500000000004,0.18321200000000001,0.26197700000000002,0.21978899999999998,0.93101527022332164,0.82546019107334301,0.73380477788963194,0.75,1.1124202994893466,1.1297955713505747,1.2022133022425416,,64,8,12,gpu-hybrid,99.252460596539748,0.098015436144377563,6.2203504357492108,82.769421185666857,13.92921236562295,-3.6665233904992691,0.84257203344639586,0,0,0
ki_barrier_medium,continuous_KI_barrier,medium,RC-A-KI-MEDIUM,M3,4096,2,3822357707,0.010759499971754849,1.2694594000931829,1.2802189000649378,0.041397500000000004,0.18321200000000001,0.26197700000000002,0.21978899999999998,0.93101527022332164,0.82546019107334301,0.73380477788963194,0.75,1.1124202994893466,1.1297955713505747,1.2022133022425416,,64,8,12,gpu-hybrid,99.318548169795378,0.097156921222357612,6.174538837994878,83.19678936446914,13.524815877588734,-3.5775959102573651,0.84585299618381726,0,0,0
ki_barrier_medium,continuous_KI_barrier,medium,RC-A-KI-MEDIUM,M3,4096,3,222341581,0.010095699923112988,1.2680992999812588,1.2781949999043718,0.041397500000000004,0.18321200000000001,0.26197700000000002,0.21978899999999998,0.93101527022332164,0.82546019107334301,0.73380477788963194,0.75,1.1124202994893466,1.1297955713505747,1.2022133022425416,,64,8,12,gpu-hybrid,99.175107332670507,0.099161207706267129,6.1895911820985647,82.507248360278908,14.198810024312426,-3.7205422340193963,0.8411722815518925,0,0,0
ki_barrier_medium,continuous_KI_barrier,medium,RC-A-KI-MEDIUM,M3,4096,4,1620940149,0.011650600004941225,1.3070696999784559,1.3187202999833971,0.041397500000000004,0.18321200000000001,0.26197700000000002,0.21978899999999998,0.93101527022332164,0.82546019107334301,0.73380477788963194,0.75,1.1124202994893466,1.1297955713505747,1.2022133022425416,,64,8,12,gpu-hybrid,99.331330734477248,0.09690725102221795,6.2195173271187709,82.641864407469271,14.064011194967689,-3.5940621950784832,0.84194922724794874,0,0,0
ki_barrier_medium,continuous_KI_barrier,medium,RC-A-KI-MEDIUM,M3,4096,5,2557968620,0.011093999957665801,1.3062326000072062,1.317326599964872,0.041397500000000004,0.18321200000000001,0.26197700000000002,0.21978899999999998,0.93101527022332164,0.82546019107334301,0.73380477788963194,0.75,1.1124202994893466,1.1297955713505747,1.2022133022425416,,64,8,12,gpu-hybrid,99.271297575910921,0.097784552775022529,6.1997311407306164,82.894442329434639,13.816880007835667,-3.6397559020900063,0.84082310635105761,0,0,0
ki_barrier_medium,continuous_KI_barrier,medium,RC-A-KI-MEDIUM,M3,4096,6,3351225763,0.011152900056913495,1.2934611999662593,1.3046141000231728,0.041397500000000004,0.18321200000000001,0.26197700000000002,0.21978899999999998,0.93101527022332164,0.82546019107334301,0.73380477788963194,0.75,1.1124202994893466,1.1297955713505747,1.2022133022425416,,64,8,12,gpu-hybrid,99.430883689355838,0.095505113447938175,6.2207334730765744,82.782079215489588,13.92921236562295,-3.5011413648332685,0.84467533425939056,0,0,0
ki_barrier_medium,continuous_KI_barrier,medium,RC-A-KI-MEDIUM,M3,4096,7,2433616196,0.012015399988740683,1.2924618000397459,1.3044772000284865,0.041397500000000004,0.18321200000000001,0.26197700000000002,0.21978899999999998,0.93101527022332164,0.82546019107334301,0.73380477788963194,0.75,1.1124202994893466,1.1297955713505747,1.2022133022425416,,64,8,12,gpu-hybrid,99.37886850670273,0.096204073450752256,6.2440885834681623,82.681396552716748,14.019078251852775,-3.5656948813349523,0.84440619173979603,0,0,0
ki_barrier_medium,continuous_KI_barrier,medium,RC-A-KI-MEDIUM,M3,4096,8,53437410,0.010424799984320998,1.27723889995832,1.287663699942641,0.041397500000000004,0.18321200000000001,0.26197700000000002,0.21978899999999998,0.93101527022332164,0.82546019107334301,0.73380477788963194,0.75,1.1124202994893466,1.1297955713505747,1.2022133022425416,,64,8,12,gpu-hybrid,99.440554293794278,0.095395352937229158,6.2000394006680164,82.946875748417881,13.771947064720756,-3.4783079200123783,0.84773277387673229,1.4210854715202004e-14,0,0
ki_barrier_medium,continuous_KI_barrier,medium,RC-A-KI-MEDIUM,M3,4096,9,1229407430,0.011351300054229796,1.268246499937959,1.2795977999921888,0.041397500000000004,0.18321200000000001,0.26197700000000002,0.21978899999999998,0.93101527022332164,0.82546019107334301,0.73380477788963194,0.75,1.1124202994893466,1.1297955713505747,1.2022133022425416,,64,8,12,gpu-hybrid,99.278411630589133,0.097680751095834295,6.2018000174157395,82.481728130717698,14.221276495869883,-3.6263930134141837,0.8431781019932153,0,0,0
ki_barrier_medium,continuous_KI_barrier,medium,RC-A-KI-MEDIUM,M3,4096,10,157320188,0.011884200037457049,1.290198800037615,1.3020830000750721,0.041397500000000004,0.18321200000000001,0.26197700000000002,0.21978899999999998,0.93101527022332164,0.82546019107334301,0.73380477788963194,0.75,1.1124202994893466,1.1297955713505747,1.2022133022425416,,64,8,12,gpu-hybrid,99.277610657468728,0.097706388504800235,6.1930885191915159,82.780165917168773,13.929212365622949,-3.6248561445145113,0.84443927725559009,0,0,0
ki_barrier_medium,continuous_KI_barrier,medium,RC-A-KI-MEDIUM,M3,4096,11,1272932760,0.010677000042051077,1.3101368000498042,1.3208138000918552,0.041397500000000004,0.18321200000000001,0.26197700000000002,0.21978899999999998,0.93101527022332164,0.82546019107334301,0.73380477788963194,0.75,1.1124202994893466,1.1297955713505747,1.2022133022425416,,64,8,12,gpu-hybrid,99.340102789329933,0.096743683503709599,6.2465364495072588,82.494510787513391,14.198810024312426,-3.599754472003144,0.84262397378245546,0,0,0
ki_barrier_medium,continuous_KI_barrier,medium,RC-A-KI-MEDIUM,M3,4096,12,399156628,0.011525599984452128,1.2968195000430569,1.308345100027509,0.041397500000000004,0.18321200000000001,0.26197700000000002,0.21978899999999998,0.93101527022332164,0.82546019107334301,0.73380477788963194,0.75,1.1124202994893466,1.1297955713505747,1.2022133022425416,,64,8,12,gpu-hybrid,99.473623553070254,0.094865821578315093,6.2529262508810746,82.76166278025616,13.951678837180406,-3.4926443152473894,0.84504443622657199,0,0,0
ki_barrier_medium,continuous_KI_barrier,medium,RC-A-KI-MEDIUM,M3,4096,13,4041981222,0.011183999944478273,1.3289246000349522,1.3401085999794304,0.041397500000000004,0.18321200000000001,0.26197700000000002,0.21978899999999998,0.93101527022332164,0.82546019107334301,0.73380477788963194,0.75,1.1124202994893466,1.1297955713505747,1.2022133022425416,,64,8,12,gpu-hybrid,99.348607382327302,0.096627437657520146,6.2445624045868495,82.383016216109226,14.311142382099707,-3.5901136204684745,0.8406456715373809,0,0,0
ki_barrier_medium,continuous_KI_barrier,medium,RC-A-KI-MEDIUM,M3,4096,14,4293878728,0.011342499987222254,1.3116786000318825,1.3230211000191048,0.041397500000000004,0.18321200000000001,0.26197700000000002,0.21978899999999998,0.93101527022332164,0.82546019107334301,0.73380477788963194,0.75,1.1124202994893466,1.1297955713505747,1.2022133022425416,,64,8,12,gpu-hybrid,99.460331046535003,0.095089924271439932,6.2215421049554367,82.907150101194929,13.794413536278212,-3.4627746958935699,0.84443685017599857,0,0,0
ki_barrier_medium,continuous_KI_barrier,medium,RC-A-KI-MEDIUM,M3,4096,15,273852581,0.010704100015573204,1.2937814999604598,1.304485599976033,0.041397500000000004,0.18321200000000001,0.26197700000000002,0.21978899999999998,0.93101527022332164,0.82546019107334301,0.73380477788963194,0.75,1.1124202994893466,1.1297955713505747,1.2022133022425416,,64,8,12,gpu-hybrid,99.336904930044327,0.09688077891036978,6.1850747337179062,83.143594225455303,13.569748820703648,-3.5615128498325408,0.84510050208882315,0,0,0
ki_barrier_near,continuous_KI_barrier,near,RC-A-KI-NEAR,M0,4096,0,336219189,0.028556699980981648,0.16316240001469851,0.19171909999568015,0.041397500000000004,0.18321200000000001,0.26197700000000002,0.21978899999999998,0.93101527022332164,0.82546019107334301,0.73380477788963194,0.90000000000000002,1.1124202994893466,1.1297955713505747,1.2022133022425416,52,,,,gpu,99.346358333383819,0.096749766220782851,6.1832531183772099,82.952873357454507,13.771947064720756,-3.5617152071686586,0.73583984375,1.4210854715202004e-14,0,0
ki_barrier_near,continuous_KI_barrier,near,RC-A-KI-NEAR,M0,4096,1,1678604870,0.029945600079372525,0.18661420000717044,0.21655980008654296,0.041397500000000004,0.18321200000000001,0.26197700000000002,0.21978899999999998,0.93101527022332164,0.82546019107334301,0.73380477788963194,0.90000000000000002,1.1124202994893466,1.1297955713505747,1.2022133022425416,52,,,,gpu,99.368200886087351,0.096413039051143637,6.2024212112324122,83.143681925322852,13.592215292261105,-3.5701175427290113,0.728759765625,0,0,0
ki_barrier_near,continuous_KI_barrier,near,RC-A-KI-NEAR,M0,4096,2,2962443585,0.028577500022947788,0.18335520010441542,0.2119327001273632,0.041397500000000004,0.18321200000000001,0.26197700000000002,0.21978899999999998,0.93101527022332164,0.82546019107334301,0.73380477788963194,0.90000000000000002,1.1124202994893466,1.1297955713505747,1.2022133022425416,52,,,,gpu,99.139409966543994,0.099584524358255738,6.2312446642516761,82.618752810015451,14.064011194967687,-3.7745987026908248,0.720458984375,0,0,0
ki_barrier_near,continuous_KI_barrier,near,RC-A-KI-NEAR,M0,4096,3,1790114834,0.03129010007251054,0.17622270004358143,0.20751280011609197,0.041397500000000004,0.18321200000000001,0.26197700000000002,0.21978899999999998,0.93101527022332164,0.82546019107334301,0.73380477788963194,0.90000000000000002,1.1124202994893466,1.1297955713505747,1.2022133022425416,52,,,,gpu,99.109154500513938,0.10011357589191414,6.1797686772550913,82.830592215395995,13.884279422508037,-3.7854858146451811,0.734130859375,-1.4210854715202004e-14,0,0
ki_barrier_near,continuous_KI_barrier,near,RC-A-KI-NEAR,M0,4096,4,3204556595,0.028871200047433376,0.17423190001863986,0.20310310006607324,0.041397500000000004,0.18321200000000001,0.26197700000000002,0.21978899999999998,0.93101527022332164,0.82546019107334301,0.73380477788963194,0.90000000000000002,1.1124202994893466,1.1297955713505747,1.2022133022425416,52,,,,gpu,98.883875815416317,0.1032067266930709,6.2177733183678212,82.155350127102793,14.513340626116817,-4.0025882561711148,0.722900390625,0,0,0
ki_barrier_near,continuous_KI_barrier,near,RC-A-KI-NEAR,M0,4096,5,1261233363,0.029691700008697808,0.16210600000340492,0.19179770001210272,0.041397500000000004,0.18321200000000001,0.26197700000000002,0.21978899999999998,0.93101527022332164,0.82546019107334301,0.73380477788963194,0.90000000000000002,1.1124202994893466,1.1297955713505747,1.2022133022425416,52,,,,gpu,99.640532373245776,0.092600901506334168,6.1662467510765433,83.91229372782351,12.873288202422501,-3.3112963080767743,0.7373046875,0,0,0
ki_barrier_near,continuous_KI_barrier,near,RC-A-KI-NEAR,M0,4096,6,3467431904,0.027938899933360517,0.18460369994863868,0.21254259988199919,0.041397500000000004,0.18321200000000001,0.26197700000000002,0.21978899999999998,0.93101527022332164,0.82546019107334301,0.73380477788963194,0.90000000000000002,1.1124202994893466,1.1297955713505747,1.2022133022425416,52,,,,gpu,99.383715193811454,0.096372736318469307,6.0775975534457105,83.972475674300313,12.805888787750131,-3.4722468216847053,0.735595703125,0,0,0
ki_barrier_near,continuous_KI_barrier,near,RC-A-KI-NEAR,M0,4096,7,2467068698,0.030444199917837977,0.20160469994880259,0.23204889986664057,0.041397500000000004,0.18321200000000001,0.26197700000000002,0.21978899999999998,0.93101527022332164,0.82546019107334301,0.73380477788963194,0.90000000000000002,1.1124202994893466,1.1297955713505747,1.2022133022425416,52,,,,gpu,99.431426044158883,0.095537215828495253,6.1899819785494641,83.184546263665453,13.547282349146194,-3.4903845472022468,0.73095703125,0,0,0
ki_barrier_near,continuous_KI_barrier,near,RC-A-KI-NEAR,M0,4096,8,2830452993,0.029334299964830279,0.15923540003132075,0.18856969999615103,0.041397500000000004,0.18321200000000001,0.26197700000000002,0.21978899999999998,0.93101527022332164,0.82546019107334301,0.73380477788963194,0.90000000000000002,1.1124202994893466,1.1297955713505747,1.2022133022425416,52,,,,gpu,99.205968021213849,0.098819107832353897,6.1380984413981219,83.172696810047739,13.569748820703648,-3.6745760509356726,0.7333984375,0,0,0
ki_barrier_near,continuous_KI_barrier,near,RC-A-KI-NEAR,M0,4096,9,3031852084,0.029147500055842102,0.16492889996152371,0.19407640001736581,0.041397500000000004,0.18321200000000001,0.26197700000000002,0.21978899999999998,0.93101527022332164,0.82546019107334301,0.73380477788963194,0.90000000000000002,1.1124202994893466,1.1297955713505747,1.2022133022425416,52,,,,gpu,98.941737716048451,0.10245737501894228,6.1907888067586958,82.493620266505829,14.198810024312426,-3.9414813815284893,0.726318359375,0,0,0
ki_barrier_near,continuous_KI_barrier,near,RC-A-KI-NEAR,M0,4096,10,2781636578,0.029635800048708916,0.15849139995407313,0.18812720000278205,0.041397500000000004,0.18321200000000001,0.26197700000000002,0.21978899999999998,0.93101527022332164,0.82546019107334301,0.73380477788963194,0.90000000000000002,1.1124202994893466,1.1297955713505747,1.2022133022425416,52,,,,gpu,99.03051075306081,0.1013243241768903,6.1363078600969008,82.724321834509198,13.996611780295318,-3.8267307218406135,0.72802734375,0,0,0
ki_barrier_near,continuous_KI_barrier,near,RC-A-KI-NEAR,M0,4096,11,1874607827,0.02611330000218004,0.10744709998834878,0.13356039999052882,0.041397500000000004,0.18321200000000001,0.26197700000000002,0.21978899999999998,0.93101527022332164,0.82546019107334301,0.73380477788963194,0.90000000000000002,1.1124202994893466,1.1297955713505747,1.2022133022425416,52,,,,gpu,99.341372773802036,0.096840219734754346,6.1700777849888064,83.144182181361032,13.592215292261104,-3.5651024848089028,0.732177734375,0,0,0
ki_barrier_near,continuous_KI_barrier,near,RC-A-KI-NEAR,M0,4096,12,1137274105,0.03093719994649291,0.1491300999186933,0.18006729986518621,0.041397500000000004,0.18321200000000001,0.26197700000000002,0.21978899999999998,0.93101527022332164,0.82546019107334301,0.73380477788963194,0.90000000000000002,1.1124202994893466,1.1297955713505747,1.2022133022425416,52,,,,gpu,99.223295947464422,0.098322199504892682,6.2798329088405094,82.323595045420319,14.356075325214618,-3.7362073320110176,0.72412109375,0,0,0
ki_barrier_near,continuous_KI_barrier,near,RC-A-KI-NEAR,M0,4096,13,65080887,0.029265900026075542,0.16716670000459999,0.19643260003067553,0.041397500000000004,0.18321200000000001,0.26197700000000002,0.21978899999999998,0.93101527022332164,0.82546019107334301,0.73380477788963194,0.90000000000000002,1.1124202994893466,1.1297955713505747,1.2022133022425416,52,,,,gpu,98.870496694794909,0.10353741002002609,6.1625623515289192,82.461265399829458,14.243742967427341,-3.9970740239908045,0.729248046875,0,0,0
ki_barrier_near,continuous_KI_barrier,near,RC-A-KI-NEAR,M0,4096,14,1256522032,0.030298800091259181,0.16964029998052865,0.19993910007178783,0.041397500000000004,0.18321200000000001,0.26197700000000002,0.21978899999999998,0.93101527022332164,0.82546019107334301,0.73380477788963194,0.90000000000000002,1.1124202994893466,1.1297955713505747,1.2022133022425416,52,,,,gpu,99.29832930403937,0.097373667854181237,6.2181741175904683,83.222404778295029,13.479882934473821,-3.6221325263199411,0.7158203125,0,0,0
ki_barrier_near,continuous_KI_barrier,near,RC-A-KI-NEAR,M0,4096,15,2710807489,0.02926770003978163,0.1660474999807775,0.19531520002055913,0.041397500000000004,0.18321200000000001,0.26197700000000002,0.21978899999999998,0.93101527022332164,0.82546019107334301,0.73380477788963194,0.90000000000000002,1.1124202994893466,1.1297955713505747,1.2022133022425416,52,,,,gpu,99.109430293720834,0.10004112144835536,6.2135471393306467,82.680343122275445,14.019078251852775,-3.8035382197380261,0.73193359375,0,0,0
ki_barrier_near,continuous_KI_barrier,near,RC-A-KI-NEAR,M3,4096,0,2750664110,0.013451900100335479,1.049123500008136,1.0625754001084715,0.041397500000000004,0.18321200000000001,0.26197700000000002,0.21978899999999998,0.93101527022332164,0.82546019107334301,0.73380477788963194,0.90000000000000002,1.1124202994893466,1.1297955713505747,1.2022133022425416,,64,8,12,gpu-hybrid,99.137118726775867,0.099714136514204868,6.1815349222029061,82.864733094634644,13.839346479393125,-3.7484957694548031,0.69897931401127966,0,0,0
ki_barrier_near,continuous_KI_barrier,near,RC-A-KI-NEAR,M3,4096,1,1646207458,0.0097463000565767288,1.0243310000514612,1.0340773001080379,0.041397500000000004,0.18321200000000001,0.26197700000000002,0.21978899999999998,0.93101527022332164,0.82546019107334301,0.73380477788963194,0.90000000000000002,1.1124202994893466,1.1297955713505747,1.2022133022425416,,64,8,12,gpu-hybrid,99.15547692034086,0.099352224737507516,6.234759389629585,82.613018383739671,14.086477666525145,-3.7787785195535477,0.69870621698083113,1.4210854715202004e-14,0,0
ki_barrier_near,continuous_KI_barrier,near,RC-A-KI-NEAR,M3,4096,2,1710692095,0.0087960000382736325,1.0077132000587881,1.0165092000970617,0.041397500000000004,0.18321200000000001,0.26197700000000002,0.21978899999999998,0.93101527022332164,0.82546019107334301,0.73380477788963194,0.90000000000000002,1.1124202994893466,1.1297955713505747,1.2022133022425416,,64,8,12,gpu-hybrid,99.15529663257702,0.099397669131603264,6.2122709777819125,82.804855837294966,13.906745894065494,-3.7685760765653478,0.70018636429508352,0,0,0
ki_barrier_near,continuous_KI_barrier,near,RC-A-KI-NEAR,M3,4096,3,729611010,0.010130299953743815,1.0061245000688359,1.0162548000225797,0.041397500000000004,0.18321200000000001,0.26197700000000002,0.21978899999999998,0.93101527022332164,0.82546019107334301,0.73380477788963194,0.90000000000000002,1.1124202994893466,1.1297955713505747,1.2022133022425416,,64,8,12,gpu-hybrid,99.363654310958708,0.096464859733763814,6.2109446711595115,83.003192496262812,13.704547650048386,-3.5550305065119954,0.69815556557277225,0,0,0
ki_barrier_near,continuous_KI_barrier,near,RC-A-KI-NEAR,M3,4096,4,2543653308,0.010239199968054891,0.99495359999127686,1.0051927999593318,0.041397500000000004,0.18321200000000001,0.26197700000000002,0.21978899999999998,0.93101527022332164,0.82546019107334301,0.73380477788963194,0.90000000000000002,1.1124202994893466,1.1297955713505747,1.2022133022425416,,64,8,12,gpu-hybrid,99.162652596557777,0.099226186170944114,6.248229111588099,82.441724543815297,14.243742967427339,-3.7710440262729588,0.69828993633173575,0,0,0
ki_barrier_near,continuous_KI_barrier,near,RC-A-KI-NEAR,M3,4096,5,3837094344,0.0096479000058025122,1.0356697000097483,1.0453176000155509,0.041397500000000004,0.18321200000000001,0.26197700000000002,0.21978899999999998,0.93101527022332164,0.82546019107334301,0.73380477788963194,0.90000000000000002,1.1124202994893466,1.1297955713505747,1.2022133022425416,,64,8,12,gpu-hybrid,99.31104595026676,0.097222455319800172,6.2004377874474939,83.266453915361325,13.457416462916367,-3.6132622154584282,0.70206258834681179,0,0,0
ki_barrier_near,continuous_KI_barrier,near,RC-A-KI-NEAR,M3,4096,6,1199456651,0.011052499990910292,1.0224020999157801,1.0334545999066904,0.041397500000000004,0.18321200000000001,0.26197700000000002,0.21978899999999998,0.93101527022332164,0.82546019107334301,0.73380477788963194,0.90000000000000002,1.1124202994893466,1.1297955713505747,1.2022133022425416,,64,8,12,gpu-hybrid,99.32760229276046,0.09693864886774943,6.233392110229965,83.044103363412717,13.659614706933473,-3.6095078878156963,0.69821071808101554,0,0,0
ki_barrier_near,continuous_KI_barrier,near,RC-A-KI-NEAR,M3,4096,7,1550461754,0.01098320004530251,1.0175595000619069,1.0285427001072094,0.041397500000000004,0.18321200000000001,0.26197700000000002,0.21978899999999998,0.93101527022332164,0.82546019107334301,0.73380477788963194,0.90000000000000002,1.1124202994893466,1.1297955713505747,1.2022133022425416,,64,8,12,gpu-hybrid,99.204430939801227,0.098759768160366371,6.1823913046827386,82.986876346655421,13.727014121605844,-3.6918508331427855,0.69941977898652308,0,0,0
ki_barrier_near,continuous_KI_barrier,near,RC-A-KI-NEAR,M3,4096,8,2746987329,0.010980000020936131,0.98926259996369481,1.0002425999846309,0.041397500000000004,0.18321200000000001,0.26197700000000002,0.21978899999999998,0.93101527022332164,0.82546019107334301,0.73380477788963194,0.90000000000000002,1.1124202994893466,1.1297955713505747,1.2022133022425416,,64,8,12,gpu-hybrid,99.37066964616389,0.096335874664939911,6.2321397766265747,83.032259965361561,13.682081178490929,-3.5758112743151744,0.6996449378233307,-1.4210854715202004e-14,0,0
ki_barrier_near,continuous_KI_barrier,near,RC-A-KI-NEAR,M3,4096,9,2073260313,0.010595500003546476,1.012415700010024,1.0230112000135705,0.041397500000000004,0.18321200000000001,0.26197700000000002,0.21978899999999998,0.93101527022332164,0.82546019107334301,0.73380477788963194,0.90000000000000002,1.1124202994893466,1.1297955713505747,1.2022133022425416,,64,8,12,gpu-hybrid,99.318410258665324,0.097042315042729144,6.2499615763815184,82.818480606300227,13.884279422508037,-3.6343113465244583,0.6991593199232482,-1.4210854715202004e-14,0,0
ki_barrier_near,continuous_KI_barrier,near,RC-A-KI-NEAR,M3,4096,10,390528984,0.012123199994675815,1.0256855000043288,1.0378086999990046,0.041397500000000004,0.18321200000000001,0.26197700000000002,0.21978899999999998,0.93101527022332164,0.82546019107334301,0.73380477788963194,0.90000000000000002,1.1124202994893466,1.1297955713505747,1.2022133022425416,,64,8,12,gpu-hybrid,99.24107962575701,0.098242315012559436,6.1816780338896526,83.209225804403559,13.502349406031279,-3.6521736185674811,0.69868898510417377,0,0,0
ki_barrier_near,continuous_KI_barrier,near,RC-A-KI-NEAR,M3,4096,11,2261347622,0.011643199948593974,1.015032299910672,1.026675499859266,0.041397500000000004,0.18321200000000001,0.26197700000000002,0.21978899999999998,0.93101527022332164,0.82546019107334301,0.73380477788963194,0.90000000000000002,1.1124202994893466,1.1297955713505747,1.2022133022425416,,64,8,12,gpu-hybrid,99.266996390654157,0.097785431968578279,6.2357921391828945,82.684574103736622,14.019078251852775,-3.6724481041181321,0.70053092393969019,0,0,0
ki_barrier_near,continuous_KI_barrier,near,RC-A-KI-NEAR,M3,4096,12,270674525,0.010613900027237833,1.0155131000792608,1.0261270001064986,0.041397500000000004,0.18321200000000001,0.26197700000000002,0.21978899999999998,0.93101527022332164,0.82546019107334301,0.73380477788963194,0.90000000000000002,1.1124202994893466,1.1297955713505747,1.2022133022425416,,64,8,12,gpu-hybrid,99.168599346790558,0.099249545132518935,6.1915211470174336,82.688564515186755,14.019078251852775,-3.7305645672664194,0.70148911514451584,0,0,0
ki_barrier_near,continuous_KI_barrier,near,RC-A-KI-NEAR,M3,4096,13,914666684,0.009985600016079843,1.0058014000533149,1.0157870000693947,0.041397500000000004,0.18321200000000001,0.26197700000000002,0.21978899999999998,0.93101527022332164,0.82546019107334301,0.73380477788963194,0.90000000000000002,1.1124202994893466,1.1297955713505747,1.2022133022425416,,64,8,12,gpu-hybrid,99.325235015567984,0.097011768104761573,6.2072514266033743,83.058813924982786,13.659614706933475,-3.6004450429516481,0.70062104521885304,-1.4210854715202004e-14,0,0
ki_barrier_near,continuous_KI_barrier,near,RC-A-KI-NEAR,M3,4096,14,1033392151,0.010488400002941489,1.0025473999558017,1.0130357999587432,0.041397500000000004,0.18321200000000001,0.26197700000000002,0.21978899999999998,0.93101527022332164,0.82546019107334301,0.73380477788963194,0.90000000000000002,1.1124202994893466,1.1297955713505747,1.2022133022425416,,64,8,12,gpu-hybrid,99.208944505655325,0.098701749246236509,6.1791559723062077,83.377151245088044,13.345084105129086,-3.6924468168680065,0.70157243706790373,0,0,0
ki_barrier_near,continuous_KI_barrier,near,RC-A-KI-NEAR,M3,4096,15,3707586708,0.011533100041560829,1.0010734000243247,1.0126065000658855,0.041397500000000004,0.18321200000000001,0.26197700000000002,0.21978899999999998,0.93101527022332164,0.82546019107334301,0.73380477788963194,0.90000000000000002,1.1124202994893466,1.1297955713505747,1.2022133022425416,,64,8,12,gpu-hybrid,99.225879603562561,0.09836892813581713,6.232034460239257,82.65945321945027,14.041544723410231,-3.7071527995372033,0.70071244388420939,0,0,0
parameters_symmetric_lee,parameterisation,symmetric_lee,RC-L,M0,4096,0,131191384,0.040359300095587969,0.23019049991853535,0.27054980001412332,0.029999999999999999,0.20000000000000001,0.20000000000000001,0.20000000000000001,0.40000000000000002,0.40000000000000002,0.40000000000000002,0.45000000000000001,1,1,1,52,,,,gpu,101.47201774352813,0.046520856954172518,6.5524243129853836,78.301904264421736,18.073346193107781,-1.4556570269867737,0.970947265625,0,0,0
parameters_symmetric_lee,parameterisation,symmetric_lee,RC-L,M0,4096,1,3808259895,0.039007200044579804,0.21236479992512614,0.25137199996970594,0.029999999999999999,0.20000000000000001,0.20000000000000001,0.20000000000000001,0.40000000000000002,0.40000000000000002,0.40000000000000002,0.45000000000000001,1,1,1,52,,,,gpu,101.46877840165597,0.046563385176893561,6.558698396846915,78.369470379367272,18.00640787387405,-1.4657982484322849,0.971435546875,0,0,0
parameters_symmetric_lee,parameterisation,symmetric_lee,RC-L,M0,4096,2,2865383959,0.038695499999448657,0.22820600005798042,0.26690150005742908,0.029999999999999999,0.20000000000000001,0.20000000000000001,0.20000000000000001,0.40000000000000002,0.40000000000000002,0.40000000000000002,0.45000000000000001,1,1,1,52,,,,gpu,101.01355159156633,0.050377158036540984,6.3196606288356811,79.091876445674529,17.359337454614636,-1.7573229375585151,0.965576171875,0,0,0
parameters_symmetric_lee,parameterisation,symmetric_lee,RC-L,M0,4096,3,3664460872,0.038859200081788003,0.20632220001425594,0.24518140009604394,0.029999999999999999,0.20000000000000001,0.20000000000000001,0.20000000000000001,0.40000000000000002,0.40000000000000002,0.40000000000000002,0.45000000000000001,1,1,1,52,,,,gpu,101.19604507530133,0.04893040117261211,6.4828640709659284,78.530099468873004,17.850218462328677,-1.6671369268662874,0.96728515625,1.4210854715202004e-14,0,0
parameters_symmetric_lee,parameterisation,symmetric_lee,RC-L,M0,4096,4,22774600,0.038980200071819127,0.22613580001052469,0.26511600008234382,0.029999999999999999,0.20000000000000001,0.20000000000000001,0.20000000000000001,0.40000000000000002,0.40000000000000002,0.40000000000000002,0.45000000000000001,1,1,1,52,,,,gpu,100.97077608684242,0.050905786911932364,6.4047944166790343,77.848826501792701,18.541914427743912,-1.824759259373224,0.96337890625,0,0,0
parameters_symmetric_lee,parameterisation,symmetric_lee,RC-L,M0,4096,5,3068246979,0.040227299905382097,0.22860369994305074,0.26883099984843284,0.029999999999999999,0.20000000000000001,0.20000000000000001,0.20000000000000001,0.40000000000000002,0.40000000000000002,0.40000000000000002,0.45000000000000001,1,1,1,52,,,,gpu,101.4095427874137,0.047064649695389732,6.5380963988798566,78.095905898597593,18.274161150808983,-1.4986206608727273,0.969482421875,0,0,0
parameters_symmetric_lee,parameterisation,symmetric_lee,RC-L,M0,4096,6,3480738866,0.03957530006300658,0.2260488000465557,0.26562410010956228,0.029999999999999999,0.20000000000000001,0.20000000000000001,0.20000000000000001,0.40000000000000002,0.40000000000000002,0.40000000000000002,0.45000000000000001,1,1,1,52,,,,gpu,101.17701726834258,0.049154878566714709,6.5117791935283336,77.479321206498128,18.876606023912572,-1.6906891555964407,0.96630859375,0,0,0
parameters_symmetric_lee,parameterisation,symmetric_lee,RC-L,M0,4096,7,2730446223,0.039461200009100139,0.20879570010583848,0.24825690011493862,0.029999999999999999,0.20000000000000001,0.20000000000000001,0.20000000000000001,0.40000000000000002,0.40000000000000002,0.40000000000000002,0.45000000000000001,1,1,1,52,,,,gpu,101.08690762848153,0.049925381744068277,6.4731442971047066,77.980316843701175,18.385725016198538,-1.752278528522897,0.965087890625,0,0,0
parameters_symmetric_lee,parameterisation,symmetric_lee,RC-L,M0,4096,8,3424716702,0.038484900025650859,0.1960444999858737,0.23452940001152456,0.029999999999999999,0.20000000000000001,0.20000000000000001,0.20000000000000001,0.40000000000000002,0.40000000000000002,0.40000000000000002,0.45000000000000001,1,1,1,52,,,,gpu,101.1041780796896,0.049734236749612866,6.4535566587197337,78.219949484426223,18.162597285419427,-1.7319253488757749,0.9658203125,0,0,0
parameters_symmetric_lee,parameterisation,symmetric_lee,RC-L,M0,4096,9,1573518082,0.039502899977378547,0.23983380000572652,0.27933669998310506,0.029999999999999999,0.20000000000000001,0.20000000000000001,0.20000000000000001,0.40000000000000002,0.40000000000000002,0.40000000000000002,0.45000000000000001,1,1,1,52,,,,gpu,101.07692080605497,0.050049277715607757,6.4935234364492294,78.505953193465103,17.850218462328677,-1.7727742861880402,0.965087890625,1.4210854715202004e-14,0,0
parameters_symmetric_lee,parameterisation,symmetric_lee,RC-L,M0,4096,10,582904493,0.042263199924491346,0.22579629998654127,0.26805949991103262,0.029999999999999999,0.20000000000000001,0.20000000000000001,0.20000000000000001,0.40000000000000002,0.40000000000000002,0.40000000000000002,0.45000000000000001,1,1,1,52,,,,gpu,101.32001192245622,0.047939293011286438,6.5668385295728422,77.869534908175012,18.474976108510177,-1.5913376238018202,0.96826171875,0,0,0
parameters_symmetric_lee,parameterisation,symmetric_lee,RC-L,M0,4096,11,821031100,0.041004600003361702,0.22695389995351434,0.26795849995687604,0.029999999999999999,0.20000000000000001,0.20000000000000001,0.20000000000000001,0.40000000000000002,0.40000000000000002,0.40000000000000002,0.45000000000000001,1,1,1,52,,,,gpu,101.66771923394342,0.044765770219869327,6.5683106714796029,78.948615299144734,17.448588546926278,-1.2977952836072029,0.974365234375,0,0,0
parameters_symmetric_lee,parameterisation,symmetric_lee,RC-L,M0,4096,12,414023275,0.040229499922133982,0.23026560002472252,0.2704950999468565,0.029999999999999999,0.20000000000000001,0.20000000000000001,0.20000000000000001,0.40000000000000002,0.40000000000000002,0.40000000000000002,0.45000000000000001,1,1,1,52,,,,gpu,101.10982721580015,0.049787800665751947,6.5205966676239528,78.067209810912914,18.274161150808983,-1.7521404135456842,0.965087890625,0,0,0
parameters_symmetric_lee,parameterisation,symmetric_lee,RC-L,M0,4096,13,3033948100,0.038326899986714125,0.23389579996000975,0.27222269994672388,0.029999999999999999,0.20000000000000001,0.20000000000000001,0.20000000000000001,0.40000000000000002,0.40000000000000002,0.40000000000000002,0.45000000000000001,1,1,1,52,,,,gpu,101.17792101356589,0.048919854544064688,6.3785499111922492,78.6093041562048,17.827905689250763,-1.637838743081911,0.967529296875,-1.4210854715202004e-14,0,0
parameters_symmetric_lee,parameterisation,symmetric_lee,RC-L,M0,4096,14,462671894,0.040084600099362433,0.21133269998244941,0.25141730008181185,0.029999999999999999,0.20000000000000001,0.20000000000000001,0.20000000000000001,0.40000000000000002,0.40000000000000002,0.40000000000000002,0.45000000000000001,1,1,1,52,,,,gpu,101.42496184342831,0.046773065619812239,6.4639097880278893,78.8415157225119,17.582465185393744,-1.4629288525052229,0.97119140625,0,0,0
parameters_symmetric_lee,parameterisation,symmetric_lee,RC-L,M0,4096,15,3023610463,0.0405884999781847,0.2410818999633193,0.281670399941504,0.029999999999999999,0.20000000000000001,0.20000000000000001,0.20000000000000001,0.40000000000000002,0.40000000000000002,0.40000000000000002,0.45000000000000001,1,1,1,52,,,,gpu,101.30236845911489,0.047990896364522466,6.5069059206087871,78.729542964821206,17.649403504627479,-1.5834839309425868,0.968505859375,1.4210854715202004e-14,0,0
parameters_symmetric_lee,parameterisation,symmetric_lee,RC-L,M3,4096,0,2645015364,0.010230100015178323,1.0439098000060767,1.054139900021255,0.029999999999999999,0.20000000000000001,0.20000000000000001,0.20000000000000001,0.40000000000000002,0.40000000000000002,0.40000000000000002,0.45000000000000001,1,1,1,,64,8,12,gpu-hybrid,101.16698059060568,0.049110433913370617,6.4299013275021544,78.533886483310312,17.872531235406591,-1.6693384556133875,0.96701351046912976,1.4210854715202004e-14,0,0
parameters_symmetric_lee,parameterisation,symmetric_lee,RC-L,M3,4096,1,1959543403,0.0077610000735148787,1.04851640004199,1.0562774001155049,0.029999999999999999,0.20000000000000001,0.20000000000000001,0.20000000000000001,0.40000000000000002,0.40000000000000002,0.40000000000000002,0.45000000000000001,1,1,1,,64,8,12,gpu-hybrid,101.28825301228163,0.048063831071918264,6.4757110260938635,77.893383911607344,18.497288881588091,-1.5781308070076621,0.96799012196154877,0,0,0
parameters_symmetric_lee,parameterisation,symmetric_lee,RC-L,M3,4096,2,1060139610,0.0089178000343963504,1.0260016999673098,1.0349195000017062,0.029999999999999999,0.20000000000000001,0.20000000000000001,0.20000000000000001,0.40000000000000002,0.40000000000000002,0.40000000000000002,0.45000000000000001,1,1,1,,64,8,12,gpu-hybrid,101.00250693051801,0.050639962380097825,6.4263006489613987,78.038423888048925,18.341099470042717,-1.8033170765350439,0.9635998889649624,0,0,0
parameters_symmetric_lee,parameterisation,symmetric_lee,RC-L,M3,4096,3,836363670,0.0075565999140962958,1.0485735000111163,1.0561300999252126,0.029999999999999999,0.20000000000000001,0.20000000000000001,0.20000000000000001,0.40000000000000002,0.40000000000000002,0.40000000000000002,0.45000000000000001,1,1,1,,64,8,12,gpu-hybrid,101.15461700102368,0.049335247069169037,6.495886075442626,77.93239565657781,18.430350562354359,-1.7040152933511232,0.96578572942291196,0,0,0
parameters_symmetric_lee,parameterisation,symmetric_lee,RC-L,M3,4096,4,996186078,0.008893099962733686,1.0273937999736518,1.0362868999363855,0.029999999999999999,0.20000000000000001,0.20000000000000001,0.20000000000000001,0.40000000000000002,0.40000000000000002,0.40000000000000002,0.45000000000000001,1,1,1,,64,8,12,gpu-hybrid,101.05571404105274,0.050164996397712804,6.4405510180427159,78.263664334353109,18.117971739263609,-1.7664730506066979,0.96489542457214794,0,0,0
parameters_symmetric_lee,parameterisation,symmetric_lee,RC-L,M3,4096,5,133682367,0.0089781000278890133,1.0311824000673369,1.0401605000952259,0.029999999999999999,0.20000000000000001,0.20000000000000001,0.20000000000000001,0.40000000000000002,0.40000000000000002,0.40000000000000002,0.45000000000000001,1,1,1,,64,8,12,gpu-hybrid,100.94779080442017,0.05108786607188693,6.3809014455924471,78.506566118313089,17.894844008484498,-1.8345207679698614,0.96353639956995885,0,0,0
parameters_symmetric_lee,parameterisation,symmetric_lee,RC-L,M3,4096,6,1522908252,0.0087261999724432826,1.0616305998992175,1.0703567998716608,0.029999999999999999,0.20000000000000001,0.20000000000000001,0.20000000000000001,0.40000000000000002,0.40000000000000002,0.40000000000000002,0.45000000000000001,1,1,1,,64,8,12,gpu-hybrid,101.17723020511154,0.049112026147473183,6.487323836684264,78.161491671405955,18.207222831575251,-1.678808134553935,0.96622513311919134,0,0,0
parameters_symmetric_lee,parameterisation,symmetric_lee,RC-L,M3,4096,7,2698933358,0.0085022000130265951,1.0458633000962436,1.0543655001092702,0.029999999999999999,0.20000000000000001,0.20000000000000001,0.20000000000000001,0.40000000000000002,0.40000000000000002,0.40000000000000002,0.45000000000000001,1,1,1,,64,8,12,gpu-hybrid,101.33002735108774,0.047730210159214838,6.5039126261153575,78.219665327461101,18.16259728541943,-1.5561478879081572,0.96875742260705755,0,0,0
parameters_symmetric_lee,parameterisation,symmetric_lee,RC-L,M3,4096,8,4135584375,0.009256600053049624,1.0239319000393152,1.0331885000923648,0.029999999999999999,0.20000000000000001,0.20000000000000001,0.20000000000000001,0.40000000000000002,0.40000000000000002,0.40000000000000002,0.45000000000000001,1,1,1,,64,8,12,gpu-hybrid,101.31630837202285,0.047785600868185098,6.4660161723105167,78.57744974972799,17.82790568925077,-1.5550632392664283,0.96905186424376832,0,0,0
parameters_symmetric_lee,parameterisation,symmetric_lee,RC-L,M3,4096,9,2788048207,0.0086557000176981091,1.0395270000444725,1.0481827000621706,0.029999999999999999,0.20000000000000001,0.20000000000000001,0.20000000000000001,0.40000000000000002,0.40000000000000002,0.40000000000000002,0.45000000000000001,1,1,1,,64,8,12,gpu-hybrid,101.08523377551596,0.049892280991318178,6.442009960410374,78.311977304756766,18.073346193107788,-1.7420996827589699,0.9652690745645427,1.4210854715202004e-14,0,0
parameters_symmetric_lee,parameterisation,symmetric_lee,RC-L,M3,4096,10,1445302526,0.0092610000865533948,1.0132125999080017,1.0224735999945551,0.029999999999999999,0.20000000000000001,0.20000000000000001,0.20000000000000001,0.40000000000000002,0.40000000000000002,0.40000000000000002,0.45000000000000001,1,1,1,,64,8,12,gpu-hybrid,101.12688086666815,0.049505159015058614,6.442484654803593,78.496709975816117,17.894844008484498,-1.70715777243606,0.96607399224145152,0,0,0
parameters_symmetric_lee,parameterisation,symmetric_lee,RC-L,M3,4096,11,2473392634,0.0089045000495389104,1.0383149000117555,1.0472194000612944,0.029999999999999999,0.20000000000000001,0.20000000000000001,0.20000000000000001,0.40000000000000002,0.40000000000000002,0.40000000000000002,0.45000000000000001,1,1,1,,64,8,12,gpu-hybrid,101.05670239801185,0.050108515250692355,6.4097701697562579,78.478597970232187,17.917156781562412,-1.7488225235390111,0.96462813213469445,0,0,0
parameters_symmetric_lee,parameterisation,symmetric_lee,RC-L,M3,4096,12,2505907520,0.0082248999970033765,1.0196704999543726,1.027895399951376,0.029999999999999999,0.20000000000000001,0.20000000000000001,0.20000000000000001,0.40000000000000002,0.40000000000000002,0.40000000000000002,0.45000000000000001,1,1,1,,64,8,12,gpu-hybrid,101.20641563171823,0.048751147698829884,6.4348731732893629,78.773095941820799,17.627090731549572,-1.6286442149415015,0.9665576318096406,0,0,0
parameters_symmetric_lee,parameterisation,symmetric_lee,RC-L,M3,4096,13,430214442,0.0078823000658303499,1.0361406999872997,1.0440230000531301,0.029999999999999999,0.20000000000000001,0.20000000000000001,0.20000000000000001,0.40000000000000002,0.40000000000000002,0.40000000000000002,0.45000000000000001,1,1,1,,64,8,12,gpu-hybrid,101.37730622597765,0.04726324700139839,6.4881821581789492,78.436478418444096,17.961782327718232,-1.5091366783636144,0.96969005654090135,0,0,0
parameters_symmetric_lee,parameterisation,symmetric_lee,RC-L,M3,4096,14,1250278466,0.0072161999996751547,1.0615346999838948,1.06875089998357,0.029999999999999999,0.20000000000000001,0.20000000000000001,0.20000000000000001,0.40000000000000002,0.40000000000000002,0.40000000000000002,0.45000000000000001,1,1,1,,64,8,12,gpu-hybrid,101.30529410220933,0.047921985353789193,6.4843145522372767,78.247675178741162,18.140284512341516,-1.566980141110625,0.96821574456514581,-1.4210854715202004e-14,0,0
parameters_symmetric_lee,parameterisation,symmetric_lee,RC-L,M3,4096,15,1546760209,0.0077381998999044299,1.0447838000254706,1.052521999925375,0.029999999999999999,0.20000000000000001,0.20000000000000001,0.20000000000000001,0.40000000000000002,0.40000000000000002,0.40000000000000002,0.45000000000000001,1,1,1,,64,8,12,gpu-hybrid,101.35861582467412,0.047512130606013385,6.5276907460051188,78.01178210400667,18.363412243120628,-1.5442692684582915,0.96943006015161293,-1.4210854715202004e-14,0,0
parameters_asymmetric_hsbc_informed,parameterisation,asymmetric_hsbc_informed,RC-A,M0,4096,0,1564917485,0.029662299901247025,0.19088150002062321,0.22054379992187023,0.041397500000000004,0.18321200000000001,0.26197700000000002,0.21978899999999998,0.93101527022332164,0.82546019107334301,0.73380477788963194,0.75,1.1124202994893466,1.1297955713505747,1.2022133022425416,52,,,,gpu,99.297503223923158,0.097405787642256034,6.205308464771897,82.862580821400826,13.839346479393125,-3.6097325416426931,0.8525390625,0,0,0
parameters_asymmetric_hsbc_informed,parameterisation,asymmetric_hsbc_informed,RC-A,M0,4096,1,870862243,0.02944990003015846,0.18689269991591573,0.21634259994607419,0.041397500000000004,0.18321200000000001,0.26197700000000002,0.21978899999999998,0.93101527022332164,0.82546019107334301,0.73380477788963194,0.75,1.1124202994893466,1.1297955713505747,1.2022133022425416,52,,,,gpu,99.36730849729534,0.096493184492145834,6.1558290653335304,83.254387931174165,13.479882934473821,-3.5227914336861739,0.85498046875,0,0,0
parameters_asymmetric_hsbc_informed,parameterisation,asymmetric_hsbc_informed,RC-A,M0,4096,2,2498502069,0.027994800009764731,0.15571500000078231,0.18370980001054704,0.041397500000000004,0.18321200000000001,0.26197700000000002,0.21978899999999998,0.93101527022332164,0.82546019107334301,0.73380477788963194,0.75,1.1124202994893466,1.1297955713505747,1.2022133022425416,52,,,,gpu,99.343556416850049,0.096668631953361311,6.2647092628211958,82.434485929776571,14.243742967427337,-3.5993817431750639,0.846923828125,0,0,0
parameters_asymmetric_hsbc_informed,parameterisation,asymmetric_hsbc_informed,RC-A,M0,4096,3,2288881075,0.029471400077454746,0.18286820000503212,0.21233960008248687,0.041397500000000004,0.18321200000000001,0.26197700000000002,0.21978899999999998,0.93101527022332164,0.82546019107334301,0.73380477788963194,0.75,1.1124202994893466,1.1297955713505747,1.2022133022425416,52,,,,gpu,99.391165241165595,0.096240030080881653,6.0952926826352396,83.613341588412837,13.142885861111976,-3.4603548909944473,0.858154296875,-1.4210854715202004e-14,0,0
parameters_asymmetric_hsbc_informed,parameterisation,asymmetric_hsbc_informed,RC-A,M0,4096,4,2261213090,0.030526100075803697,0.16787879995536059,0.19840490003116429,0.041397500000000004,0.18321200000000001,0.26197700000000002,0.21978899999999998,0.93101527022332164,0.82546019107334301,0.73380477788963194,0.75,1.1124202994893466,1.1297955713505747,1.2022133022425416,52,,,,gpu,99.366199130913884,0.096275181603863808,6.3198208935774325,82.168209537249496,14.490874154559357,-3.612705454472402,0.845947265625,0,0,0
parameters_asymmetric_hsbc_informed,parameterisation,asymmetric_hsbc_informed,RC-A,M0,4096,5,1850059303,0.028970300103537738,0.14512340002693236,0.1740937001304701,0.041397500000000004,0.18321200000000001,0.26197700000000002,0.21978899999999998,0.93101527022332164,0.82546019107334301,0.73380477788963194,0.75,1.1124202994893466,1.1297955713505747,1.2022133022425416,52,,,,gpu,99.443637468080254,0.09534054244771703,6.2089736606364916,82.894381852471994,13.816880007835667,-3.4765980528638964,0.853271484375,0,0,0
parameters_asymmetric_hsbc_informed,parameterisation,asymmetric_hsbc_informed,RC-A,M0,4096,6,850534944,0.02811800001654774,0.15378829999826849,0.18190630001481622,0.041397500000000004,0.18321200000000001,0.26197700000000002,0.21978899999999998,0.93101527022332164,0.82546019107334301,0.73380477788963194,0.75,1.1124202994893466,1.1297955713505747,1.2022133022425416,52,,,,gpu,99.388446902426793,0.096246857107841768,6.1177283883695051,83.473275277524408,13.277684690456715,-3.4802414539238198,0.85693359375,0,0,0
parameters_asymmetric_hsbc_informed,parameterisation,asymmetric_hsbc_informed,RC-A,M0,4096,7,2191155620,0.028747800039127469,0.16565879993140697,0.19440659997053444,0.041397500000000004,0.18321200000000001,0.26197700000000002,0.21978899999999998,0.93101527022332164,0.82546019107334301,0.73380477788963194,0.75,1.1124202994893466,1.1297955713505747,1.2022133022425416,52,,,,gpu,99.533853176632945,0.094120636018125245,6.1607143079535858,83.67648566995274,13.075486446439605,-3.3788332477129863,0.859130859375,0,0,0
parameters_asymmetric_hsbc_informed,parameterisation,asymmetric_hsbc_informed,RC-A,M0,4096,8,2731608648,0.02664209995418787,0.15209890005644411,0.17874100001063198,0.041397500000000004,0.18321200000000001,0.26197700000000002,0.21978899999999998,0.93101527022332164,0.82546019107334301,0.73380477788963194,0.75,1.1124202994893466,1.1297955713505747,1.2022133022425416,52,,,,gpu,99.337528195940294,0.096709718847420398,6.2940339238977412,82.269641476759645,14.401008268329534,-3.6271554730466251,0.84814453125,0,0,0
parameters_asymmetric_hsbc_informed,parameterisation,asymmetric_hsbc_informed,RC-A,M0,4096,9,3293126931,0.027894200058653951,0.14776229998096824,0.17565650003962219,0.041397500000000004,0.18321200000000001,0.26197700000000002,0.21978899999999998,0.93101527022332164,0.82546019107334301,0.73380477788963194,0.75,1.1124202994893466,1.1297955713505747,1.2022133022425416,52,,,,gpu,99.719066300507706,0.091495148246139246,6.1528877506186861,84.02479709216081,12.738489373077762,-3.1971079153495441,0.864990234375,-1.4210854715202004e-14,0,0
parameters_asymmetric_hsbc_informed,parameterisation,asymmetric_hsbc_informed,RC-A,M0,4096,10,4247489173,0.029277399997226894,0.16828129999339581,0.1975586999906227,0.041397500000000004,0.18321200000000001,0.26197700000000002,0.21978899999999998,0.93101527022332164,0.82546019107334301,0.73380477788963194,0.75,1.1124202994893466,1.1297955713505747,1.2022133022425416,52,,,,gpu,99.539335577012949,0.09396717945566925,6.2327228257183327,82.983589561975634,13.727014121605842,-3.4039909322868547,0.854736328125,0,0,0
parameters_asymmetric_hsbc_informed,parameterisation,asymmetric_hsbc_informed,RC-A,M0,4096,11,2615121724,0.028373699984513223,0.17330179992131889,0.20167549990583211,0.041397500000000004,0.18321200000000001,0.26197700000000002,0.21978899999999998,0.93101527022332164,0.82546019107334301,0.73380477788963194,0.75,1.1124202994893466,1.1297955713505747,1.2022133022425416,52,,,,gpu,99.4280612118894,0.095550059100993776,6.2166803164836271,82.783348655148615,13.92921236562295,-3.5011801253657993,0.857177734375,0,0,0
parameters_asymmetric_hsbc_informed,parameterisation,asymmetric_hsbc_informed,RC-A,M0,4096,12,2067331675,0.029788100044243038,0.15632830001413822,0.18611640005838126,0.041397500000000004,0.18321200000000001,0.26197700000000002,0.21978899999999998,0.93101527022332164,0.82546019107334301,0.73380477788963194,0.75,1.1124202994893466,1.1297955713505747,1.2022133022425416,52,,,,gpu,99.237705628005315,0.098122981155550321,6.2789114065862002,82.094875648961221,14.558273569231726,-3.6943549967738409,0.849365234375,0,0,0
parameters_asymmetric_hsbc_informed,parameterisation,asymmetric_hsbc_informed,RC-A,M0,4096,13,814228450,0.028173299971967936,0.15970970003399998,0.18788300000596792,0.041397500000000004,0.18321200000000001,0.26197700000000002,0.21978899999999998,0.93101527022332164,0.82546019107334301,0.73380477788963194,0.75,1.1124202994893466,1.1297955713505747,1.2022133022425416,52,,,,gpu,99.259379798762055,0.097882735914247412,6.2415405865610056,82.581078086065489,14.108944138082602,-3.6721830119470376,0.8505859375,0,0,0
parameters_asymmetric_hsbc_informed,parameterisation,asymmetric_hsbc_informed,RC-A,M0,4096,14,1446247630,0.027700499980710447,0.14130610006395727,0.16900660004466772,0.041397500000000004,0.18321200000000001,0.26197700000000002,0.21978899999999998,0.93101527022332164,0.82546019107334301,0.73380477788963194,0.75,1.1124202994893466,1.1297955713505747,1.2022133022425416,52,,,,gpu,99.52850432912787,0.094132777023316627,6.219999715998596,82.740066825164035,13.974145308737864,-3.4057075207726202,0.856689453125,0,0,0
parameters_asymmetric_hsbc_informed,parameterisation,asymmetric_hsbc_informed,RC-A,M0,4096,15,1438973790,0.028044400038197637,0.15690280008129776,0.18494720011949539,0.041397500000000004,0.18321200000000001,0.26197700000000002,0.21978899999999998,0.93101527022332164,0.82546019107334301,0.73380477788963194,0.75,1.1124202994893466,1.1297955713505747,1.2022133022425416,52,,,,gpu,99.514213443017525,0.094346221999484087,6.2087270525509446,83.272661089901874,13.457416462916367,-3.4245911623516667,0.85595703125,0,0,0
parameters_asymmetric_hsbc_informed,parameterisation,asymmetric_hsbc_informed,RC-A,M3,4096,0,2951965563,0.011297499993816018,1.2704489000607282,1.2817464000545442,0.041397500000000004,0.18321200000000001,0.26197700000000002,0.21978899999999998,0.93101527022332164,0.82546019107334301,0.73380477788963194,0.75,1.1124202994893466,1.1297955713505747,1.2022133022425416,,64,8,12,gpu-hybrid,99.288937168242185,0.097565828734884549,6.1811103106874556,83.116045955544706,13.592215292261105,-3.6004343902510847,0.84788335198930131,0,0,0
parameters_asymmetric_hsbc_informed,parameterisation,asymmetric_hsbc_informed,RC-A,M3,4096,1,4156371390,0.010976099991239607,1.3102578999241814,1.321233999915421,0.041397500000000004,0.18321200000000001,0.26197700000000002,0.21978899999999998,0.93101527022332164,0.82546019107334301,0.73380477788963194,0.75,1.1124202994893466,1.1297955713505747,1.2022133022425416,,64,8,12,gpu-hybrid,99.317061416441291,0.097178834710019202,6.1740000580368335,83.108686366884953,13.61468176381856,-3.5803067722990476,0.84684949290197253,-1.4210854715202004e-14,0,0
parameters_asymmetric_hsbc_informed,parameterisation,asymmetric_hsbc_informed,RC-A,M3,4096,2,2842740937,0.010385299916379154,1.3000343999592587,1.3104196998756379,0.041397500000000004,0.18321200000000001,0.26197700000000002,0.21978899999999998,0.93101527022332164,0.82546019107334301,0.73380477788963194,0.75,1.1124202994893466,1.1297955713505747,1.2022133022425416,,64,8,12,gpu-hybrid,99.413179298102975,0.095750856719394734,6.2232096814009745,83.097583421489873,13.61468176381856,-3.5222955686064408,0.84685614712629254,1.4210854715202004e-14,0,0
parameters_asymmetric_hsbc_informed,parameterisation,asymmetric_hsbc_informed,RC-A,M3,4096,3,35021518,0.01136669993866235,1.3176275999285281,1.3289942998671904,0.041397500000000004,0.18321200000000001,0.26197700000000002,0.21978899999999998,0.93101527022332164,0.82546019107334301,0.73380477788963194,0.75,1.1124202994893466,1.1297955713505747,1.2022133022425416,,64,8,12,gpu-hybrid,99.314890163568322,0.097179292595324471,6.1933359382821518,82.909485258289862,13.79441353627821,-3.582344569281906,0.84538055404805712,0,0,0
parameters_asymmetric_hsbc_informed,parameterisation,asymmetric_hsbc_informed,RC-A,M3,4096,4,796821558,0.011865200009196997,1.2883228999562562,1.3001880999654531,0.041397500000000004,0.18321200000000001,0.26197700000000002,0.21978899999999998,0.93101527022332164,0.82546019107334301,0.73380477788963194,0.75,1.1124202994893466,1.1297955713505747,1.2022133022425416,,64,8,12,gpu-hybrid,99.29505893372135,0.097398758650259168,6.2313210654719127,82.74503104674767,13.951678837180406,-3.6329720156786518,0.84153721340807852,0,0,0
parameters_asymmetric_hsbc_informed,parameterisation,asymmetric_hsbc_informed,RC-A,M3,4096,5,377963062,0.011438999907113612,1.3057927000336349,1.3172316999407485,0.041397500000000004,0.18321200000000001,0.26197700000000002,0.21978899999999998,0.93101527022332164,0.82546019107334301,0.73380477788963194,0.75,1.1124202994893466,1.1297955713505747,1.2022133022425416,,64,8,12,gpu-hybrid,99.385145813996189,0.096191464613918171,6.1899511377151262,82.97602802772154,13.749480593163298,-3.5303139446037699,0.84856889864031559,0,0,0
parameters_asymmetric_hsbc_informed,parameterisation,asymmetric_hsbc_informed,RC-A,M3,4096,6,969491349,0.011016899952664971,1.3544169999659061,1.3654338999185711,0.041397500000000004,0.18321200000000001,0.26197700000000002,0.21978899999999998,0.93101527022332164,0.82546019107334301,0.73380477788963194,0.75,1.1124202994893466,1.1297955713505747,1.2022133022425416,,64,8,12,gpu-hybrid,99.363336483634612,0.096379112951251955,6.2740566527105752,82.330698237107242,14.356075325214622,-3.5974937313978148,0.84089021960508625,0,0,0
parameters_asymmetric_hsbc_informed,parameterisation,asymmetric_hsbc_informed,RC-A,M3,4096,7,1954374260,0.0107744000852108,1.3050596000393853,1.3158340001245961,0.041397500000000004,0.18321200000000001,0.26197700000000002,0.21978899999999998,0.93101527022332164,0.82546019107334301,0.73380477788963194,0.75,1.1124202994893466,1.1297955713505747,1.2022133022425416,,64,8,12,gpu-hybrid,99.232107136735053,0.098284378343727108,6.2303661272014681,82.380556964522754,14.311142382099707,-3.6899583370888633,0.84148330268884197,0,0,0
parameters_asymmetric_hsbc_informed,parameterisation,asymmetric_hsbc_informed,RC-A,M3,4096,8,308598556,0.010382900014519691,1.2920114999869838,1.3023944000015035,0.041397500000000004,0.18321200000000001,0.26197700000000002,0.21978899999999998,0.93101527022332164,0.82546019107334301,0.73380477788963194,0.75,1.1124202994893466,1.1297955713505747,1.2022133022425416,,64,8,12,gpu-hybrid,99.389528894077358,0.096090375671305989,6.2181473560759786,83.20517647156332,13.502349406031279,-3.5361443395932164,0.84453330982663621,0,0,0
parameters_asymmetric_hsbc_informed,parameterisation,asymmetric_hsbc_informed,RC-A,M3,4096,9,2052304022,0.0084637000691145658,1.2852426000172272,1.2937063000863418,0.041397500000000004,0.18321200000000001,0.26197700000000002,0.21978899999999998,0.93101527022332164,0.82546019107334301,0.73380477788963194,0.75,1.1124202994893466,1.1297955713505747,1.2022133022425416,,64,8,12,gpu-hybrid,99.233862111992636,0.098326708946958885,6.1918229749285532,82.753743689844669,13.951678837180406,-3.6633833899610053,0.841923622985286,0,0,0
parameters_asymmetric_hsbc_informed,parameterisation,asymmetric_hsbc_informed,RC-A,M3,4096,10,502879151,0.013494499959051609,1.3067230000160635,1.3202174999751151,0.041397500000000004,0.18321200000000001,0.26197700000000002,0.21978899999999998,0.93101527022332164,0.82546019107334301,0.73380477788963194,0.75,1.1124202994893466,1.1297955713505747,1.2022133022425416,,64,8,12,gpu-hybrid,99.359921823021068,0.096480550768056034,6.2364594257262684,82.888217920849797,13.816880007835667,-3.5816355313906532,0.84412416182829741,0,0,0
parameters_asymmetric_hsbc_informed,parameterisation,asymmetric_hsbc_informed,RC-A,M3,4096,11,2486094163,0.011352400062605739,1.3150321000721306,1.3263845001347363,0.041397500000000004,0.18321200000000001,0.26197700000000002,0.21978899999999998,0.93101527022332164,0.82546019107334301,0.73380477788963194,0.75,1.1124202994893466,1.1297955713505747,1.2022133022425416,,64,8,12,gpu-hybrid,99.307341818341243,0.09731292386087044,6.1763029810938432,82.76026487624631,13.951678837180406,-3.5809048761793223,0.84307121689351483,0,0,0
parameters_asymmetric_hsbc_informed,parameterisation,asymmetric_hsbc_informed,RC-A,M3,4096,12,1292719225,0.010972200077958405,1.2766838000388816,1.28765600011684,0.041397500000000004,0.18321200000000001,0.26197700000000002,0.21978899999999998,0.93101527022332164,0.82546019107334301,0.73380477788963194,0.75,1.1124202994893466,1.1297955713505747,1.2022133022425416,,64,8,12,gpu-hybrid,99.423579572441483,0.095636194493538801,6.1990636349000017,83.238492278375531,13.479882934473823,-3.4938592753078641,0.84587966261477987,0,0,0
parameters_asymmetric_hsbc_informed,parameterisation,asymmetric_hsbc_informed,RC-A,M3,4096,13,4030376815,0.010826600017026067,1.2002232000231743,1.2110498000402004,0.041397500000000004,0.18321200000000001,0.26197700000000002,0.21978899999999998,0.93101527022332164,0.82546019107334301,0.73380477788963194,0.75,1.1124202994893466,1.1297955713505747,1.2022133022425416,,64,8,12,gpu-hybrid,99.391186111579955,0.096089139101903975,6.2021600307934364,83.146499581063409,13.569748820703648,-3.5272223209805373,0.84613651925552169,0,0,0
parameters_asymmetric_hsbc_informed,parameterisation,asymmetric_hsbc_informed,RC-A,M3,4096,14,935409646,0.011322100064717233,1.3033262999961153,1.3146484000608325,0.041397500000000004,0.18321200000000001,0.26197700000000002,0.21978899999999998,0.93101527022332164,0.82546019107334301,0.73380477788963194,0.75,1.1124202994893466,1.1297955713505747,1.2022133022425416,,64,8,12,gpu-hybrid,99.365228904814643,0.096415959545046725,6.2295561737463609,82.827392786760498,13.884279422508037,-3.5759994782002442,0.84582793935705336,-1.4210854715202004e-14,0,0
parameters_asymmetric_hsbc_informed,parameterisation,asymmetric_hsbc_informed,RC-A,M3,4096,15,1185140214,0.012214499991387129,1.3256512000225484,1.3378657000139356,0.041397500000000004,0.18321200000000001,0.26197700000000002,0.21978899999999998,0.93101527022332164,0.82546019107334301,0.73380477788963194,0.75,1.1124202994893466,1.1297955713505747,1.2022133022425416,,64,8,12,gpu-hybrid,99.379495929728506,0.096198419498835258,6.2418357905164426,82.639227255719575,14.064011194967689,-3.5655783114752051,0.84521011607317575,0,0,0
