value,path_sd,call_probability,runtime_seconds,method,smooth,n_paths,seed,probability_clipping_rate,orthogonality_error,correlation_error,minimum_final_loading,worst_spot_ratio,time_to_observation_days,replication,scope
10.520074339279766,30.681047573647579,0.105224609375,0.0031209000153467059,rqmc,False,4096,2942604460,0,6.6613381477509392e-16,6.6613381477509392e-16,0.93030464331678475,0.97999999999999998,2,0,next-observation autocall principal redemption component only
10.788568115920317,31.023440948707812,0.10791015625,0.004608800052665174,rqmc,False,4096,3313557041,0,6.6613381477509392e-16,6.6613381477509392e-16,0.93030464331678475,0.97999999999999998,2,1,next-observation autocall principal redemption component only
10.568891389578047,30.743758998621171,0.105712890625,0.0041762000182643533,rqmc,False,4096,630646984,0,6.6613381477509392e-16,6.6613381477509392e-16,0.93030464331678475,0.97999999999999998,2,2,next-observation autocall principal redemption component only
10.764159590771177,30.992566725486089,0.107666015625,0.0042173999827355146,rqmc,False,4096,2622736163,0,6.6613381477509392e-16,6.6613381477509392e-16,0.93030464331678475,0.97999999999999998,2,3,next-observation autocall principal redemption component only
10.66652549017461,30.868567986625514,0.106689453125,0.0042733000591397285,rqmc,False,4096,3726458002,0,6.6613381477509392e-16,6.6613381477509392e-16,0.93030464331678475,0.97999999999999998,2,4,next-observation autocall principal redemption component only
10.568891389578047,30.743758998621171,0.105712890625,0.0047736000269651413,rqmc,False,4096,944557289,0,6.6613381477509392e-16,6.6613381477509392e-16,0.93030464331678475,0.97999999999999998,2,5,next-observation autocall principal redemption component only
10.764159590771175,30.992566725486089,0.107666015625,0.0046762999845668674,rqmc,False,4096,712039315,0,6.6613381477509392e-16,6.6613381477509392e-16,0.93030464331678475,0.97999999999999998,2,6,next-observation autocall principal redemption component only
10.837385166218599,31.085039888939104,0.1083984375,0.0048462001141160727,rqmc,False,4096,3013220089,0,6.6613381477509392e-16,6.6613381477509392e-16,0.93030464331678475,0.97999999999999998,2,7,next-observation autocall principal redemption component only
10.666525490174612,30.868567986625514,0.106689453125,0.004598699975758791,rqmc,False,4096,2133261536,0,6.6613381477509392e-16,6.6613381477509392e-16,0.93030464331678475,0.97999999999999998,2,8,next-observation autocall principal redemption component only
10.739751065622034,30.961642468161749,0.107421875,0.0054998999694362283,rqmc,False,4096,552310652,0,6.6613381477509392e-16,6.6613381477509392e-16,0.93030464331678475,0.97999999999999998,2,9,next-observation autocall principal redemption component only
10.739751065622034,30.961642468161749,0.107421875,0.0053800999885424972,rqmc,False,4096,1983910201,0,6.6613381477509392e-16,6.6613381477509392e-16,0.93030464331678475,0.97999999999999998,2,10,next-observation autocall principal redemption component only
10.739751065622034,30.961642468161749,0.107421875,0.0048276000889018178,rqmc,False,4096,1861400282,0,6.6613381477509392e-16,6.6613381477509392e-16,0.93030464331678475,0.97999999999999998,2,11,next-observation autocall principal redemption component only
10.86179369136774,31.115764901921604,0.108642578125,0.0045172000536695123,rqmc,False,4096,3586382320,0,6.6613381477509392e-16,6.6613381477509392e-16,0.93030464331678475,0.97999999999999998,2,12,next-observation autocall principal redemption component only
10.642116965025469,30.837442083687524,0.1064453125,0.0035282999742776155,rqmc,False,4096,2305019466,0,6.6613381477509392e-16,6.6613381477509392e-16,0.93030464331678475,0.97999999999999998,2,13,next-observation autocall principal redemption component only
10.66652549017461,30.868567986625514,0.106689453125,0.0043271000031381845,rqmc,False,4096,963602568,0,6.6613381477509392e-16,6.6613381477509392e-16,0.93030464331678475,0.97999999999999998,2,14,next-observation autocall principal redemption component only
10.690934015323753,30.899643250074654,0.10693359375,0.0047035999596118927,rqmc,False,4096,3589317499,0,6.6613381477509392e-16,6.6613381477509392e-16,0.93030464331678475,0.97999999999999998,2,15,next-observation autocall principal redemption component only
10.710486345702739,7.0143193057055875,0.10712916141046966,0.0057280999608337879,rqmc,True,4096,2942604460,0,6.6613381477509392e-16,6.6613381477509392e-16,0.93030464331678475,0.97999999999999998,2,0,next-observation autocall principal redemption component only
10.710576659813942,7.014168739167677,0.10713006475646952,0.0054902000119909644,rqmc,True,4096,3313557041,0,6.6613381477509392e-16,6.6613381477509392e-16,0.93030464331678475,0.97999999999999998,2,1,next-observation autocall principal redemption component only
10.706025104942896,6.9971306978735006,0.10708453888204039,0.0049335999647155404,rqmc,True,4096,630646984,0,6.6613381477509392e-16,6.6613381477509392e-16,0.93030464331678475,0.97999999999999998,2,2,next-observation autocall principal redemption component only
10.704967552726233,6.9966035247113636,0.1070739609606966,0.0046696999343112111,rqmc,True,4096,2622736163,0,6.6613381477509392e-16,6.6613381477509392e-16,0.93030464331678475,0.97999999999999998,2,3,next-observation autocall principal redemption component only
10.70997221814182,7.0127262642346775,0.10712401896850376,0.0059935000026598573,rqmc,True,4096,3726458002,0,6.6613381477509392e-16,6.6613381477509392e-16,0.93030464331678475,0.97999999999999998,2,4,next-observation autocall principal redemption component only
10.711872910138853,7.0172421469293225,0.10714303020040952,0.004446399980224669,rqmc,True,4096,944557289,0,6.6613381477509392e-16,6.6613381477509392e-16,0.93030464331678475,0.97999999999999998,2,5,next-observation autocall principal redemption component only
10.709825246459655,7.0133033519833514,0.10712254891826016,0.0053572000470012426,rqmc,True,4096,712039315,0,6.6613381477509392e-16,6.6613381477509392e-16,0.93030464331678475,0.97999999999999998,2,6,next-observation autocall principal redemption component only
10.708871528812203,7.0078306445954661,0.10711300957816897,0.0050256999675184488,rqmc,True,4096,3013220089,0,6.6613381477509392e-16,6.6613381477509392e-16,0.93030464331678475,0.97999999999999998,2,7,next-observation autocall principal redemption component only
10.710809160744933,7.0192596573340689,0.10713239029323415,0.0055152999702841043,rqmc,True,4096,2133261536,0,6.6613381477509392e-16,6.6613381477509392e-16,0.93030464331678475,0.97999999999999998,2,8,next-observation autocall principal redemption component only
10.712827409365447,7.024613670582502,0.10715257735806524,0.0051264000358060002,rqmc,True,4096,552310652,0,6.6613381477509392e-16,6.6613381477509392e-16,0.93030464331678475,0.97999999999999998,2,9,next-observation autocall principal redemption component only
10.708078552721412,7.0060007053737321,0.10710507801830482,0.0046330000041052699,rqmc,True,4096,1983910201,0,6.6613381477509392e-16,6.6613381477509392e-16,0.93030464331678475,0.97999999999999998,2,10,next-observation autocall principal redemption component only
10.706049964471955,7.0006678325522076,0.10708478753372765,0.0061355000361800194,rqmc,True,4096,1861400282,0,6.6613381477509392e-16,6.6613381477509392e-16,0.93030464331678475,0.97999999999999998,2,11,next-observation autocall principal redemption component only
10.709915919901423,7.0130096171637195,0.10712345585838084,0.0052583999931812286,rqmc,True,4096,3586382320,0,6.6613381477509392e-16,6.6613381477509392e-16,0.93030464331678475,0.97999999999999998,2,12,next-observation autocall principal redemption component only
10.709422455151003,7.0097085994669852,0.10711852009139589,0.0055356998927891254,rqmc,True,4096,2305019466,0,6.6613381477509392e-16,6.6613381477509392e-16,0.93030464331678475,0.97999999999999998,2,13,next-observation autocall principal redemption component only
10.711270304609346,7.0156802722899023,0.10713700277803545,0.0063355999300256371,rqmc,True,4096,963602568,0,6.6613381477509392e-16,6.6613381477509392e-16,0.93030464331678475,0.97999999999999998,2,14,next-observation autocall principal redemption component only
10.708852363632154,7.007575729167832,0.10711281788289009,0.0061066000489518046,rqmc,True,4096,3589317499,0,6.6613381477509392e-16,6.6613381477509392e-16,0.93030464331678475,0.97999999999999998,2,15,next-observation autocall principal redemption component only
37.223000852440009,48.337092037508221,0.372314453125,0.0060535999946296215,rqmc,False,4096,1517376940,0,6.6613381477509392e-16,6.6613381477509392e-16,0.93030464331678475,0.995,2,0,next-observation autocall principal redemption component only
36.832464450053749,48.232235766224029,0.368408203125,0.0042359000071883202,rqmc,False,4096,2874652600,0,6.6613381477509392e-16,6.6613381477509392e-16,0.93030464331678475,0.995,2,1,next-observation autocall principal redemption component only
37.05214117639602,48.291634147259749,0.37060546875,0.0042211000109091401,rqmc,False,4096,1440273718,0,6.6613381477509392e-16,6.6613381477509392e-16,0.93030464331678475,0.995,2,2,next-observation autocall principal redemption component only
36.954507075799455,48.26536735933535,0.36962890625,0.0044165999861434102,rqmc,False,4096,3776963736,0,6.6613381477509392e-16,6.6613381477509392e-16,0.93030464331678475,0.995,2,3,next-observation autocall principal redemption component only
36.954507075799455,48.26536735933535,0.36962890625,0.0049081000033766031,rqmc,False,4096,823210141,0,6.6613381477509392e-16,6.6613381477509392e-16,0.93030464331678475,0.995,2,4,next-observation autocall principal redemption component only
36.905690025501173,48.252154502487613,0.369140625,0.0038528000004589558,rqmc,False,4096,2330989698,0,6.6613381477509392e-16,6.6613381477509392e-16,0.93030464331678475,0.995,2,5,next-observation autocall principal redemption component only
36.637196248860619,48.178534641961072,0.366455078125,0.0042613000841811299,rqmc,False,4096,1568946518,0,6.6613381477509392e-16,6.6613381477509392e-16,0.93030464331678475,0.995,2,6,next-observation autocall principal redemption component only
36.759238874606325,48.212197557223078,0.36767578125,0.0040246000280603766,rqmc,False,4096,1512219572,0,6.6613381477509392e-16,6.6613381477509392e-16,0.93030464331678475,0.995,2,7,next-observation autocall principal redemption component only
37.003324126097738,48.278527226485934,0.3701171875,0.0051159999566152692,rqmc,False,4096,714908117,0,6.6613381477509392e-16,6.6613381477509392e-16,0.93030464331678475,0.995,2,8,next-observation autocall principal redemption component only
37.05214117639602,48.291634147259749,0.37060546875,0.0038305999478325248,rqmc,False,4096,555940788,0,6.6613381477509392e-16,6.6613381477509392e-16,0.93030464331678475,0.995,2,9,next-observation autocall principal redemption component only
36.881281500352031,48.245528189329015,0.368896484375,0.003953099949285388,rqmc,False,4096,2059162161,0,6.6613381477509392e-16,6.6613381477509392e-16,0.93030464331678475,0.995,2,10,next-observation autocall principal redemption component only
36.759238874606325,48.212197557223085,0.36767578125,0.0039365999400615692,rqmc,False,4096,2589553229,0,6.6613381477509392e-16,6.6613381477509392e-16,0.93030464331678475,0.995,2,11,next-observation autocall principal redemption component only
36.783647399755466,48.218890244147964,0.367919921875,0.0042555999243631959,rqmc,False,4096,3099587661,0,6.6613381477509392e-16,6.6613381477509392e-16,0.93030464331678475,0.995,2,12,next-observation autocall principal redemption component only
36.808055924904608,48.225569645308418,0.3681640625,0.0034621000522747636,rqmc,False,4096,3943734010,0,6.6613381477509392e-16,6.6613381477509392e-16,0.93030464331678475,0.995,2,13,next-observation autocall principal redemption component only
37.271817902738292,48.349961229763068,0.372802734375,0.0042508000042289495,rqmc,False,4096,373235182,0,6.6613381477509392e-16,6.6613381477509392e-16,0.93030464331678475,0.995,2,14,next-observation autocall principal redemption component only
37.05214117639602,48.291634147259749,0.37060546875,0.0050101000815629959,rqmc,False,4096,3737660645,0,6.6613381477509392e-16,6.6613381477509392e-16,0.93030464331678475,0.995,2,15,next-observation autocall principal redemption component only
36.91632999749794,12.4215818054977,0.36924704885795134,0.0060833999887108803,rqmc,True,4096,1517376940,0,6.6613381477509392e-16,6.6613381477509392e-16,0.93030464331678475,0.995,2,0,next-observation autocall principal redemption component only
36.915903599733198,12.426915933783526,0.36924278391297216,0.0057887999573722482,rqmc,True,4096,2874652600,0,6.6613381477509392e-16,6.6613381477509392e-16,0.93030464331678475,0.995,2,1,next-observation autocall principal redemption component only
36.913484774732098,12.424571992540155,0.36921859017558223,0.0055098999291658401,rqmc,True,4096,1440273718,0,6.6613381477509392e-16,6.6613381477509392e-16,0.93030464331678475,0.995,2,2,next-observation autocall principal redemption component only
36.914166855879259,12.426868833607783,0.36922541253443231,0.0060513999778777361,rqmc,True,4096,3776963736,0,6.6613381477509392e-16,6.6613381477509392e-16,0.93030464331678475,0.995,2,3,next-observation autocall principal redemption component only
36.916397925020576,12.429340714177496,0.36924772828727898,0.0052317999070510268,rqmc,True,4096,823210141,0,6.6613381477509392e-16,6.6613381477509392e-16,0.93030464331678475,0.995,2,4,next-observation autocall principal redemption component only
36.915244442778224,12.425837587640642,0.36923619084805015,0.0054472999181598425,rqmc,True,4096,2330989698,0,6.6613381477509392e-16,6.6613381477509392e-16,0.93030464331678475,0.995,2,5,next-observation autocall principal redemption component only
36.912189730052518,12.426301597413371,0.36920563679083063,0.0052140000043436885,rqmc,True,4096,1568946518,0,6.6613381477509392e-16,6.6613381477509392e-16,0.93030464331678475,0.995,2,6,next-observation autocall principal redemption component only
36.914096969615038,12.42011989787731,0.36922471351324515,0.0038269000360742211,rqmc,True,4096,1512219572,0,6.6613381477509392e-16,6.6613381477509392e-16,0.93030464331678475,0.995,2,7,next-observation autocall principal redemption component only
36.916670187539417,12.427787592769191,0.36925045153012581,0.0066614000825211406,rqmc,True,4096,714908117,0,6.6613381477509392e-16,6.6613381477509392e-16,0.93030464331678475,0.995,2,8,next-observation autocall principal redemption component only
36.915137026474248,12.428086731370771,0.36923511644132423,0.0060109999030828476,rqmc,True,4096,555940788,0,6.6613381477509392e-16,6.6613381477509392e-16,0.93030464331678475,0.995,2,9,next-observation autocall principal redemption component only
36.916093083402743,12.427495617026318,0.36924467917953285,0.0053870000410825014,rqmc,True,4096,2059162161,0,6.6613381477509392e-16,6.6613381477509392e-16,0.93030464331678475,0.995,2,10,next-observation autocall principal redemption component only
36.913256541720315,12.428930156389535,0.36921630732769195,0.0050296999979764223,rqmc,True,4096,2589553229,0,6.6613381477509392e-16,6.6613381477509392e-16,0.93030464331678475,0.995,2,11,next-observation autocall principal redemption component only
36.911921580862767,12.424940720619647,0.36920295469060627,0.0055426000617444515,rqmc,True,4096,3099587661,0,6.6613381477509392e-16,6.6613381477509392e-16,0.93030464331678475,0.995,2,12,next-observation autocall principal redemption component only
36.914296239577496,12.423950979268433,0.36922670666493623,0.0046837999252602458,rqmc,True,4096,3943734010,0,6.6613381477509392e-16,6.6613381477509392e-16,0.93030464331678475,0.995,2,13,next-observation autocall principal redemption component only
36.913578431492311,12.425748146596584,0.36921952695565541,0.0063605000032112002,rqmc,True,4096,373235182,0,6.6613381477509392e-16,6.6613381477509392e-16,0.93030464331678475,0.995,2,14,next-observation autocall principal redemption component only
36.913979766360399,12.426210683977891,0.36922354121480994,0.0050556999631226063,rqmc,True,4096,3737660645,0,6.6613381477509392e-16,6.6613381477509392e-16,0.93030464331678475,0.995,2,15,next-observation autocall principal redemption component only
47.547806990526652,49.935128786971106,0.4755859375,0.0035896999761462212,rqmc,False,4096,781983570,0,6.6613381477509392e-16,6.6613381477509392e-16,0.93030464331678475,1,2,0,next-observation autocall principal redemption component only
47.96275191806204,49.953688542825375,0.479736328125,0.0039576999843120575,rqmc,False,4096,1022789190,0,6.6613381477509392e-16,6.6613381477509392e-16,0.93030464331678475,1,2,1,next-observation autocall principal redemption component only
47.425764364780946,49.92901228086783,0.474365234375,0.0043210000731050968,rqmc,False,4096,2263983682,0,6.6613381477509392e-16,6.6613381477509392e-16,0.93030464331678475,1,2,2,next-observation autocall principal redemption component only
47.743075191719768,49.944293192831545,0.4775390625,0.0051807001000270247,rqmc,False,4096,2047009527,0,6.6613381477509392e-16,6.6613381477509392e-16,0.93030464331678475,1,2,3,next-observation autocall principal redemption component only
47.645441091123203,49.939806662590037,0.4765625,0.0037643000250682235,rqmc,False,4096,1929268276,0,6.6613381477509392e-16,6.6613381477509392e-16,0.93030464331678475,1,2,4,next-observation autocall principal redemption component only
47.645441091123203,49.939806662590037,0.4765625,0.0045830999733880162,rqmc,False,4096,278935332,0,6.6613381477509392e-16,6.6613381477509392e-16,0.93030464331678475,1,2,5,next-observation autocall principal redemption component only
47.425764364780939,49.929012280867816,0.474365234375,0.0043383999727666378,rqmc,False,4096,151973535,0,6.6613381477509392e-16,6.6613381477509392e-16,0.93030464331678475,1,2,6,next-observation autocall principal redemption component only
47.743075191719768,49.944293192831545,0.4775390625,0.0042150999652221799,rqmc,False,4096,1811280169,0,6.6613381477509392e-16,6.6613381477509392e-16,0.93030464331678475,1,2,7,next-observation autocall principal redemption component only
47.181679113289533,49.915881639494991,0.471923828125,0.0040825000032782555,rqmc,False,4096,3957004022,0,6.6613381477509392e-16,6.6613381477509392e-16,0.93030464331678475,1,2,8,next-observation autocall principal redemption component only
47.572215515675786,49.936316197408139,0.475830078125,0.0044314000988379121,rqmc,False,4096,622789426,0,6.6613381477509392e-16,6.6613381477509392e-16,0.93030464331678475,1,2,9,next-observation autocall principal redemption component only
47.621032565974062,49.938655134377292,0.476318359375,0.0036065999884158373,rqmc,False,4096,563697366,0,6.6613381477509392e-16,6.6613381477509392e-16,0.93030464331678475,1,2,10,next-observation autocall principal redemption component only
47.596624040824921,49.937491646261989,0.47607421875,0.0043782000429928303,rqmc,False,4096,153430717,0,6.6613381477509392e-16,6.6613381477509392e-16,0.93030464331678475,1,2,11,next-observation autocall principal redemption component only
47.425764364780939,49.929012280867816,0.474365234375,0.0046873000683262944,rqmc,False,4096,2739368801,0,6.6613381477509392e-16,6.6613381477509392e-16,0.93030464331678475,1,2,12,next-observation autocall principal redemption component only
47.425764364780939,49.929012280867816,0.474365234375,0.0044647000031545758,rqmc,False,4096,1748193771,0,6.6613381477509392e-16,6.6613381477509392e-16,0.93030464331678475,1,2,13,next-observation autocall principal redemption component only
47.816300767167192,49.947532551209591,0.478271484375,0.0043539999751374125,rqmc,False,4096,823054547,0,6.6613381477509392e-16,6.6613381477509392e-16,0.93030464331678475,1,2,14,next-observation autocall principal redemption component only
47.425764364780946,49.92901228086783,0.474365234375,0.0047110000159591436,rqmc,False,4096,3711036386,0,6.6613381477509392e-16,6.6613381477509392e-16,0.93030464331678475,1,2,15,next-observation autocall principal redemption component only
47.601671620390576,12.002153189618586,0.4761247059966634,0.0060825000982731581,rqmc,True,4096,781983570,0,6.6613381477509392e-16,6.6613381477509392e-16,0.93030464331678475,1,2,0,next-observation autocall principal redemption component only
47.601091319976987,12.001049053339216,0.47611890167605014,0.0052577999886125326,rqmc,True,4096,1022789190,0,6.6613381477509392e-16,6.6613381477509392e-16,0.93030464331678475,1,2,1,next-observation autocall principal redemption component only
47.602453233358361,12.006867885653623,0.47613252389951899,0.0053002000786364079,rqmc,True,4096,2263983682,0,6.6613381477509392e-16,6.6613381477509392e-16,0.93030464331678475,1,2,2,next-observation autocall principal redemption component only
47.602210354333337,12.004625150482481,0.47613009455827005,0.0056950000580400229,rqmc,True,4096,2047009527,0,6.6613381477509392e-16,6.6613381477509392e-16,0.93030464331678475,1,2,3,next-observation autocall principal redemption component only
47.601901171831841,12.002116325968494,0.47612700203183961,0.0057976000243797898,rqmc,True,4096,1929268276,0,6.6613381477509392e-16,6.6613381477509392e-16,0.93030464331678475,1,2,4,next-observation autocall principal redemption component only
47.602509423852013,12.006666364151753,0.47613308593192999,0.0050572999753057957,rqmc,True,4096,278935332,0,6.6613381477509392e-16,6.6613381477509392e-16,0.93030464331678475,1,2,5,next-observation autocall principal redemption component only
47.600288519189505,12.007837922399172,0.47611087184693068,0.0056793000549077988,rqmc,True,4096,151973535,0,6.6613381477509392e-16,6.6613381477509392e-16,0.93030464331678475,1,2,6,next-observation autocall principal redemption component only
47.601354601239422,12.009527317400888,0.47612153508595784,0.0049354999791830778,rqmc,True,4096,1811280169,0,6.6613381477509392e-16,6.6613381477509392e-16,0.93030464331678475,1,2,7,next-observation autocall principal redemption component only
47.59924704144985,12.009284963414455,0.47610045470682383,0.0043618999188765883,rqmc,True,4096,3957004022,0,6.6613381477509392e-16,6.6613381477509392e-16,0.93030464331678475,1,2,8,next-observation autocall principal redemption component only
47.603676631148851,12.004709214364158,0.47614476065284062,0.0053632999770343304,rqmc,True,4096,622789426,0,6.6613381477509392e-16,6.6613381477509392e-16,0.93030464331678475,1,2,9,next-observation autocall principal redemption component only
47.601723839974113,12.002026660296078,0.47612522831096488,0.0045167000498622656,rqmc,True,4096,563697366,0,6.6613381477509392e-16,6.6613381477509392e-16,0.93030464331678475,1,2,10,next-observation autocall principal redemption component only
47.602067421087568,11.99612894719235,0.47612866490155215,0.0039911000058054924,rqmc,True,4096,153430717,0,6.6613381477509392e-16,6.6613381477509392e-16,0.93030464331678475,1,2,11,next-observation autocall principal redemption component only
47.601096733914133,12.000810153131708,0.47611895582770375,0.0053848999086767435,rqmc,True,4096,2739368801,0,6.6613381477509392e-16,6.6613381477509392e-16,0.93030464331678475,1,2,12,next-observation autocall principal redemption component only
47.600384162357969,12.003550886908853,0.47611182849559275,0.0050861999625340104,rqmc,True,4096,1748193771,0,6.6613381477509392e-16,6.6613381477509392e-16,0.93030464331678475,1,2,13,next-observation autocall principal redemption component only
47.59995735502536,12.005761174539323,0.47610755945400579,0.0058702999958768487,rqmc,True,4096,823054547,0,6.6613381477509392e-16,6.6613381477509392e-16,0.93030464331678475,1,2,14,next-observation autocall principal redemption component only
47.601624429133075,12.003915972183171,0.47612423397702969,0.0054742000065743923,rqmc,True,4096,3711036386,0,6.6613381477509392e-16,6.6613381477509392e-16,0.93030464331678475,1,2,15,next-observation autocall principal redemption component only
57.018314748393351,49.497961398533405,0.5703125,0.0043827000772580504,rqmc,False,4096,2610492767,0,6.6613381477509392e-16,6.6613381477509392e-16,0.93030464331678475,1.0049999999999999,2,0,next-observation autocall principal redemption component only
57.067131798691634,49.491002184783575,0.57080078125,0.0040873000398278236,rqmc,False,4096,1602400090,0,6.6613381477509392e-16,6.6613381477509392e-16,0.93030464331678475,1.0049999999999999,2,1,next-observation autocall principal redemption component only
57.067131798691634,49.491002184783568,0.57080078125,0.004340000101365149,rqmc,False,4096,524561227,0,6.6613381477509392e-16,6.6613381477509392e-16,0.93030464331678475,1.0049999999999999,2,2,next-observation autocall principal redemption component only
57.018314748393351,49.497961398533405,0.5703125,0.00325779989361763,rqmc,False,4096,1768126281,0,6.6613381477509392e-16,6.6613381477509392e-16,0.93030464331678475,1.0049999999999999,2,3,next-observation autocall principal redemption component only
57.115948848989909,49.483993821488305,0.5712890625,0.0042757999617606401,rqmc,False,4096,204307334,0,6.6613381477509392e-16,6.6613381477509392e-16,0.93030464331678475,1.0049999999999999,2,4,next-observation autocall principal redemption component only
57.237991474735622,49.466257746534566,0.572509765625,0.0038021999644115567,rqmc,False,4096,378936623,0,6.6613381477509392e-16,6.6613381477509392e-16,0.93030464331678475,1.0049999999999999,2,5,next-observation autocall principal redemption component only
57.042723273542492,49.494487934052472,0.570556640625,0.0045529999770224094,rqmc,False,4096,3975054420,0,6.6613381477509392e-16,6.6613381477509392e-16,0.93030464331678475,1.0049999999999999,2,6,next-observation autocall principal redemption component only
57.311217050183046,49.455468452754161,0.5732421875,0.0050231999484822154,rqmc,False,4096,1214769266,0,6.6613381477509392e-16,6.6613381477509392e-16,0.93030464331678475,1.0049999999999999,2,7,next-observation autocall principal redemption component only
57.018314748393351,49.497961398533398,0.5703125,0.0039058999391272664,rqmc,False,4096,3524558010,0,6.6613381477509392e-16,6.6613381477509392e-16,0.93030464331678475,1.0049999999999999,2,8,next-observation autocall principal redemption component only
56.920680647796786,49.511732460150064,0.5693359375,0.0036677999887615442,rqmc,False,4096,2791249023,0,6.6613381477509392e-16,6.6613381477509392e-16,0.93030464331678475,1.0049999999999999,2,9,next-observation autocall principal redemption component only
57.18917442443734,49.473389075416321,0.572021484375,0.004168399958871305,rqmc,False,4096,3331052848,0,6.6613381477509392e-16,6.6613381477509392e-16,0.93030464331678475,1.0049999999999999,2,10,next-observation autocall principal redemption component only
57.237991474735608,49.466257746534559,0.572509765625,0.0038589999312534928,rqmc,False,4096,3264581688,0,6.6613381477509392e-16,6.6613381477509392e-16,0.93030464331678475,1.0049999999999999,2,11,next-observation autocall principal redemption component only
56.676595396305373,49.545301428793493,0.56689453125,0.0037675000494346023,rqmc,False,4096,1534023668,0,6.6613381477509392e-16,6.6613381477509392e-16,0.93030464331678475,1.0049999999999999,2,12,next-observation autocall principal redemption component only
57.18917442443734,49.473389075416321,0.572021484375,0.004339400096796453,rqmc,False,4096,4233894857,0,6.6613381477509392e-16,6.6613381477509392e-16,0.93030464331678475,1.0049999999999999,2,13,next-observation autocall principal redemption component only
57.262399999884757,49.462673624677407,0.57275390625,0.0032314000418409705,rqmc,False,4096,3744379804,0,6.6613381477509392e-16,6.6613381477509392e-16,0.93030464331678475,1.0049999999999999,2,14,next-observation autocall principal redemption component only
57.237991474735615,49.466257746534566,0.572509765625,0.0042515998939052224,rqmc,False,4096,1987489549,0,6.6613381477509392e-16,6.6613381477509392e-16,0.93030464331678475,1.0049999999999999,2,15,next-observation autocall principal redemption component only
57.134146987206961,10.611787071757012,0.57147108516671175,0.0040680000092834234,rqmc,True,4096,2610492767,0,6.6613381477509392e-16,6.6613381477509392e-16,0.93030464331678475,1.0049999999999999,2,0,next-observation autocall principal redemption component only
57.138701232665589,10.60713636253756,0.57151663795312047,0.0054676999570801854,rqmc,True,4096,1602400090,0,6.6613381477509392e-16,6.6613381477509392e-16,0.93030464331678475,1.0049999999999999,2,1,next-observation autocall principal redemption component only
57.137427586517575,10.604445015832999,0.5715038986022295,0.0054386999690905213,rqmc,True,4096,524561227,0,6.6613381477509392e-16,6.6613381477509392e-16,0.93030464331678475,1.0049999999999999,2,2,next-observation autocall principal redemption component only
57.13293128292716,10.6147695379514,0.57145892536595055,0.0053532000165432692,rqmc,True,4096,1768126281,0,6.6613381477509392e-16,6.6613381477509392e-16,0.93030464331678475,1.0049999999999999,2,3,next-observation autocall principal redemption component only
57.138543321145676,10.613430479791278,0.57151505847968109,0.0048245999496430159,rqmc,True,4096,204307334,0,6.6613381477509392e-16,6.6613381477509392e-16,0.93030464331678475,1.0049999999999999,2,4,next-observation autocall principal redemption component only
57.135737567503114,10.6163690527427,0.57148699457808516,0.0053074000170454383,rqmc,True,4096,378936623,0,6.6613381477509392e-16,6.6613381477509392e-16,0.93030464331678475,1.0049999999999999,2,5,next-observation autocall principal redemption component only
57.138850678190181,10.612472446008415,0.5715181327474006,0.0040376000106334686,rqmc,True,4096,3975054420,0,6.6613381477509392e-16,6.6613381477509392e-16,0.93030464331678475,1.0049999999999999,2,6,next-observation autocall principal redemption component only
57.137270114304187,10.607790620238056,0.57150232352285213,0.0046216999180614948,rqmc,True,4096,1214769266,0,6.6613381477509392e-16,6.6613381477509392e-16,0.93030464331678475,1.0049999999999999,2,7,next-observation autocall principal redemption component only
57.138172927278944,10.607482886829599,0.57151135370073347,0.0055059000151231885,rqmc,True,4096,3524558010,0,6.6613381477509392e-16,6.6613381477509392e-16,0.93030464331678475,1.0049999999999999,2,8,next-observation autocall principal redemption component only
57.139658480844645,10.608147097816278,0.57152621260653724,0.0044685000320896506,rqmc,True,4096,2791249023,0,6.6613381477509392e-16,6.6613381477509392e-16,0.93030464331678475,1.0049999999999999,2,9,next-observation autocall principal redemption component only
57.139248365480157,10.605443901848949,0.57152211052249902,0.0052015000255778432,rqmc,True,4096,3331052848,0,6.6613381477509392e-16,6.6613381477509392e-16,0.93030464331678475,1.0049999999999999,2,10,next-observation autocall principal redemption component only
57.139109041620564,10.608514796142595,0.57152071696783124,0.0055623999796807766,rqmc,True,4096,3264581688,0,6.6613381477509392e-16,6.6613381477509392e-16,0.93030464331678475,1.0049999999999999,2,11,next-observation autocall principal redemption component only
57.140345035203666,10.611915125736376,0.57153307970765399,0.0057427999563515186,rqmc,True,4096,1534023668,0,6.6613381477509392e-16,6.6613381477509392e-16,0.93030464331678475,1.0049999999999999,2,12,next-observation autocall principal redemption component only
57.138646709283293,10.61216776979056,0.5715160925956051,0.0046823000302538276,rqmc,True,4096,4233894857,0,6.6613381477509392e-16,6.6613381477509392e-16,0.93030464331678475,1.0049999999999999,2,13,next-observation autocall principal redemption component only
57.135640002387674,10.610588832763645,0.57148601870559324,0.0042819000082090497,rqmc,True,4096,3744379804,0,6.6613381477509392e-16,6.6613381477509392e-16,0.93030464331678475,1.0049999999999999,2,14,next-observation autocall principal redemption component only
57.133746400527357,10.622217730350231,0.57146707839113953,0.0048478998942300677,rqmc,True,4096,1987489549,0,6.6613381477509392e-16,6.6613381477509392e-16,0.93030464331678475,1.0049999999999999,2,15,next-observation autocall principal redemption component only
71.516978686983094,45.120888698560222,0.71533203125,0.0056872999994084239,rqmc,False,4096,3252253941,0,6.6613381477509392e-16,6.6613381477509392e-16,0.93030464331678475,1.02,2,0,next-observation autocall principal redemption component only
71.272893435491682,45.236567747922123,0.712890625,0.0037206000415608287,rqmc,False,4096,650613652,0,6.6613381477509392e-16,6.6613381477509392e-16,0.93030464331678475,1.02,2,1,next-observation autocall principal redemption component only
71.419344586386529,45.16735419450405,0.71435546875,0.0039464000146836042,rqmc,False,4096,310554143,0,6.6613381477509392e-16,6.6613381477509392e-16,0.93030464331678475,1.02,2,2,next-observation autocall principal redemption component only
71.419344586386529,45.16735419450405,0.71435546875,0.0039543999591842294,rqmc,False,4096,3535090165,0,6.6613381477509392e-16,6.6613381477509392e-16,0.93030464331678475,1.02,2,3,next-observation autocall principal redemption component only
71.663429837877942,45.050703764499154,0.716796875,0.0045920999255031347,rqmc,False,4096,755776316,0,6.6613381477509392e-16,6.6613381477509392e-16,0.93030464331678475,1.02,2,4,next-observation autocall principal redemption component only
71.590204262430518,45.085869367314594,0.716064453125,0.0047013000585138798,rqmc,False,4096,3568161449,0,6.6613381477509392e-16,6.6613381477509392e-16,0.93030464331678475,1.02,2,5,next-observation autocall principal redemption component only
71.297301960640823,45.225072453675487,0.713134765625,0.0056294000241905451,rqmc,False,4096,4129446126,0,6.6613381477509392e-16,6.6613381477509392e-16,0.93030464331678475,1.02,2,6,next-observation autocall principal redemption component only
71.297301960640823,45.225072453675487,0.713134765625,0.0052329000318422914,rqmc,False,4096,2664040921,0,6.6613381477509392e-16,6.6613381477509392e-16,0.93030464331678475,1.02,2,7,next-observation autocall principal redemption component only
71.590204262430518,45.085869367314594,0.716064453125,0.004370399983599782,rqmc,False,4096,816229928,0,6.6613381477509392e-16,6.6613381477509392e-16,0.93030464331678475,1.02,2,8,next-observation autocall principal redemption component only
71.541387212132236,45.109231819483881,0.715576171875,0.0040985000086948276,rqmc,False,4096,3493837585,0,6.6613381477509392e-16,6.6613381477509392e-16,0.93030464331678475,1.02,2,9,next-observation autocall principal redemption component only
71.370527536088247,45.190489905119193,0.7138671875,0.0040367000037804246,rqmc,False,4096,3622434927,0,6.6613381477509392e-16,6.6613381477509392e-16,0.93030464331678475,1.02,2,10,next-observation autocall principal redemption component only
71.297301960640823,45.225072453675487,0.713134765625,0.0045317999320104718,rqmc,False,4096,1011658918,0,6.6613381477509392e-16,6.6613381477509392e-16,0.93030464331678475,1.02,2,11,next-observation autocall principal redemption component only
71.419344586386529,45.16735419450405,0.71435546875,0.0045567000051960349,rqmc,False,4096,841980248,0,6.6613381477509392e-16,6.6613381477509392e-16,0.93030464331678475,1.02,2,12,next-observation autocall principal redemption component only
71.346119010939105,45.202033544591366,0.713623046875,0.0041722999885678291,rqmc,False,4096,4282787225,0,6.6613381477509392e-16,6.6613381477509392e-16,0.93030464331678475,1.02,2,13,next-observation autocall principal redemption component only
71.492570161833953,45.132529363072557,0.715087890625,0.0038595000514760613,rqmc,False,4096,2526536945,0,6.6613381477509392e-16,6.6613381477509392e-16,0.93030464331678475,1.02,2,14,next-observation autocall principal redemption component only
71.394936061237388,45.17893012588744,0.714111328125,0.0045558999991044402,rqmc,False,4096,1572012607,0,6.6613381477509392e-16,6.6613381477509392e-16,0.93030464331678475,1.02,2,15,next-observation autocall principal redemption component only
71.455905392469191,10.189497909352614,0.7147211597531633,0.0053530000150203705,rqmc,True,4096,3252253941,0,6.6613381477509392e-16,6.6613381477509392e-16,0.93030464331678475,1.02,2,0,next-observation autocall principal redemption component only
71.451079546591387,10.201584881295544,0.71467289034640635,0.0046307999873533845,rqmc,True,4096,650613652,0,6.6613381477509392e-16,6.6613381477509392e-16,0.93030464331678475,1.02,2,1,next-observation autocall principal redemption component only
71.45515816973068,10.19132236714016,0.71471368583061867,0.0047229999909177423,rqmc,True,4096,310554143,0,6.6613381477509392e-16,6.6613381477509392e-16,0.93030464331678475,1.02,2,2,next-observation autocall principal redemption component only
71.451376348123716,10.206578650838392,0.71467585903505748,0.0047135000349953771,rqmc,True,4096,3535090165,0,6.6613381477509392e-16,6.6613381477509392e-16,0.93030464331678475,1.02,2,3,next-observation autocall principal redemption component only
71.455038888288499,10.191114131578518,0.71471249274559323,0.0059853000566363335,rqmc,True,4096,755776316,0,6.6613381477509392e-16,6.6613381477509392e-16,0.93030464331678475,1.02,2,4,next-observation autocall principal redemption component only
71.45447400854718,10.193638224605673,0.71470684266668627,0.0049911000533029437,rqmc,True,4096,3568161449,0,6.6613381477509392e-16,6.6613381477509392e-16,0.93030464331678475,1.02,2,5,next-observation autocall principal redemption component only
71.453736720043679,10.191752349509095,0.71469946810902862,0.0048745000967755914,rqmc,True,4096,4129446126,0,6.6613381477509392e-16,6.6613381477509392e-16,0.93030464331678475,1.02,2,6,next-observation autocall principal redemption component only
71.453694235093323,10.196972329127682,0.71469904316314303,0.0055312999757006764,rqmc,True,4096,2664040921,0,6.6613381477509392e-16,6.6613381477509392e-16,0.93030464331678475,1.02,2,7,next-observation autocall principal redemption component only
71.455391590643828,10.189879488098944,0.71471602056929195,0.0053368000080808997,rqmc,True,4096,816229928,0,6.6613381477509392e-16,6.6613381477509392e-16,0.93030464331678475,1.02,2,8,next-observation autocall principal redemption component only
71.455208473730153,10.196203967484735,0.71471418898473371,0.0054601000156253576,rqmc,True,4096,3493837585,0,6.6613381477509392e-16,6.6613381477509392e-16,0.93030464331678475,1.02,2,9,next-observation autocall principal redemption component only
71.451911603522262,10.196071739189533,0.71468121280333063,0.005220100050792098,rqmc,True,4096,3622434927,0,6.6613381477509392e-16,6.6613381477509392e-16,0.93030464331678475,1.02,2,10,next-observation autocall principal redemption component only
71.455843867653613,10.188533480220549,0.71472054436543142,0.0050524999387562275,rqmc,True,4096,1011658918,0,6.6613381477509392e-16,6.6613381477509392e-16,0.93030464331678475,1.02,2,11,next-observation autocall principal redemption component only
71.454754287540197,10.192014238331451,0.71470964609246113,0.0045304000377655029,rqmc,True,4096,841980248,0,6.6613381477509392e-16,6.6613381477509392e-16,0.93030464331678475,1.02,2,12,next-observation autocall principal redemption component only
71.454102652154091,10.191748244341508,0.71470312826029114,0.0050038999179378152,rqmc,True,4096,4282787225,0,6.6613381477509392e-16,6.6613381477509392e-16,0.93030464331678475,1.02,2,13,next-observation autocall principal redemption component only
71.45397537731661,10.195891193420438,0.71470185522317919,0.0043499000603333116,rqmc,True,4096,2526536945,0,6.6613381477509392e-16,6.6613381477509392e-16,0.93030464331678475,1.02,2,14,next-observation autocall principal redemption component only
71.45459696287368,10.190124912489415,0.71470807248888724,0.0058326999424025416,rqmc,True,4096,1572012607,0,6.6613381477509392e-16,6.6613381477509392e-16,0.93030464331678475,1.02,2,15,next-observation autocall principal redemption component only
29.421020182016132,45.523001056523228,0.294677734375,0.0044417999451979995,rqmc,False,4096,1100096918,0,6.6613381477509392e-16,6.6613381477509392e-16,0.93030464331678475,0.97999999999999998,14,0,next-observation autocall principal redemption component only
29.201642235339957,45.423550587031563,0.29248046875,0.0042661000043153763,rqmc,False,4096,311239076,0,6.6613381477509392e-16,6.6613381477509392e-16,0.93030464331678475,0.97999999999999998,14,1,next-observation autocall principal redemption component only
29.713524110917703,45.653624509434721,0.297607421875,0.0025581000372767448,rqmc,False,4096,3382237836,0,6.6613381477509392e-16,6.6613381477509392e-16,0.93030464331678475,0.97999999999999998,14,2,next-observation autocall principal redemption component only
29.299143544973813,45.467908358819699,0.29345703125,0.004101000027731061,rqmc,False,4096,27529666,0,6.6613381477509392e-16,6.6613381477509392e-16,0.93030464331678475,0.97999999999999998,14,3,next-observation autocall principal redemption component only
29.421020182016132,45.523001056523228,0.294677734375,0.0038046000991016626,rqmc,False,4096,3625585014,0,6.6613381477509392e-16,6.6613381477509392e-16,0.93030464331678475,0.97999999999999998,14,4,next-observation autocall principal redemption component only
29.421020182016132,45.523001056523228,0.294677734375,0.0043299999088048935,rqmc,False,4096,2999782231,0,6.6613381477509392e-16,6.6613381477509392e-16,0.93030464331678475,0.97999999999999998,14,5,next-observation autocall principal redemption component only
29.372269527199208,45.501011166080879,0.294189453125,0.0050793999107554555,rqmc,False,4096,811755248,0,6.6613381477509392e-16,6.6613381477509392e-16,0.93030464331678475,0.97999999999999998,14,6,next-observation autocall principal redemption component only
29.4453955094246,45.533972441632805,0.294921875,0.0042880999390035868,rqmc,False,4096,4199825573,0,6.6613381477509392e-16,6.6613381477509392e-16,0.93030464331678475,0.97999999999999998,14,7,next-observation autocall principal redemption component only
29.201642235339961,45.423550587031563,0.29248046875,0.0044252000516280532,rqmc,False,4096,4091336737,0,6.6613381477509392e-16,6.6613381477509392e-16,0.93030464331678475,0.97999999999999998,14,8,next-observation autocall principal redemption component only
29.201642235339953,45.423550587031556,0.29248046875,0.0048125999746844172,rqmc,False,4096,2523651737,0,6.6613381477509392e-16,6.6613381477509392e-16,0.93030464331678475,0.97999999999999998,14,9,next-observation autocall principal redemption component only
29.177266907931493,45.412421657249958,0.292236328125,0.0047049999702721834,rqmc,False,4096,1195460931,0,6.6613381477509392e-16,6.6613381477509392e-16,0.93030464331678475,0.97999999999999998,14,10,next-observation autocall principal redemption component only
29.372269527199208,45.501011166080879,0.294189453125,0.0040545000229030848,rqmc,False,4096,2334628810,0,6.6613381477509392e-16,6.6613381477509392e-16,0.93030464331678475,0.97999999999999998,14,11,next-observation autocall principal redemption component only
29.567272146466919,45.58859421917721,0.296142578125,0.0036099000135436654,rqmc,False,4096,1858862965,0,6.6613381477509392e-16,6.6613381477509392e-16,0.93030464331678475,0.97999999999999998,14,12,next-observation autocall principal redemption component only
29.591647473875383,45.599471623954202,0.29638671875,0.0047578000230714679,rqmc,False,4096,1167277041,0,6.6613381477509392e-16,6.6613381477509392e-16,0.93030464331678475,0.97999999999999998,14,13,next-observation autocall principal redemption component only
29.250392890156885,45.445761039243678,0.29296875,0.0048187000211328268,rqmc,False,4096,3996799507,0,6.6613381477509392e-16,6.6613381477509392e-16,0.93030464331678475,0.97999999999999998,14,14,next-observation autocall principal redemption component only
29.542896819058456,45.577701179133975,0.2958984375,0.0033799000084400177,rqmc,False,4096,3596141806,0,6.6613381477509392e-16,6.6613381477509392e-16,0.93030464331678475,0.97999999999999998,14,15,next-observation autocall principal redemption component only
29.41622209898879,9.9601373359427328,0.29462967729787981,0.0041255999822169542,rqmc,True,4096,1100096918,0,6.6613381477509392e-16,6.6613381477509392e-16,0.93030464331678475,0.97999999999999998,14,0,next-observation autocall principal redemption component only
29.417695836718089,9.9628419250666251,0.29464443809449553,0.0056088001001626253,rqmc,True,4096,311239076,0,6.6613381477509392e-16,6.6613381477509392e-16,0.93030464331678475,0.97999999999999998,14,1,next-observation autocall principal redemption component only
29.415169147685123,9.9593865892130307,0.29461913105228221,0.0049750000471249223,rqmc,True,4096,3382237836,0,6.6613381477509392e-16,6.6613381477509392e-16,0.93030464331678475,0.97999999999999998,14,2,next-observation autocall principal redemption component only
29.417444064677717,9.9619724120617086,0.29464191637315562,0.0035693999379873276,rqmc,True,4096,27529666,0,6.6613381477509392e-16,6.6613381477509392e-16,0.93030464331678475,0.97999999999999998,14,3,next-observation autocall principal redemption component only
29.416141584886049,9.960878029337831,0.29462887087739431,0.0053944000974297523,rqmc,True,4096,3625585014,0,6.6613381477509392e-16,6.6613381477509392e-16,0.93030464331678475,0.97999999999999998,14,4,next-observation autocall principal redemption component only
29.415326532375474,9.9609797340586184,0.29462070740020252,0.0043227999703958631,rqmc,True,4096,2999782231,0,6.6613381477509392e-16,6.6613381477509392e-16,0.93030464331678475,0.97999999999999998,14,5,next-observation autocall principal redemption component only
29.41752685506215,9.9574966599914809,0.29464274559263071,0.0060873999027535319,rqmc,True,4096,811755248,0,6.6613381477509392e-16,6.6613381477509392e-16,0.93030464331678475,0.97999999999999998,14,6,next-observation autocall principal redemption component only
29.414758390134836,9.9601938977507523,0.29461501694938752,0.0051926999585703015,rqmc,True,4096,4199825573,0,6.6613381477509392e-16,6.6613381477509392e-16,0.93030464331678475,0.97999999999999998,14,7,next-observation autocall principal redemption component only
29.415394230734051,9.9567475813558168,0.29462138545959016,0.0051622999599203467,rqmc,True,4096,4091336737,0,6.6613381477509392e-16,6.6613381477509392e-16,0.93030464331678475,0.97999999999999998,14,8,next-observation autocall principal redemption component only
29.415540298276426,9.9576237778027963,0.29462284845618869,0.0062644000863656402,rqmc,True,4096,2523651737,0,6.6613381477509392e-16,6.6613381477509392e-16,0.93030464331678475,0.97999999999999998,14,9,next-observation autocall principal redemption component only
29.415463112582145,9.9596009549648468,0.29462207537267981,0.0042671000119298697,rqmc,True,4096,1195460931,0,6.6613381477509392e-16,6.6613381477509392e-16,0.93030464331678475,0.97999999999999998,14,10,next-observation autocall principal redemption component only
29.416491630149807,9.9582398634828486,0.29463237689263833,0.0054369999561458826,rqmc,True,4096,2334628810,0,6.6613381477509392e-16,6.6613381477509392e-16,0.93030464331678475,0.97999999999999998,14,11,next-observation autocall principal redemption component only
29.417542586495728,9.9599777699369394,0.2946429031569564,0.005935699911788106,rqmc,True,4096,1858862965,0,6.6613381477509392e-16,6.6613381477509392e-16,0.93030464331678475,0.97999999999999998,14,12,next-observation autocall principal redemption component only
29.417970243410991,9.9610362388796574,0.29464718652205046,0.003975300001911819,rqmc,True,4096,1167277041,0,6.6613381477509392e-16,6.6613381477509392e-16,0.93030464331678475,0.97999999999999998,14,13,next-observation autocall principal redemption component only
29.418165244043458,9.9614445976076631,0.29464913962715089,0.0054616000270470977,rqmc,True,4096,3996799507,0,6.6613381477509392e-16,6.6613381477509392e-16,0.93030464331678475,0.97999999999999998,14,14,next-observation autocall principal redemption component only
29.414380865646208,9.9576694669391852,0.29461123570521952,0.0052214999450370669,rqmc,True,4096,3596141806,0,6.6613381477509392e-16,6.6613381477509392e-16,0.93030464331678475,0.97999999999999998,14,15,next-observation autocall principal redemption component only
39.049274508359446,48.728490623735532,0.39111328125,0.0046653000172227621,rqmc,False,4096,1722829057,0,6.6613381477509392e-16,6.6613381477509392e-16,0.93030464331678475,0.995,14,0,next-observation autocall principal redemption component only
39.000523853542518,48.717586014340029,0.390625,0.0036545998882502317,rqmc,False,4096,2306789519,0,6.6613381477509392e-16,6.6613381477509392e-16,0.93030464331678475,0.995,14,1,next-observation autocall principal redemption component only
39.414904419486405,48.808645105766765,0.394775390625,0.0046541999327018857,rqmc,False,4096,1215936840,0,6.6613381477509392e-16,6.6613381477509392e-16,0.93030464331678475,0.995,14,2,next-observation autocall principal redemption component only
39.219901800218693,48.766253673741382,0.392822265625,0.0036382999969646335,rqmc,False,4096,1986855436,0,6.6613381477509392e-16,6.6613381477509392e-16,0.93030464331678475,0.995,14,3,next-observation autocall principal redemption component only
39.171151145401765,48.755528162618205,0.392333984375,0.0053444000659510493,rqmc,False,4096,3747563494,0,6.6613381477509392e-16,6.6613381477509392e-16,0.93030464331678475,0.995,14,4,next-observation autocall principal redemption component only
38.903022543908655,48.69562301704935,0.3896484375,0.0047203999711200595,rqmc,False,4096,3953875848,0,6.6613381477509392e-16,6.6613381477509392e-16,0.93030464331678475,0.995,14,5,next-observation autocall principal redemption component only
39.146775817993301,48.750146236015532,0.39208984375,0.0031207000138238072,rqmc,False,4096,3240894089,0,6.6613381477509392e-16,6.6613381477509392e-16,0.93030464331678475,0.995,14,6,next-observation autocall principal redemption component only
39.122400490584837,48.744751523077674,0.391845703125,0.0043489000527188182,rqmc,False,4096,1140071407,0,6.6613381477509392e-16,6.6613381477509392e-16,0.93030464331678475,0.995,14,7,next-observation autocall principal redemption component only
39.341778437261013,48.792843985593912,0.39404296875,0.0034772000508382916,rqmc,False,4096,569405887,0,6.6613381477509392e-16,6.6613381477509392e-16,0.93030464331678475,0.995,14,8,next-observation autocall principal redemption component only
38.95177319872559,48.70663015697474,0.39013671875,0.0040972999995574355,rqmc,False,4096,1053799888,0,6.6613381477509392e-16,6.6613381477509392e-16,0.93030464331678475,0.995,14,9,next-observation autocall principal redemption component only
39.219901800218693,48.766253673741382,0.392822265625,0.004070499911904335,rqmc,False,4096,3363424634,0,6.6613381477509392e-16,6.6613381477509392e-16,0.93030464331678475,0.995,14,10,next-observation autocall principal redemption component only
39.317403109852549,48.787551445456486,0.393798828125,0.0048937000101432204,rqmc,False,4096,2434419188,0,6.6613381477509392e-16,6.6613381477509392e-16,0.93030464331678475,0.995,14,11,next-observation autocall principal redemption component only
39.195526472810229,48.760897307119514,0.392578125,0.0043339000549167395,rqmc,False,4096,1259789725,0,6.6613381477509392e-16,6.6613381477509392e-16,0.93030464331678475,0.995,14,12,next-observation autocall principal redemption component only
39.146775817993301,48.750146236015532,0.39208984375,0.0046679000370204449,rqmc,False,4096,1995293053,0,6.6613381477509392e-16,6.6613381477509392e-16,0.93030464331678475,0.995,14,13,next-observation autocall principal redemption component only
39.195526472810229,48.760897307119514,0.392578125,0.0042773999739438295,rqmc,False,4096,330131289,0,6.6613381477509392e-16,6.6613381477509392e-16,0.93030464331678475,0.995,14,14,next-observation autocall principal redemption component only
39.098025163176374,48.739344019558864,0.3916015625,0.0041706000920385122,rqmc,False,4096,4176885100,0,6.6613381477509392e-16,6.6613381477509392e-16,0.93030464331678475,0.995,14,15,next-observation autocall principal redemption component only
39.207764321219102,9.7199415840070902,0.39270069795703688,0.0045343000674620271,rqmc,True,4096,1722829057,0,6.6613381477509392e-16,6.6613381477509392e-16,0.93030464331678475,0.995,14,0,next-observation autocall principal redemption component only
39.209061054696889,9.7214393752618875,0.3927136858983441,0.0053428999381139874,rqmc,True,4096,2306789519,0,6.6613381477509392e-16,6.6613381477509392e-16,0.93030464331678475,0.995,14,1,next-observation autocall principal redemption component only
39.206159300585412,9.7274596067802115,0.39268462224514672,0.0049605000531300902,rqmc,True,4096,1215936840,0,6.6613381477509392e-16,6.6613381477509392e-16,0.93030464331678475,0.995,14,2,next-observation autocall principal redemption component only
39.205320806550901,9.7242452557359371,0.39267622398020385,0.0041399000911042094,rqmc,True,4096,1986855436,0,6.6613381477509392e-16,6.6613381477509392e-16,0.93030464331678475,0.995,14,3,next-observation autocall principal redemption component only
39.208731092239702,9.7300849087421781,0.39271038103030387,0.0043562999926507473,rqmc,True,4096,3747563494,0,6.6613381477509392e-16,6.6613381477509392e-16,0.93030464331678475,0.995,14,4,next-observation autocall principal redemption component only
39.205228546121518,9.7261306035264496,0.39267529990978978,0.003760599996894598,rqmc,True,4096,3953875848,0,6.6613381477509392e-16,6.6613381477509392e-16,0.93030464331678475,0.995,14,5,next-observation autocall principal redemption component only
39.206576088319025,9.7215469569836443,0.39268879674570101,0.0050108999712392688,rqmc,True,4096,3240894089,0,6.6613381477509392e-16,6.6613381477509392e-16,0.93030464331678475,0.995,14,6,next-observation autocall principal redemption component only
39.208184618354736,9.7238446137335455,0.39270490760737964,0.0052389999618753791,rqmc,True,4096,1140071407,0,6.6613381477509392e-16,6.6613381477509392e-16,0.93030464331678475,0.995,14,7,next-observation autocall principal redemption component only
39.208752426238092,9.7218084169101928,0.39271059470930858,0.0039420999819412827,rqmc,True,4096,569405887,0,6.6613381477509392e-16,6.6613381477509392e-16,0.93030464331678475,0.995,14,8,next-observation autocall principal redemption component only
39.206614870021916,9.7218139692566083,0.39268918517901413,0.0045396999921649694,rqmc,True,4096,1053799888,0,6.6613381477509392e-16,6.6613381477509392e-16,0.93030464331678475,0.995,14,9,next-observation autocall principal redemption component only
39.209142167558724,9.7230194932708756,0.39271449831593552,0.004909499897621572,rqmc,True,4096,3363424634,0,6.6613381477509392e-16,6.6613381477509392e-16,0.93030464331678475,0.995,14,10,next-observation autocall principal redemption component only
39.207112062751932,9.7256786114101494,0.39269416500725662,0.005296100047416985,rqmc,True,4096,2434419188,0,6.6613381477509392e-16,6.6613381477509392e-16,0.93030464331678475,0.995,14,11,next-observation autocall principal redemption component only
39.204780017433229,9.7259213971569967,0.39267080749528993,0.0049195000901818275,rqmc,True,4096,1259789725,0,6.6613381477509392e-16,6.6613381477509392e-16,0.93030464331678475,0.995,14,12,next-observation autocall principal redemption component only
39.207553824789017,9.7246151001359014,0.39269858964771492,0.0050426999805495143,rqmc,True,4096,1995293053,0,6.6613381477509392e-16,6.6613381477509392e-16,0.93030464331678475,0.995,14,13,next-observation autocall principal redemption component only
39.208432101060069,9.7234775569383558,0.39270738636720692,0.0055746999569237232,rqmc,True,4096,330131289,0,6.6613381477509392e-16,6.6613381477509392e-16,0.93030464331678475,0.995,14,14,next-observation autocall principal redemption component only
39.206585435840573,9.7275364033149092,0.39268889036945887,0.0039647000376135111,rqmc,True,4096,4176885100,0,6.6613381477509392e-16,6.6613381477509392e-16,0.93030464331678475,0.995,14,15,next-observation autocall principal redemption component only
41.949938469966668,49.286243791298908,0.420166015625,0.0049465000629425049,rqmc,False,4096,2581442785,0,6.6613381477509392e-16,6.6613381477509392e-16,0.93030464331678475,1,14,0,next-observation autocall principal redemption component only
42.413069690727482,49.358931074507218,0.4248046875,0.0039909000042825937,rqmc,False,4096,2170552201,0,6.6613381477509392e-16,6.6613381477509392e-16,0.93030464331678475,1,14,1,next-observation autocall principal redemption component only
42.218067071459771,49.328869060967975,0.4228515625,0.0047814999707043171,rqmc,False,4096,987765067,0,6.6613381477509392e-16,6.6613381477509392e-16,0.93030464331678475,1,14,2,next-observation autocall principal redemption component only
42.120565761825915,49.313541947031084,0.421875,0.0035855000605806708,rqmc,False,4096,2446352321,0,6.6613381477509392e-16,6.6613381477509392e-16,0.93030464331678475,1,14,3,next-observation autocall principal redemption component only
42.388694363319019,49.355216468796201,0.424560546875,0.0040250999154523015,rqmc,False,4096,1706563929,0,6.6613381477509392e-16,6.6613381477509392e-16,0.93030464331678475,1,14,4,next-observation autocall principal redemption component only
42.339943708502091,49.347750289138908,0.424072265625,0.0040937000885605812,rqmc,False,4096,236302530,0,6.6613381477509392e-16,6.6613381477509392e-16,0.93030464331678475,1,14,5,next-observation autocall principal redemption component only
42.193691744051307,49.325055802006233,0.422607421875,0.0031169001013040543,rqmc,False,4096,4006676423,0,6.6613381477509392e-16,6.6613381477509392e-16,0.93030464331678475,1,14,6,next-observation autocall principal redemption component only
42.120565761825915,49.313541947031084,0.421875,0.0041020999196916819,rqmc,False,4096,109557060,0,6.6613381477509392e-16,6.6613381477509392e-16,0.93030464331678475,1,14,7,next-observation autocall principal redemption component only
41.925563142558204,49.282294583910243,0.419921875,0.0044932999880984426,rqmc,False,4096,3900392346,0,6.6613381477509392e-16,6.6613381477509392e-16,0.93030464331678475,1,14,8,next-observation autocall principal redemption component only
42.291193053685163,49.340234799839081,0.423583984375,0.0046510000247508287,rqmc,False,4096,1035027259,0,6.6613381477509392e-16,6.6613381477509392e-16,0.93030464331678475,1,14,9,next-observation autocall principal redemption component only
41.803686505515884,49.262362838222799,0.418701171875,0.0040104000363498926,rqmc,False,4096,4161147790,0,6.6613381477509392e-16,6.6613381477509392e-16,0.93030464331678475,1,14,10,next-observation autocall principal redemption component only
42.096190434417451,49.309679293066438,0.421630859375,0.0040401000296697021,rqmc,False,4096,3535159973,0,6.6613381477509392e-16,6.6613381477509392e-16,0.93030464331678475,1,14,11,next-observation autocall principal redemption component only
42.047439779600523,49.301916914273505,0.421142578125,0.0044239000417292118,rqmc,False,4096,3456427185,0,6.6613381477509392e-16,6.6613381477509392e-16,0.93030464331678475,1,14,12,next-observation autocall principal redemption component only
42.096190434417451,49.309679293066431,0.421630859375,0.0046058000298216939,rqmc,False,4096,4005432099,0,6.6613381477509392e-16,6.6613381477509392e-16,0.93030464331678475,1,14,13,next-observation autocall principal redemption component only
42.291193053685163,49.340234799839081,0.423583984375,0.0036708998959511518,rqmc,False,4096,3924928784,0,6.6613381477509392e-16,6.6613381477509392e-16,0.93030464331678475,1,14,14,next-observation autocall principal redemption component only
42.193691744051307,49.32505580200624,0.422607421875,0.0039341000374406576,rqmc,False,4096,1390116738,0,6.6613381477509392e-16,6.6613381477509392e-16,0.93030464331678475,1,14,15,next-observation autocall principal redemption component only
42.115319236586302,9.5833306419422222,0.42182245137451435,0.0042067999020218849,rqmc,True,4096,2581442785,0,6.6613381477509392e-16,6.6613381477509392e-16,0.93030464331678475,1,14,0,next-observation autocall principal redemption component only
42.113492014936519,9.5871186068047667,0.42180415012144334,0.0055249000433832407,rqmc,True,4096,2170552201,0,6.6613381477509392e-16,6.6613381477509392e-16,0.93030464331678475,1,14,1,next-observation autocall principal redemption component only
42.11446044017471,9.5787154982115652,0.42181384976317349,0.0051305999513715506,rqmc,True,4096,987765067,0,6.6613381477509392e-16,6.6613381477509392e-16,0.93030464331678475,1,14,2,next-observation autocall principal redemption component only
42.113232163384374,9.583658347755625,0.42180154747659326,0.0048830000450834632,rqmc,True,4096,2446352321,0,6.6613381477509392e-16,6.6613381477509392e-16,0.93030464331678475,1,14,3,next-observation autocall principal redemption component only
42.116783596675603,9.5818251150352705,0.42183711824570902,0.0046717999503016472,rqmc,True,4096,1706563929,0,6.6613381477509392e-16,6.6613381477509392e-16,0.93030464331678475,1,14,4,next-observation autocall principal redemption component only
42.116486079171807,9.5873778246589776,0.42183413834278882,0.0047583999112248421,rqmc,True,4096,236302530,0,6.6613381477509392e-16,6.6613381477509392e-16,0.93030464331678475,1,14,5,next-observation autocall principal redemption component only
42.117053353053244,9.5828136123825995,0.42183982009621263,0.0053100000368431211,rqmc,True,4096,4006676423,0,6.6613381477509392e-16,6.6613381477509392e-16,0.93030464331678475,1,14,6,next-observation autocall principal redemption component only
42.116353948358011,9.5866221875618916,0.42183281493494607,0.0050634000217542052,rqmc,True,4096,109557060,0,6.6613381477509392e-16,6.6613381477509392e-16,0.93030464331678475,1,14,7,next-observation autocall principal redemption component only
42.114372922317074,9.5828750867948003,0.42181297319384159,0.0058759999228641391,rqmc,True,4096,3900392346,0,6.6613381477509392e-16,6.6613381477509392e-16,0.93030464331678475,1,14,8,next-observation autocall principal redemption component only
42.111618223026035,9.5854749375727959,0.42178538242571229,0.0047452000435441732,rqmc,True,4096,1035027259,0,6.6613381477509392e-16,6.6613381477509392e-16,0.93030464331678475,1,14,9,next-observation autocall principal redemption component only
42.114262883495762,9.5851744287551508,0.42181187105698986,0.0047639000695198774,rqmc,True,4096,4161147790,0,6.6613381477509392e-16,6.6613381477509392e-16,0.93030464331678475,1,14,10,next-observation autocall principal redemption component only
42.113132581559022,9.585388786802163,0.42180055007587441,0.0061252000741660595,rqmc,True,4096,3535159973,0,6.6613381477509392e-16,6.6613381477509392e-16,0.93030464331678475,1,14,11,next-observation autocall principal redemption component only
42.113595383197755,9.5848690925692637,0.42180518544669166,0.0050156000070273876,rqmc,True,4096,3456427185,0,6.6613381477509392e-16,6.6613381477509392e-16,0.93030464331678475,1,14,12,next-observation autocall principal redemption component only
42.112822824589756,9.5803167063971273,0.42179744758380078,0.0049410000210627913,rqmc,True,4096,4005432099,0,6.6613381477509392e-16,6.6613381477509392e-16,0.93030464331678475,1,14,13,next-observation autocall principal redemption component only
42.114278801883884,9.5803526139638961,0.42181203049383198,0.0048858999507501721,rqmc,True,4096,3924928784,0,6.6613381477509392e-16,6.6613381477509392e-16,0.93030464331678475,1,14,14,next-observation autocall principal redemption component only
42.113965302777174,9.5794078816100097,0.42180889052091719,0.0057207000209018588,rqmc,True,4096,1390116738,0,6.6613381477509392e-16,6.6613381477509392e-16,0.93030464331678475,1,14,15,next-observation autocall principal redemption component only
44.948103741207746,49.678460650924798,0.4501953125,0.0054234999697655439,rqmc,False,4096,3847514765,0,6.6613381477509392e-16,6.6613381477509392e-16,0.93030464331678475,1.0049999999999999,14,0,next-observation autocall principal redemption component only
44.801851776756962,49.663600426003356,0.44873046875,0.0040063000051304698,rqmc,False,4096,264723820,0,6.6613381477509392e-16,6.6613381477509392e-16,0.93030464331678475,1.0049999999999999,14,1,next-observation autocall principal redemption component only
44.558098502672323,49.637865687920865,0.4462890625,0.004003099980764091,rqmc,False,4096,681966404,0,6.6613381477509392e-16,6.6613381477509392e-16,0.93030464331678475,1.0049999999999999,14,2,next-observation autocall principal redemption component only
44.606849157489251,49.643109474762682,0.44677734375,0.0040067000081762671,rqmc,False,4096,3723542384,0,6.6613381477509392e-16,6.6613381477509392e-16,0.93030464331678475,1.0049999999999999,14,3,next-observation autocall principal redemption component only
44.655599812306178,49.648304826862294,0.447265625,0.0041805000510066748,rqmc,False,4096,2946316767,0,6.6613381477509392e-16,6.6613381477509392e-16,0.93030464331678475,1.0049999999999999,14,4,next-observation autocall principal redemption component only
44.387471210813075,49.619130787399548,0.444580078125,0.0056922000367194414,rqmc,False,4096,1783853052,0,6.6613381477509392e-16,6.6613381477509392e-16,0.93030464331678475,1.0049999999999999,14,5,next-observation autocall principal redemption component only
44.972479068616209,49.680895054628593,0.450439453125,0.0051719999173656106,rqmc,False,4096,3265000344,0,6.6613381477509392e-16,6.6613381477509392e-16,0.93030464331678475,1.0049999999999999,14,6,next-observation autocall principal redemption component only
44.606849157489251,49.643109474762682,0.44677734375,0.004954200005158782,rqmc,False,4096,3501975073,0,6.6613381477509392e-16,6.6613381477509392e-16,0.93030464331678475,1.0049999999999999,14,7,next-observation autocall principal redemption component only
44.558098502672323,49.637865687920865,0.4462890625,0.0054665000643581152,rqmc,False,4096,3350356824,0,6.6613381477509392e-16,6.6613381477509392e-16,0.93030464331678475,1.0049999999999999,14,8,next-observation autocall principal redemption component only
44.899353086390818,49.673555593175834,0.44970703125,0.0043675999622792006,rqmc,False,4096,4059947829,0,6.6613381477509392e-16,6.6613381477509392e-16,0.93030464331678475,1.0049999999999999,14,9,next-observation autocall principal redemption component only
44.899353086390818,49.673555593175834,0.44970703125,0.004268100019544363,rqmc,False,4096,16304490,0,6.6613381477509392e-16,6.6613381477509392e-16,0.93030464331678475,1.0049999999999999,14,10,next-observation autocall principal redemption component only
44.874977758982354,49.671084935550951,0.449462890625,0.0047774999402463436,rqmc,False,4096,1310118838,0,6.6613381477509392e-16,6.6613381477509392e-16,0.93030464331678475,1.0049999999999999,14,11,next-observation autocall principal redemption component only
44.72872579453157,49.656007073087281,0.447998046875,0.0038303999463096261,rqmc,False,4096,763772524,0,6.6613381477509392e-16,6.6613381477509392e-16,0.93030464331678475,1.0049999999999999,14,12,next-observation autocall principal redemption component only
44.582473830080787,49.640493636640556,0.446533203125,0.0038939000805839896,rqmc,False,4096,726317374,0,6.6613381477509392e-16,6.6613381477509392e-16,0.93030464331678475,1.0049999999999999,14,13,next-observation autocall principal redemption component only
44.972479068616209,49.680895054628593,0.450439453125,0.0033592999679967761,rqmc,False,4096,203584653,0,6.6613381477509392e-16,6.6613381477509392e-16,0.93030464331678475,1.0049999999999999,14,14,next-observation autocall principal redemption component only
44.85060243157389,49.66860218969066,0.44921875,0.0049206999829038978,rqmc,False,4096,1853230037,0,6.6613381477509392e-16,6.6613381477509392e-16,0.93030464331678475,1.0049999999999999,14,15,next-observation autocall principal redemption component only
44.745114970044952,9.5238553863093571,0.44816219907226162,0.0051527000032365322,rqmc,True,4096,3847514765,0,6.6613381477509392e-16,6.6613381477509392e-16,0.93030464331678475,1.0049999999999999,14,0,next-observation autocall principal redemption component only
44.742705865618021,9.5279902148798694,0.4481380697446582,0.0041156999068334699,rqmc,True,4096,264723820,0,6.6613381477509392e-16,6.6613381477509392e-16,0.93030464331678475,1.0049999999999999,14,1,next-observation autocall principal redemption component only
44.742887508969382,9.5249744682082458,0.44813988906468555,0.0048119999701157212,rqmc,True,4096,681966404,0,6.6613381477509392e-16,6.6613381477509392e-16,0.93030464331678475,1.0049999999999999,14,2,next-observation autocall principal redemption component only
44.74085232296337,9.5240379430842523,0.44811950486326857,0.0043791000498458743,rqmc,True,4096,3723542384,0,6.6613381477509392e-16,6.6613381477509392e-16,0.93030464331678475,1.0049999999999999,14,3,next-observation autocall principal redemption component only
44.743244304377704,9.524097648631507,0.44814346268864247,0.0045587000204250216,rqmc,True,4096,2946316767,0,6.6613381477509392e-16,6.6613381477509392e-16,0.93030464331678475,1.0049999999999999,14,4,next-observation autocall principal redemption component only
44.74218228975522,9.5219573395436505,0.44813282566583057,0.0057667000219225883,rqmc,True,4096,1783853052,0,6.6613381477509392e-16,6.6613381477509392e-16,0.93030464331678475,1.0049999999999999,14,5,next-observation autocall principal redemption component only
44.741065573281524,9.5245623909438883,0.44812164075523364,0.0039488999173045158,rqmc,True,4096,3265000344,0,6.6613381477509392e-16,6.6613381477509392e-16,0.93030464331678475,1.0049999999999999,14,6,next-observation autocall principal redemption component only
44.742940918389166,9.5177877089885463,0.44814042400761811,0.0043205999536439776,rqmc,True,4096,3501975073,0,6.6613381477509392e-16,6.6613381477509392e-16,0.93030464331678475,1.0049999999999999,14,7,next-observation autocall principal redemption component only
44.741470894002603,9.5250733294566778,0.44812570040343902,0.0049083000048995018,rqmc,True,4096,3350356824,0,6.6613381477509392e-16,6.6613381477509392e-16,0.93030464331678475,1.0049999999999999,14,8,next-observation autocall principal redemption component only
44.744707222654739,9.5196674325295856,0.44815811511880244,0.0054588000057265162,rqmc,True,4096,4059947829,0,6.6613381477509392e-16,6.6613381477509392e-16,0.93030464331678475,1.0049999999999999,14,9,next-observation autocall principal redemption component only
44.745485891849732,9.5286160915265832,0.44816591418466722,0.0052855999674648046,rqmc,True,4096,16304490,0,6.6613381477509392e-16,6.6613381477509392e-16,0.93030464331678475,1.0049999999999999,14,10,next-observation autocall principal redemption component only
44.743995104584265,9.5258497973986849,0.44815098262175385,0.0041926000267267227,rqmc,True,4096,1310118838,0,6.6613381477509392e-16,6.6613381477509392e-16,0.93030464331678475,1.0049999999999999,14,11,next-observation autocall principal redemption component only
44.742861664361655,9.5231836594637045,0.44813963020790892,0.0044598999666050076,rqmc,True,4096,763772524,0,6.6613381477509392e-16,6.6613381477509392e-16,0.93030464331678475,1.0049999999999999,14,12,next-observation autocall principal redemption component only
44.744018230885608,9.5228432245832053,0.44815121425226978,0.0051029000896960497,rqmc,True,4096,726317374,0,6.6613381477509392e-16,6.6613381477509392e-16,0.93030464331678475,1.0049999999999999,14,13,next-observation autocall principal redemption component only
44.742154861920184,9.5271466799682631,0.44813255095162158,0.0050128999864682555,rqmc,True,4096,203584653,0,6.6613381477509392e-16,6.6613381477509392e-16,0.93030464331678475,1.0049999999999999,14,14,next-observation autocall principal redemption component only
44.743727402808979,9.5200506814627808,0.44814830134992367,0.0042170999804511666,rqmc,True,4096,1853230037,0,6.6613381477509392e-16,6.6613381477509392e-16,0.93030464331678475,1.0049999999999999,14,15,next-observation autocall principal redemption component only
50.603179699971406,49.922099102711201,0.5068359375,0.005217700032517314,rqmc,False,4096,788112339,0,6.6613381477509392e-16,6.6613381477509392e-16,0.93030464331678475,1.02,14,0,next-observation autocall principal redemption component only
50.530053717746014,49.92304550794104,0.506103515625,0.0050371000543236732,rqmc,False,4096,3408357669,0,6.6613381477509392e-16,6.6613381477509392e-16,0.93030464331678475,1.02,14,1,next-observation autocall principal redemption component only
50.871308301464516,49.917712071800338,0.509521484375,0.0038455999456346035,rqmc,False,4096,519979590,0,6.6613381477509392e-16,6.6613381477509392e-16,0.93030464331678475,1.02,14,2,next-observation autocall principal redemption component only
50.554429045154478,49.922741945953845,0.50634765625,0.0024191000266000628,rqmc,False,4096,3493952921,0,6.6613381477509392e-16,6.6613381477509392e-16,0.93030464331678475,1.02,14,3,next-observation autocall principal redemption component only
50.62755502737987,49.921759820995796,0.507080078125,0.004614099976606667,rqmc,False,4096,2912480082,0,6.6613381477509392e-16,6.6613381477509392e-16,0.93030464331678475,1.02,14,4,next-observation autocall principal redemption component only
50.50567839033755,49.923337163797903,0.505859375,0.00407879997510463,rqmc,False,4096,813631933,0,6.6613381477509392e-16,6.6613381477509392e-16,0.93030464331678475,1.02,14,5,next-observation autocall principal redemption component only
50.773806991830654,49.919474073554504,0.508544921875,0.0033760999795049429,rqmc,False,4096,1107870257,0,6.6613381477509392e-16,6.6613381477509392e-16,0.93030464331678475,1.02,14,6,next-observation autocall principal redemption component only
50.700681009605262,49.920670532534416,0.5078125,0.0035708000650629401,rqmc,False,4096,3283403615,0,6.6613381477509392e-16,6.6613381477509392e-16,0.93030464331678475,1.02,14,7,next-observation autocall principal redemption component only
50.700681009605262,49.920670532534416,0.5078125,0.0029308000812307,rqmc,False,4096,4121885890,0,6.6613381477509392e-16,6.6613381477509392e-16,0.93030464331678475,1.02,14,8,next-observation autocall principal redemption component only
50.798182319239118,49.91905143691173,0.5087890625,0.0050444999942556024,rqmc,False,4096,3517846603,0,6.6613381477509392e-16,6.6613381477509392e-16,0.93030464331678475,1.02,14,9,next-observation autocall principal redemption component only
50.651930354788334,49.921408632230147,0.50732421875,0.0045478999381884933,rqmc,False,4096,3277505402,0,6.6613381477509392e-16,6.6613381477509392e-16,0.93030464331678475,1.02,14,10,next-observation autocall principal redemption component only
50.968809611098372,49.915759510722665,0.510498046875,0.0054545999737456441,rqmc,False,4096,924825905,0,6.6613381477509392e-16,6.6613381477509392e-16,0.93030464331678475,1.02,14,11,next-observation autocall principal redemption component only
50.651930354788334,49.921408632230147,0.50732421875,0.004294999991543591,rqmc,False,4096,460672980,0,6.6613381477509392e-16,6.6613381477509392e-16,0.93030464331678475,1.02,14,12,next-observation autocall principal redemption component only
50.822557646647581,49.918616891280543,0.509033203125,0.0032376999733969569,rqmc,False,4096,2957966848,0,6.6613381477509392e-16,6.6613381477509392e-16,0.93030464331678475,1.02,14,13,next-observation autocall principal redemption component only
50.700681009605262,49.920670532534416,0.5078125,0.0042800999945029616,rqmc,False,4096,603404879,0,6.6613381477509392e-16,6.6613381477509392e-16,0.93030464331678475,1.02,14,14,next-observation autocall principal redemption component only
50.725056337013726,49.920283621076166,0.508056640625,0.0039416999788954854,rqmc,False,4096,3116288470,0,6.6613381477509392e-16,6.6613381477509392e-16,0.93030464331678475,1.02,14,15,next-observation autocall principal redemption component only
50.686670203135982,10.183707990722558,0.50767216928809433,0.006139799952507019,rqmc,True,4096,788112339,0,6.6613381477509392e-16,6.6613381477509392e-16,0.93030464331678475,1.02,14,0,next-observation autocall principal redemption component only
50.683767369784775,10.188383507053077,0.50764309482534931,0.0055505000054836273,rqmc,True,4096,3408357669,0,6.6613381477509392e-16,6.6613381477509392e-16,0.93030464331678475,1.02,14,1,next-observation autocall principal redemption component only
50.683506617760258,10.181004065513038,0.50764048316146604,0.0058715000050142407,rqmc,True,4096,519979590,0,6.6613381477509392e-16,6.6613381477509392e-16,0.93030464331678475,1.02,14,2,next-observation autocall principal redemption component only
50.682933575821053,10.187122081819458,0.50763474363580374,0.0044364000204950571,rqmc,True,4096,3493952921,0,6.6613381477509392e-16,6.6613381477509392e-16,0.93030464331678475,1.02,14,3,next-observation autocall principal redemption component only
50.683511886391102,10.184647828087616,0.50764053593149883,0.0049638999626040459,rqmc,True,4096,2912480082,0,6.6613381477509392e-16,6.6613381477509392e-16,0.93030464331678475,1.02,14,4,next-observation autocall principal redemption component only
50.682916236801709,10.182951705628652,0.50763456997007406,0.005169500014744699,rqmc,True,4096,813631933,0,6.6613381477509392e-16,6.6613381477509392e-16,0.93030464331678475,1.02,14,5,next-observation autocall principal redemption component only
50.684010896161197,10.18403882525298,0.5076455339590169,0.005083999945782125,rqmc,True,4096,1107870257,0,6.6613381477509392e-16,6.6613381477509392e-16,0.93030464331678475,1.02,14,6,next-observation autocall principal redemption component only
50.681505772965963,10.179809658252058,0.50762044291788611,0.005550400004722178,rqmc,True,4096,3283403615,0,6.6613381477509392e-16,6.6613381477509392e-16,0.93030464331678475,1.02,14,7,next-observation autocall principal redemption component only
50.681398775267631,10.182605085307102,0.50761937124059087,0.0054582000011578202,rqmc,True,4096,4121885890,0,6.6613381477509392e-16,6.6613381477509392e-16,0.93030464331678475,1.02,14,8,next-observation autocall principal redemption component only
50.683123422032907,10.180727563465913,0.50763664511478845,0.005891100037842989,rqmc,True,4096,3517846603,0,6.6613381477509392e-16,6.6613381477509392e-16,0.93030464331678475,1.02,14,9,next-observation autocall principal redemption component only
50.682278294425231,10.188098289927559,0.50762818040869917,0.0049912999384105206,rqmc,True,4096,3277505402,0,6.6613381477509392e-16,6.6613381477509392e-16,0.93030464331678475,1.02,14,10,next-observation autocall principal redemption component only
50.683438751913201,10.181842555903273,0.50763980342453197,0.0051905000582337379,rqmc,True,4096,924825905,0,6.6613381477509392e-16,6.6613381477509392e-16,0.93030464331678475,1.02,14,11,next-observation autocall principal redemption component only
50.68400781526941,10.188048051946836,0.50764550310114043,0.0051991000073030591,rqmc,True,4096,460672980,0,6.6613381477509392e-16,6.6613381477509392e-16,0.93030464331678475,1.02,14,12,next-observation autocall principal redemption component only
50.684149505344564,10.185590847269241,0.50764692225350383,0.0055459999712184072,rqmc,True,4096,2957966848,0,6.6613381477509392e-16,6.6613381477509392e-16,0.93030464331678475,1.02,14,13,next-observation autocall principal redemption component only
50.681898735533295,10.180606914782491,0.50762437878816924,0.0056833999697118998,rqmc,True,4096,603404879,0,6.6613381477509392e-16,6.6613381477509392e-16,0.93030464331678475,1.02,14,14,next-observation autocall principal redemption component only
50.682551161557477,10.185819956896413,0.50763091341618227,0.0054153000237420201,rqmc,True,4096,3116288470,0,6.6613381477509392e-16,6.6613381477509392e-16,0.93030464331678475,1.02,14,15,next-observation autocall principal redemption component only
34.238863851941716,47.211334150123172,0.3447265625,0.0043020000448450446,rqmc,False,4096,1796161966,0,6.6613381477509392e-16,6.6613381477509392e-16,0.93030464331678475,0.97999999999999998,60,0,next-observation autocall principal redemption component only
34.384354774825312,47.258623851583685,0.34619140625,0.0045734000159427524,rqmc,False,4096,1768986358,0,6.6613381477509392e-16,6.6613381477509392e-16,0.93030464331678475,0.97999999999999998,60,1,next-observation autocall principal redemption component only
34.408603261972587,47.266457318429772,0.346435546875,0.0032897999044507742,rqmc,False,4096,320247213,0,6.6613381477509392e-16,6.6613381477509392e-16,0.93030464331678475,0.97999999999999998,60,2,next-observation autocall principal redemption component only
34.311609313383514,47.235040949325686,0.345458984375,0.0049460999434813857,rqmc,False,4096,1858478834,0,6.6613381477509392e-16,6.6613381477509392e-16,0.93030464331678475,0.97999999999999998,60,3,next-observation autocall principal redemption component only
34.263112339088977,47.219250194350266,0.344970703125,0.0035418999614194036,rqmc,False,4096,1431827331,0,6.6613381477509392e-16,6.6613381477509392e-16,0.93030464331678475,0.97999999999999998,60,4,next-observation autocall principal redemption component only
34.36010628767805,47.250776639020167,0.345947265625,0.0040116999298334122,rqmc,False,4096,3554970221,0,6.6613381477509392e-16,6.6613381477509392e-16,0.93030464331678475,0.97999999999999998,60,5,next-observation autocall principal redemption component only
34.457100236267124,47.282083042285549,0.346923828125,0.0041398999746888876,rqmc,False,4096,3451219913,0,6.6613381477509392e-16,6.6613381477509392e-16,0.93030464331678475,0.97999999999999998,60,6,next-observation autocall principal redemption component only
34.166118390499911,47.18750326724026,0.343994140625,0.0045068999752402306,rqmc,False,4096,3790160067,0,6.6613381477509392e-16,6.6613381477509392e-16,0.93030464331678475,0.97999999999999998,60,7,next-observation autocall principal redemption component only
34.723833594887068,47.367044613778987,0.349609375,0.0039809000445529819,rqmc,False,4096,4075152837,0,6.6613381477509392e-16,6.6613381477509392e-16,0.93030464331678475,0.97999999999999998,60,8,next-observation autocall principal redemption component only
34.263112339088977,47.219250194350273,0.344970703125,0.0045565000036731362,rqmc,False,4096,421148667,0,6.6613381477509392e-16,6.6613381477509392e-16,0.93030464331678475,0.97999999999999998,60,9,next-observation autocall principal redemption component only
34.408603261972587,47.266457318429772,0.346435546875,0.0066462999675422907,rqmc,False,4096,2294094247,0,6.6613381477509392e-16,6.6613381477509392e-16,0.93030464331678475,0.97999999999999998,60,10,next-observation autocall principal redemption component only
34.481348723414385,47.289875312911967,0.34716796875,0.0040927000809460878,rqmc,False,4096,3214222454,0,6.6613381477509392e-16,6.6613381477509392e-16,0.93030464331678475,0.97999999999999998,60,11,next-observation autocall principal redemption component only
34.311609313383514,47.235040949325686,0.345458984375,0.0045398999936878681,rqmc,False,4096,3733004922,0,6.6613381477509392e-16,6.6613381477509392e-16,0.93030464331678475,0.97999999999999998,60,12,next-observation autocall principal redemption component only
34.263112339088977,47.219250194350273,0.344970703125,0.0039940000278875232,rqmc,False,4096,533433324,0,6.6613381477509392e-16,6.6613381477509392e-16,0.93030464331678475,0.97999999999999998,60,13,next-observation autocall principal redemption component only
34.190366877647179,47.195460693526108,0.34423828125,0.0033471999922767282,rqmc,False,4096,3401337857,0,6.6613381477509392e-16,6.6613381477509392e-16,0.93030464331678475,0.97999999999999998,60,14,next-observation autocall principal redemption component only
34.529845697708922,47.305418705480356,0.34765625,0.0035420999629423022,rqmc,False,4096,107248592,0,6.6613381477509392e-16,6.6613381477509392e-16,0.93030464331678475,0.97999999999999998,60,15,next-observation autocall principal redemption component only
34.345067968412593,9.02337023371458,0.34579585557446285,0.0056421998888254166,rqmc,True,4096,1796161966,0,6.6613381477509392e-16,6.6613381477509392e-16,0.93030464331678475,0.97999999999999998,60,0,next-observation autocall principal redemption component only
34.342355206278746,9.0257902245419999,0.34576854271824997,0.0045741000212728977,rqmc,True,4096,1768986358,0,6.6613381477509392e-16,6.6613381477509392e-16,0.93030464331678475,0.97999999999999998,60,1,next-observation autocall principal redemption component only
34.342753150362057,9.0227671475285014,0.34577254933180168,0.0045068999752402306,rqmc,True,4096,320247213,0,6.6613381477509392e-16,6.6613381477509392e-16,0.93030464331678475,0.97999999999999998,60,2,next-observation autocall principal redemption component only
34.342024921970562,9.0290923357843074,0.34576521732244531,0.0049255999037995934,rqmc,True,4096,1858478834,0,6.6613381477509392e-16,6.6613381477509392e-16,0.93030464331678475,0.97999999999999998,60,3,next-observation autocall principal redemption component only
34.341673910257171,9.0269642703635427,0.34576168323726431,0.0051844000117853284,rqmc,True,4096,1431827331,0,6.6613381477509392e-16,6.6613381477509392e-16,0.93030464331678475,0.97999999999999998,60,4,next-observation autocall principal redemption component only
34.341359630272862,9.0215517852723295,0.34575851897751775,0.0057490000035613775,rqmc,True,4096,3554970221,0,6.6613381477509392e-16,6.6613381477509392e-16,0.93030464331678475,0.97999999999999998,60,5,next-observation autocall principal redemption component only
34.342935866769437,9.0281883615205984,0.34577438897225543,0.0049327999586239457,rqmc,True,4096,3451219913,0,6.6613381477509392e-16,6.6613381477509392e-16,0.93030464331678475,0.97999999999999998,60,6,next-observation autocall principal redemption component only
34.343697397675513,9.027702038775848,0.34578205628074499,0.0047266000183299184,rqmc,True,4096,3790160067,0,6.6613381477509392e-16,6.6613381477509392e-16,0.93030464331678475,0.97999999999999998,60,7,next-observation autocall principal redemption component only
34.34179868169872,9.0268252671629323,0.34576293947141773,0.0049506999785080552,rqmc,True,4096,4075152837,0,6.6613381477509392e-16,6.6613381477509392e-16,0.93030464331678475,0.97999999999999998,60,8,next-observation autocall principal redemption component only
34.344159896893615,9.0264648565828143,0.34578671285364726,0.0053753999527543783,rqmc,True,4096,421148667,0,6.6613381477509392e-16,6.6613381477509392e-16,0.93030464331678475,0.97999999999999998,60,9,next-observation autocall principal redemption component only
34.344987444981093,9.0283945089412665,0.34579504484178603,0.0047896000323817134,rqmc,True,4096,2294094247,0,6.6613381477509392e-16,6.6613381477509392e-16,0.93030464331678475,0.97999999999999998,60,10,next-observation autocall principal redemption component only
34.345404914033587,9.0277906975143356,0.34579924803824835,0.0052174000302329659,rqmc,True,4096,3214222454,0,6.6613381477509392e-16,6.6613381477509392e-16,0.93030464331678475,0.97999999999999998,60,11,next-observation autocall principal redemption component only
34.34245333056775,9.0221316190002518,0.34576953066133681,0.0057115999516099691,rqmc,True,4096,3733004922,0,6.6613381477509392e-16,6.6613381477509392e-16,0.93030464331678475,0.97999999999999998,60,12,next-observation autocall principal redemption component only
34.344546842125439,9.0251687424919993,0.34579060872765233,0.0048149999929592013,rqmc,True,4096,533433324,0,6.6613381477509392e-16,6.6613381477509392e-16,0.93030464331678475,0.97999999999999998,60,13,next-observation autocall principal redemption component only
34.34283464187088,9.0305876477004485,0.34577336981135476,0.0054009000305086374,rqmc,True,4096,3401337857,0,6.6613381477509392e-16,6.6613381477509392e-16,0.93030464331678475,0.97999999999999998,60,14,next-observation autocall principal redemption component only
34.343380485425897,9.0228090476923128,0.34577886551860709,0.004778799950145185,rqmc,True,4096,107248592,0,6.6613381477509392e-16,6.6613381477509392e-16,0.93030464331678475,0.97999999999999998,60,15,next-observation autocall principal redemption component only
38.385355154124447,48.369808835805841,0.386474609375,0.0048633000114932656,rqmc,False,4096,513740721,0,6.6613381477509392e-16,6.6613381477509392e-16,0.93030464331678475,0.995,60,0,next-observation autocall principal redemption component only
38.264112718388112,48.341378614650679,0.38525390625,0.0033223999198526144,rqmc,False,4096,3357509660,0,6.6613381477509392e-16,6.6613381477509392e-16,0.93030464331678475,0.995,60,1,next-observation autocall principal redemption component only
37.973130872620899,48.271835040913807,0.38232421875,0.0052685000700876117,rqmc,False,4096,492209531,0,6.6613381477509392e-16,6.6613381477509392e-16,0.93030464331678475,0.995,60,2,next-observation autocall principal redemption component only
38.385355154124447,48.369808835805841,0.386474609375,0.0044997000368312001,rqmc,False,4096,4050002463,0,6.6613381477509392e-16,6.6613381477509392e-16,0.93030464331678475,0.995,60,3,next-observation autocall principal redemption component only
38.070124821209973,48.295222205169637,0.38330078125,0.0049691000021994114,rqmc,False,4096,1907078777,0,6.6613381477509392e-16,6.6613381477509392e-16,0.93030464331678475,0.995,60,4,next-observation autocall principal redemption component only
38.215615744093583,48.329916659642869,0.384765625,0.0036423000274226069,rqmc,False,4096,2709224554,0,6.6613381477509392e-16,6.6613381477509392e-16,0.93030464331678475,0.995,60,5,next-observation autocall principal redemption component only
38.142870282651771,48.31262732745769,0.384033203125,0.0046751999761909246,rqmc,False,4096,3320145506,0,6.6613381477509392e-16,6.6613381477509392e-16,0.93030464331678475,0.995,60,6,next-observation autocall principal redemption component only
38.118621795504509,48.306838491758882,0.3837890625,0.0042850000318139791,rqmc,False,4096,2363512951,0,6.6613381477509392e-16,6.6613381477509392e-16,0.93030464331678475,0.995,60,7,next-observation autocall principal redemption component only
38.239864231240844,48.335654060736907,0.385009765625,0.0042241999180987477,rqmc,False,4096,1523820540,0,6.6613381477509392e-16,6.6613381477509392e-16,0.93030464331678475,0.995,60,8,next-observation autocall principal redemption component only
38.118621795504509,48.306838491758882,0.3837890625,0.0047596000367775559,rqmc,False,4096,2358516391,0,6.6613381477509392e-16,6.6613381477509392e-16,0.93030464331678475,0.995,60,9,next-observation autocall principal redemption component only
38.118621795504509,48.306838491758882,0.3837890625,0.0046985000371932983,rqmc,False,4096,2298531899,0,6.6613381477509392e-16,6.6613381477509392e-16,0.93030464331678475,0.995,60,10,next-observation autocall principal redemption component only
38.409603641271715,48.375456402039077,0.38671875,0.0033270000712946057,rqmc,False,4096,298706639,0,6.6613381477509392e-16,6.6613381477509392e-16,0.93030464331678475,0.995,60,11,next-observation autocall principal redemption component only
38.53084607700805,48.403502090138232,0.387939453125,0.0039714000886306167,rqmc,False,4096,628083754,0,6.6613381477509392e-16,6.6613381477509392e-16,0.93030464331678475,0.995,60,12,next-observation autocall principal redemption component only
38.264112718388112,48.341378614650687,0.38525390625,0.0041511999443173409,rqmc,False,4096,2577927693,0,6.6613381477509392e-16,6.6613381477509392e-16,0.93030464331678475,0.995,60,13,next-observation autocall principal redemption component only
38.506597589860789,48.397918556731284,0.3876953125,0.0040893000550568104,rqmc,False,4096,2152951992,0,6.6613381477509392e-16,6.6613381477509392e-16,0.93030464331678475,0.995,60,14,next-observation autocall principal redemption component only
38.021627846915436,48.283554400673694,0.3828125,0.0027731999289244413,rqmc,False,4096,329011522,0,6.6613381477509392e-16,6.6613381477509392e-16,0.93030464331678475,0.995,60,15,next-observation autocall principal redemption component only
38.216812736818483,9.0253794161261904,0.38477767666121104,0.0046002999879419804,rqmc,True,4096,513740721,0,6.6613381477509392e-16,6.6613381477509392e-16,0.93030464331678475,0.995,60,0,next-observation autocall principal redemption component only
38.215138292937183,9.0234237087046143,0.38476081788675537,0.0047551000025123358,rqmc,True,4096,3357509660,0,6.6613381477509392e-16,6.6613381477509392e-16,0.93030464331678475,0.995,60,1,next-observation autocall principal redemption component only
38.216286904496613,9.0238185410699909,0.38477238243271233,0.005196399986743927,rqmc,True,4096,492209531,0,6.6613381477509392e-16,6.6613381477509392e-16,0.93030464331678475,0.995,60,2,next-observation autocall principal redemption component only
38.215737055316708,9.0211500960874513,0.38476684639569592,0.0048252999549731612,rqmc,True,4096,4050002463,0,6.6613381477509392e-16,6.6613381477509392e-16,0.93030464331678475,0.995,60,3,next-observation autocall principal redemption component only
38.21489243380524,9.0209210689380654,0.3847583425074968,0.0057422999525442719,rqmc,True,4096,1907078777,0,6.6613381477509392e-16,6.6613381477509392e-16,0.93030464331678475,0.995,60,4,next-observation autocall principal redemption component only
38.218600823608966,9.0242213233316306,0.38479567962460953,0.0054724999936297536,rqmc,True,4096,2709224554,0,6.6613381477509392e-16,6.6613381477509392e-16,0.93030464331678475,0.995,60,5,next-observation autocall principal redemption component only
38.21687092907225,9.0207382255640489,0.38477826255727615,0.0053290000651031733,rqmc,True,4096,3320145506,0,6.6613381477509392e-16,6.6613381477509392e-16,0.93030464331678475,0.995,60,6,next-observation autocall principal redemption component only
38.214173331025236,9.0269286272146445,0.3847511023773772,0.0052412000950425863,rqmc,True,4096,2363512951,0,6.6613381477509392e-16,6.6613381477509392e-16,0.93030464331678475,0.995,60,7,next-observation autocall principal redemption component only
38.215989666970202,9.0196990543345272,0.38476938976125064,0.0051993000088259578,rqmc,True,4096,1523820540,0,6.6613381477509392e-16,6.6613381477509392e-16,0.93030464331678475,0.995,60,8,next-observation autocall principal redemption component only
38.214461133150522,9.0220622680265645,0.38475400005055227,0.0050080000655725598,rqmc,True,4096,2358516391,0,6.6613381477509392e-16,6.6613381477509392e-16,0.93030464331678475,0.995,60,9,next-observation autocall principal redemption component only
38.2161579523423,9.0231817548712243,0.38477108410596067,0.0048420000821352005,rqmc,True,4096,2298531899,0,6.6613381477509392e-16,6.6613381477509392e-16,0.93030464331678475,0.995,60,10,next-observation autocall principal redemption component only
38.216115621446363,9.0258542625700056,0.38477065790653109,0.0053201999980956316,rqmc,True,4096,298706639,0,6.6613381477509392e-16,6.6613381477509392e-16,0.93030464331678475,0.995,60,11,next-observation autocall principal redemption component only
38.215192422687515,9.0240201001215468,0.38476136288038709,0.0043852999806404114,rqmc,True,4096,628083754,0,6.6613381477509392e-16,6.6613381477509392e-16,0.93030464331678475,0.995,60,12,next-observation autocall principal redemption component only
38.215516368390567,9.019315698024446,0.38476462445732296,0.0053589999442920089,rqmc,True,4096,2577927693,0,6.6613381477509392e-16,6.6613381477509392e-16,0.93030464331678475,0.995,60,13,next-observation autocall principal redemption component only
38.214935133359909,9.0177337350383251,0.38475877241868672,0.0055181999923661351,rqmc,True,4096,2152951992,0,6.6613381477509392e-16,6.6613381477509392e-16,0.93030464331678475,0.995,60,14,next-observation autocall principal redemption component only
38.216560125156256,9.0243769808955623,0.38477513329556834,0.0054808000568300486,rqmc,True,4096,329011522,0,6.6613381477509392e-16,6.6613381477509392e-16,0.93030464331678475,0.995,60,15,next-observation autocall principal redemption component only
39.500785562898756,48.616398833898018,0.397705078125,0.0041478000348433852,rqmc,False,4096,843985704,0,6.6613381477509392e-16,6.6613381477509392e-16,0.93030464331678475,1,60,0,next-observation autocall principal redemption component only
39.500785562898749,48.616398833898025,0.397705078125,0.0042561999289318919,rqmc,False,4096,2528662576,0,6.6613381477509392e-16,6.6613381477509392e-16,0.93030464331678475,1,60,1,next-observation autocall principal redemption component only
39.428040101456943,48.601135549842056,0.39697265625,0.0040939000900834799,rqmc,False,4096,1166573341,0,6.6613381477509392e-16,6.6613381477509392e-16,0.93030464331678475,1,60,2,next-observation autocall principal redemption component only
39.476537075751487,48.611323703720522,0.3974609375,0.0036898000398650765,rqmc,False,4096,855934882,0,6.6613381477509392e-16,6.6613381477509392e-16,0.93030464331678475,1,60,3,next-observation autocall principal redemption component only
39.209803717131543,48.554662823185545,0.394775390625,0.0045392999891191721,rqmc,False,4096,3826255614,0,6.6613381477509392e-16,6.6613381477509392e-16,0.93030464331678475,1,60,4,next-observation autocall principal redemption component only
39.234052204278811,48.559877101798044,0.39501953125,0.00403740000911057,rqmc,False,4096,3523019340,0,6.6613381477509392e-16,6.6613381477509392e-16,0.93030464331678475,1,60,5,next-observation autocall principal redemption component only
39.282549178573348,48.570267652983134,0.3955078125,0.0028063000645488501,rqmc,False,4096,2835382511,0,6.6613381477509392e-16,6.6613381477509392e-16,0.93030464331678475,1,60,6,next-observation autocall principal redemption component only
39.355294640015146,48.585758525546517,0.396240234375,0.0055321999825537205,rqmc,False,4096,1821151625,0,6.6613381477509392e-16,6.6613381477509392e-16,0.93030464331678475,1,60,7,next-observation autocall principal redemption component only
39.258300691426072,48.565078710373676,0.395263671875,0.0041771000251173973,rqmc,False,4096,1489155903,0,6.6613381477509392e-16,6.6613381477509392e-16,0.93030464331678475,1,60,8,next-observation autocall principal redemption component only
39.403791614309682,48.596022518196747,0.396728515625,0.0039512999355792999,rqmc,False,4096,2706991248,0,6.6613381477509392e-16,6.6613381477509392e-16,0.93030464331678475,1,60,9,next-observation autocall principal redemption component only
39.209803717131535,48.554662823185538,0.394775390625,0.0043904999038204551,rqmc,False,4096,3148455095,0,6.6613381477509392e-16,6.6613381477509392e-16,0.93030464331678475,1,60,10,next-observation autocall principal redemption component only
39.331046152867884,48.580607556527966,0.39599609375,0.0047761000460013747,rqmc,False,4096,123885331,0,6.6613381477509392e-16,6.6613381477509392e-16,0.93030464331678475,1,60,11,next-observation autocall principal redemption component only
39.403791614309682,48.596022518196747,0.396728515625,0.0040016999701038003,rqmc,False,4096,2016908572,0,6.6613381477509392e-16,6.6613381477509392e-16,0.93030464331678475,1,60,12,next-observation autocall principal redemption component only
39.500785562898749,48.616398833898025,0.397705078125,0.0047496000770479441,rqmc,False,4096,957838389,0,6.6613381477509392e-16,6.6613381477509392e-16,0.93030464331678475,1,60,13,next-observation autocall principal redemption component only
39.306797665720609,48.575443933685442,0.395751953125,0.0034358999691903591,rqmc,False,4096,3252191798,0,6.6613381477509392e-16,6.6613381477509392e-16,0.93030464331678475,1,60,14,next-observation autocall principal redemption component only
39.500785562898749,48.616398833898025,0.397705078125,0.0032793000573292375,rqmc,False,4096,3231129806,0,6.6613381477509392e-16,6.6613381477509392e-16,0.93030464331678475,1,60,15,next-observation autocall principal redemption component only
39.379652209003922,9.0668621173791362,0.39648547326682376,0.0056907000252977014,rqmc,True,4096,843985704,0,6.6613381477509392e-16,6.6613381477509392e-16,0.93030464331678475,1,60,0,next-observation autocall principal redemption component only
39.381543500226378,9.0611998817908681,0.39650451532162512,0.005779600003734231,rqmc,True,4096,2528662576,0,6.6613381477509392e-16,6.6613381477509392e-16,0.93030464331678475,1,60,1,next-observation autocall principal redemption component only
39.379328907485146,9.0632294569004355,0.39648221817571733,0.0052699999650940299,rqmc,True,4096,1166573341,0,6.6613381477509392e-16,6.6613381477509392e-16,0.93030464331678475,1,60,2,next-observation autocall principal redemption component only
39.381453821594306,9.0654618862250658,0.39650361241180021,0.0053024999797344208,rqmc,True,4096,855934882,0,6.6613381477509392e-16,6.6613381477509392e-16,0.93030464331678475,1,60,3,next-observation autocall principal redemption component only
39.376842393273051,9.0646602698118421,0.39645718324755352,0.0043277000077068806,rqmc,True,4096,3826255614,0,6.6613381477509392e-16,6.6613381477509392e-16,0.93030464331678475,1,60,4,next-observation autocall principal redemption component only
39.379615549434554,9.0734986951451653,0.3964851041679136,0.005321200005710125,rqmc,True,4096,3523019340,0,6.6613381477509392e-16,6.6613381477509392e-16,0.93030464331678475,1,60,5,next-observation autocall principal redemption component only
39.38052686161474,9.0645652069866216,0.39649427951662264,0.0044518000213429332,rqmc,True,4096,2835382511,0,6.6613381477509392e-16,6.6613381477509392e-16,0.93030464331678475,1,60,6,next-observation autocall principal redemption component only
39.37899602761113,9.0647385282118584,0.39647886664702203,0.0047002999344840646,rqmc,True,4096,1821151625,0,6.6613381477509392e-16,6.6613381477509392e-16,0.93030464331678475,1,60,7,next-observation autocall principal redemption component only
39.377666280525375,9.0602567354596442,0.3964654783773689,0.0050624000141397119,rqmc,True,4096,1489155903,0,6.6613381477509392e-16,6.6613381477509392e-16,0.93030464331678475,1,60,8,next-observation autocall principal redemption component only
39.379219170747788,9.0682481959914174,0.39648111331521696,0.0056444000219926238,rqmc,True,4096,2706991248,0,6.6613381477509392e-16,6.6613381477509392e-16,0.93030464331678475,1,60,9,next-observation autocall principal redemption component only
39.380679299591549,9.0618339475118788,0.39649581430527586,0.0047861000057309866,rqmc,True,4096,3148455095,0,6.6613381477509392e-16,6.6613381477509392e-16,0.93030464331678475,1,60,10,next-observation autocall principal redemption component only
39.379821832293565,9.0659250797183919,0.39648718108206588,0.0042834000196307898,rqmc,True,4096,123885331,0,6.6613381477509392e-16,6.6613381477509392e-16,0.93030464331678475,1,60,11,next-observation autocall principal redemption component only
39.379173670665566,9.0659838479121753,0.39648065520752368,0.0036654999712482095,rqmc,True,4096,2016908572,0,6.6613381477509392e-16,6.6613381477509392e-16,0.93030464331678475,1,60,12,next-observation autocall principal redemption component only
39.379391983435099,9.0655248399338664,0.39648285324221655,0.0052123999921604991,rqmc,True,4096,957838389,0,6.6613381477509392e-16,6.6613381477509392e-16,0.93030464331678475,1,60,13,next-observation autocall principal redemption component only
39.380058501494787,9.0662471699268572,0.3964895639345033,0.004102800041437149,rqmc,True,4096,3252191798,0,6.6613381477509392e-16,6.6613381477509392e-16,0.93030464331678475,1,60,14,next-observation autocall principal redemption component only
39.380852636211301,9.0661512293797237,0.39649755950737542,0.0050707999616861343,rqmc,True,4096,3231129806,0,6.6613381477509392e-16,6.6613381477509392e-16,0.93030464331678475,1,60,15,next-observation autocall principal redemption component only
40.373731100200374,48.79072456270324,0.406494140625,0.0053544999100267887,rqmc,False,4096,187252426,0,6.6613381477509392e-16,6.6613381477509392e-16,0.93030464331678475,1.0049999999999999,60,0,next-observation autocall principal redemption component only
40.640464458820318,48.840753941356382,0.4091796875,0.0035669999197125435,rqmc,False,4096,3737834044,0,6.6613381477509392e-16,6.6613381477509392e-16,0.93030464331678475,1.0049999999999999,60,1,next-observation autocall principal redemption component only
40.276737151611314,48.772157575693022,0.405517578125,0.0044994000345468521,rqmc,False,4096,875285634,0,6.6613381477509392e-16,6.6613381477509392e-16,0.93030464331678475,1.0049999999999999,60,2,next-observation autocall principal redemption component only
40.858700843145726,48.880566112480658,0.411376953125,0.0046575999585911632,rqmc,False,4096,2435793186,0,6.6613381477509392e-16,6.6613381477509392e-16,0.93030464331678475,1.0049999999999999,60,3,next-observation autocall principal redemption component only
40.616215971673057,48.836268148648344,0.408935546875,0.0040708000306040049,rqmc,False,4096,365512460,0,6.6613381477509392e-16,6.6613381477509392e-16,0.93030464331678475,1.0049999999999999,60,4,next-observation autocall principal redemption component only
40.616215971673057,48.836268148648344,0.408935546875,0.0052386000752449036,rqmc,False,4096,3227439634,0,6.6613381477509392e-16,6.6613381477509392e-16,0.93030464331678475,1.0049999999999999,60,5,next-observation autocall principal redemption component only
40.761706894556653,48.862996182651479,0.410400390625,0.0046142999781295657,rqmc,False,4096,3765279366,0,6.6613381477509392e-16,6.6613381477509392e-16,0.93030464331678475,1.0049999999999999,60,6,next-observation autocall principal redemption component only
40.252488664464039,48.767484574594526,0.4052734375,0.0038619000697508454,rqmc,False,4096,3507611790,0,6.6613381477509392e-16,6.6613381477509392e-16,0.93030464331678475,1.0049999999999999,60,7,next-observation autocall principal redemption component only
40.591967484525789,48.831769899808229,0.40869140625,0.0037415999686345458,rqmc,False,4096,284361077,0,6.6613381477509392e-16,6.6613381477509392e-16,0.93030464331678475,1.0049999999999999,60,8,next-observation autocall principal redemption component only
40.713209920262123,48.854136616952218,0.409912109375,0.0046086000511422753,rqmc,False,4096,789555373,0,6.6613381477509392e-16,6.6613381477509392e-16,0.93030464331678475,1.0049999999999999,60,9,next-observation autocall principal redemption component only
40.785955381703928,48.867407310257995,0.41064453125,0.0046136000892147422,rqmc,False,4096,868610989,0,6.6613381477509392e-16,6.6613381477509392e-16,0.93030464331678475,1.0049999999999999,60,10,next-observation autocall principal redemption component only
40.300985638758576,48.776818071474423,0.40576171875,0.0046462999889627099,rqmc,False,4096,3736773568,0,6.6613381477509392e-16,6.6613381477509392e-16,0.93030464331678475,1.0049999999999999,60,11,next-observation autocall principal redemption component only
40.591967484525782,48.831769899808236,0.40869140625,0.0046806000173091888,rqmc,False,4096,4126023462,0,6.6613381477509392e-16,6.6613381477509392e-16,0.93030464331678475,1.0049999999999999,60,12,next-observation autocall principal redemption component only
40.349482613053112,48.786101561411776,0.40625,0.0037217999342828989,rqmc,False,4096,365733725,0,6.6613381477509392e-16,6.6613381477509392e-16,0.93030464331678475,1.0049999999999999,60,13,next-observation autocall principal redemption component only
40.56771899737852,48.827259191393473,0.408447265625,0.0053905000677332282,rqmc,False,4096,2079040619,0,6.6613381477509392e-16,6.6613381477509392e-16,0.93030464331678475,1.0049999999999999,60,14,next-observation autocall principal redemption component only
40.349482613053112,48.786101561411776,0.40625,0.0038505999837070704,rqmc,False,4096,4255362386,0,6.6613381477509392e-16,6.6613381477509392e-16,0.93030464331678475,1.0049999999999999,60,15,next-observation autocall principal redemption component only
40.476762841066112,9.1311744301773796,0.40753149332486238,0.0047809000825509429,rqmc,True,4096,187252426,0,6.6613381477509392e-16,6.6613381477509392e-16,0.93030464331678475,1.0049999999999999,60,0,next-observation autocall principal redemption component only
40.474123573807724,9.1339438094022185,0.40750492043583669,0.0055582000641152263,rqmc,True,4096,3737834044,0,6.6613381477509392e-16,6.6613381477509392e-16,0.93030464331678475,1.0049999999999999,60,1,next-observation autocall principal redemption component only
40.473056698643305,9.1348846439289435,0.40749417883501615,0.0060145999304950237,rqmc,True,4096,875285634,0,6.6613381477509392e-16,6.6613381477509392e-16,0.93030464331678475,1.0049999999999999,60,2,next-observation autocall principal redemption component only
40.476910889131858,9.1381331424584911,0.40753298391464982,0.0049919000593945384,rqmc,True,4096,2435793186,0,6.6613381477509392e-16,6.6613381477509392e-16,0.93030464331678475,1.0049999999999999,60,3,next-observation autocall principal redemption component only
40.473592731079194,9.1368102295441531,0.40749957576114698,0.0058505999622866511,rqmc,True,4096,365512460,0,6.6613381477509392e-16,6.6613381477509392e-16,0.93030464331678475,1.0049999999999999,60,4,next-observation autocall principal redemption component only
40.474651275738374,9.1325142940271355,0.40751023348808535,0.0044177999952808022,rqmc,True,4096,3227439634,0,6.6613381477509392e-16,6.6613381477509392e-16,0.93030464331678475,1.0049999999999999,60,5,next-observation autocall principal redemption component only
40.473638245437733,9.1327651925385389,0.40750003401257817,0.0066299999598413706,rqmc,True,4096,3765279366,0,6.6613381477509392e-16,6.6613381477509392e-16,0.93030464331678475,1.0049999999999999,60,6,next-observation autocall principal redemption component only
40.474266167636429,9.1350999432789042,0.40750635611082331,0.0047603999264538288,rqmc,True,4096,3507611790,0,6.6613381477509392e-16,6.6613381477509392e-16,0.93030464331678475,1.0049999999999999,60,7,next-observation autocall principal redemption component only
40.473343867242306,9.1348402127699693,0.40749707012966951,0.0046809999039396644,rqmc,True,4096,284361077,0,6.6613381477509392e-16,6.6613381477509392e-16,0.93030464331678475,1.0049999999999999,60,8,next-observation autocall principal redemption component only
40.47441737343982,9.139985021533148,0.40750787849360615,0.0048825000412762165,rqmc,True,4096,789555373,0,6.6613381477509392e-16,6.6613381477509392e-16,0.93030464331678475,1.0049999999999999,60,9,next-observation autocall principal redemption component only
40.472294851057413,9.1365388730537855,0.40748650833810451,0.003772999974898994,rqmc,True,4096,868610989,0,6.6613381477509392e-16,6.6613381477509392e-16,0.93030464331678475,1.0049999999999999,60,10,next-observation autocall principal redemption component only
40.47560478475117,9.1276293946394276,0.40751983368643641,0.0051625999622046947,rqmc,True,4096,3736773568,0,6.6613381477509392e-16,6.6613381477509392e-16,0.93030464331678475,1.0049999999999999,60,11,next-observation autocall principal redemption component only
40.474110477182919,9.1359105188525618,0.40750478857531502,0.0046646000118926167,rqmc,True,4096,4126023462,0,6.6613381477509392e-16,6.6613381477509392e-16,0.93030464331678475,1.0049999999999999,60,12,next-observation autocall principal redemption component only
40.473299220415555,9.1325888055180613,0.40749662061279368,0.0048585999757051468,rqmc,True,4096,365733725,0,6.6613381477509392e-16,6.6613381477509392e-16,0.93030464331678475,1.0049999999999999,60,13,next-observation autocall principal redemption component only
40.474289716376774,9.1363396828452004,0.40750659320619964,0.0047867000102996826,rqmc,True,4096,2079040619,0,6.6613381477509392e-16,6.6613381477509392e-16,0.93030464331678475,1.0049999999999999,60,14,next-observation autocall principal redemption component only
40.475151769123229,9.1319376303056394,0.40751527259700138,0.0047831999836489558,rqmc,True,4096,4255362386,0,6.6613381477509392e-16,6.6613381477509392e-16,0.93030464331678475,1.0049999999999999,60,15,next-observation autocall principal redemption component only
43.283549557872483,49.255729123620206,0.435791015625,0.0047588999150320888,rqmc,False,4096,3178115883,0,6.6613381477509392e-16,6.6613381477509392e-16,0.93030464331678475,1.02,60,0,next-observation autocall principal redemption component only
43.18655560928341,49.243070681482536,0.434814453125,0.0036505999742075801,rqmc,False,4096,1810413785,0,6.6613381477509392e-16,6.6613381477509392e-16,0.93030464331678475,1.02,60,1,next-observation autocall principal redemption component only
43.33204653216702,49.261985491713965,0.436279296875,0.0044603999704122543,rqmc,False,4096,3336008864,0,6.6613381477509392e-16,6.6613381477509392e-16,0.93030464331678475,1.02,60,2,next-observation autocall principal redemption component only
43.113810147841612,49.233449283347767,0.43408203125,0.0045653999550268054,rqmc,False,4096,2668929051,0,6.6613381477509392e-16,6.6613381477509392e-16,0.93030464331678475,1.02,60,3,next-observation autocall principal redemption component only
43.307798045019751,49.25886337681127,0.43603515625,0.0048493000213056803,rqmc,False,4096,1188774003,0,6.6613381477509392e-16,6.6613381477509392e-16,0.93030464331678475,1.02,60,4,next-observation autocall principal redemption component only
43.283549557872483,49.255729123620206,0.435791015625,0.0055240000365301967,rqmc,False,4096,1446517375,0,6.6613381477509392e-16,6.6613381477509392e-16,0.93030464331678475,1.02,60,5,next-observation autocall principal redemption component only
43.307798045019744,49.25886337681127,0.43603515625,0.0055084999185055494,rqmc,False,4096,30999857,0,6.6613381477509392e-16,6.6613381477509392e-16,0.93030464331678475,1.02,60,6,next-observation autocall principal redemption component only
43.453288967903354,49.277414072338949,0.4375,0.0042291999561712146,rqmc,False,4096,217309743,0,6.6613381477509392e-16,6.6613381477509392e-16,0.93030464331678475,1.02,60,7,next-observation autocall principal redemption component only
43.259301070725215,49.252582729823473,0.435546875,0.0035794998984783888,rqmc,False,4096,4002011958,0,6.6613381477509392e-16,6.6613381477509392e-16,0.93030464331678475,1.02,60,8,next-observation autocall principal redemption component only
43.598779890786965,49.295528281808551,0.43896484375,0.0044832000276073813,rqmc,False,4096,108336892,0,6.6613381477509392e-16,6.6613381477509392e-16,0.93030464331678475,1.02,60,9,next-observation autocall principal redemption component only
43.453288967903354,49.277414072338949,0.4375,0.0038696000119671226,rqmc,False,4096,1626899637,0,6.6613381477509392e-16,6.6613381477509392e-16,0.93030464331678475,1.02,60,10,next-observation autocall principal redemption component only
43.332046532167013,49.261985491713965,0.436279296875,0.0039398999651893973,rqmc,False,4096,2640148213,0,6.6613381477509392e-16,6.6613381477509392e-16,0.93030464331678475,1.02,60,11,next-observation autocall principal redemption component only
43.235052583577946,49.249424193094185,0.435302734375,0.0035874999593943357,rqmc,False,4096,1114154632,0,6.6613381477509392e-16,6.6613381477509392e-16,0.93030464331678475,1.02,60,12,next-observation autocall principal redemption component only
43.356295019314288,49.265095470636041,0.4365234375,0.003679900080896914,rqmc,False,4096,1339633353,0,6.6613381477509392e-16,6.6613381477509392e-16,0.93030464331678475,1.02,60,13,next-observation autocall principal redemption component only
43.380543506461549,49.268193315875692,0.436767578125,0.0049988999962806702,rqmc,False,4096,1260249713,0,6.6613381477509392e-16,6.6613381477509392e-16,0.93030464331678475,1.02,60,14,next-observation autocall principal redemption component only
43.307798045019751,49.25886337681127,0.43603515625,0.0044751000823453069,rqmc,False,4096,797688461,0,6.6613381477509392e-16,6.6613381477509392e-16,0.93030464331678475,1.02,60,15,next-observation autocall principal redemption component only
43.322254905053342,9.5378469417644318,0.43618071200457975,0.0057251999387517571,rqmc,True,4096,3178115883,0,6.6613381477509392e-16,6.6613381477509392e-16,0.93030464331678475,1.02,60,0,next-observation autocall principal redemption component only
43.322120889082079,9.5400017263098604,0.43617936269388724,0.0044647000031545758,rqmc,True,4096,1810413785,0,6.6613381477509392e-16,6.6613381477509392e-16,0.93030464331678475,1.02,60,1,next-observation autocall principal redemption component only
43.321875854177399,9.5379228089138035,0.43617689561318185,0.0064062000019475818,rqmc,True,4096,3336008864,0,6.6613381477509392e-16,6.6613381477509392e-16,0.93030464331678475,1.02,60,2,next-observation autocall principal redemption component only
43.321794454655318,9.5438903028508797,0.43617607605977737,0.0064398000249639153,rqmc,True,4096,2668929051,0,6.6613381477509392e-16,6.6613381477509392e-16,0.93030464331678475,1.02,60,3,next-observation autocall principal redemption component only
43.318921200648546,9.5464928532507578,0.4361471473260079,0.0051691000116989017,rqmc,True,4096,1188774003,0,6.6613381477509392e-16,6.6613381477509392e-16,0.93030464331678475,1.02,60,4,next-observation autocall principal redemption component only
43.318671304566401,9.5452711387427787,0.43614463130159331,0.0053990000160411,rqmc,True,4096,1446517375,0,6.6613381477509392e-16,6.6613381477509392e-16,0.93030464331678475,1.02,60,5,next-observation autocall principal redemption component only
43.324022692083027,9.5445417730351263,0.43619851058424669,0.0049568000249564648,rqmc,True,4096,30999857,0,6.6613381477509392e-16,6.6613381477509392e-16,0.93030464331678475,1.02,60,6,next-observation autocall principal redemption component only
43.322623861752049,9.5359248704834272,0.43618442676494701,0.0055061000166460872,rqmc,True,4096,217309743,0,6.6613381477509392e-16,6.6613381477509392e-16,0.93030464331678475,1.02,60,7,next-observation autocall principal redemption component only
43.319937761428179,9.5423919988598414,0.43615738234737567,0.0050303000025451183,rqmc,True,4096,4002011958,0,6.6613381477509392e-16,6.6613381477509392e-16,0.93030464331678475,1.02,60,8,next-observation autocall principal redemption component only
43.32183435729641,9.5394588731579351,0.43617647781085062,0.0046200000215321779,rqmc,True,4096,108336892,0,6.6613381477509392e-16,6.6613381477509392e-16,0.93030464331678475,1.02,60,9,next-observation autocall principal redemption component only
43.320242320788317,9.5476434717492129,0.43616044873712956,0.0044747000792995095,rqmc,True,4096,1626899637,0,6.6613381477509392e-16,6.6613381477509392e-16,0.93030464331678475,1.02,60,10,next-observation autocall principal redemption component only
43.322950124197092,9.5392966787527111,0.4361877116674962,0.004472999949939549,rqmc,True,4096,2640148213,0,6.6613381477509392e-16,6.6613381477509392e-16,0.93030464331678475,1.02,60,11,next-observation autocall principal redemption component only
43.320287465340989,9.5385375849668232,0.43616090326525081,0.0049703000113368034,rqmc,True,4096,1114154632,0,6.6613381477509392e-16,6.6613381477509392e-16,0.93030464331678475,1.02,60,12,next-observation autocall principal redemption component only
43.321316224422723,9.5362509269174787,0.43617126110257326,0.0044447999680414796,rqmc,True,4096,1339633353,0,6.6613381477509392e-16,6.6613381477509392e-16,0.93030464331678475,1.02,60,13,next-observation autocall principal redemption component only
43.323075144117411,9.5419221784774191,0.43618897040340415,0.0049853000091388822,rqmc,True,4096,1260249713,0,6.6613381477509392e-16,6.6613381477509392e-16,0.93030464331678475,1.02,60,14,next-observation autocall principal redemption component only
43.323578451956799,9.5421666225640376,0.43619403784904431,0.0054219999583438039,rqmc,True,4096,797688461,0,6.6613381477509392e-16,6.6613381477509392e-16,0.93030464331678475,1.02,60,15,next-observation autocall principal redemption component only
