estimator,replication,bump,direction,value,path_sd,call_probability,runtime_seconds,method,smooth,n_paths,seed,probability_clipping_rate,orthogonality_error,correlation_error,minimum_final_loading,asset
AC-raw-MC,0,0.0,base,36.05139164528124,48.01230500799401,0.360595703125,0.0019038000027649105,mc,False,4096,2159189034,0.0,6.661338147750939e-16,6.661338147750939e-16,0.9303046433167848,
AC-raw-MC,0,0.001,minus,35.95375754468468,47.983848611990155,0.359619140625,0.0014750999980606139,mc,False,4096,2159189034,0.0,6.661338147750939e-16,6.661338147750939e-16,0.9303046433167848,asset_1
AC-raw-MC,0,0.001,plus,36.22225132132523,48.06158579575039,0.3623046875,0.0013471999554894865,mc,False,4096,2159189034,0.0,6.661338147750939e-16,6.661338147750939e-16,0.9303046433167848,asset_1
AC-raw-MC,0,0.0025,minus,35.56322114229842,47.86786202099478,0.355712890625,0.0011611999943852425,mc,False,4096,2159189034,0.0,6.661338147750939e-16,6.661338147750939e-16,0.9303046433167848,asset_1
AC-raw-MC,0,0.0025,plus,36.295476896772655,48.08250476591133,0.363037109375,0.001108700002077967,mc,False,4096,2159189034,0.0,6.661338147750939e-16,6.661338147750939e-16,0.9303046433167848,asset_1
AC-raw-MC,0,0.005,minus,34.074301108200814,47.39354019111312,0.3408203125,0.0008007999858818948,mc,False,4096,2159189034,0.0,6.661338147750939e-16,6.661338147750939e-16,0.9303046433167848,asset_1
AC-raw-MC,0,0.005,plus,36.34429394707094,48.09638374059329,0.363525390625,0.0011346000246703625,mc,False,4096,2159189034,0.0,6.661338147750939e-16,6.661338147750939e-16,0.9303046433167848,asset_1
AC-raw-MC,0,0.01,minus,28.362706223301828,45.07416376898302,0.28369140625,0.0013944999664090574,mc,False,4096,2159189034,0.0,6.661338147750939e-16,6.661338147750939e-16,0.9303046433167848,asset_1
AC-raw-MC,0,0.01,plus,36.36870247222008,48.103303143722904,0.36376953125,0.0008578000124543905,mc,False,4096,2159189034,0.0,6.661338147750939e-16,6.661338147750939e-16,0.9303046433167848,asset_1
AC-raw-MC,0,0.001,minus,35.22150179021044,47.76352272792545,0.352294921875,0.0009450999787077308,mc,False,4096,2159189034,0.0,6.661338147750939e-16,6.661338147750939e-16,0.9303046433167848,asset_2
AC-raw-MC,0,0.001,plus,37.125366751843444,48.31119534818317,0.371337890625,0.0011375999893061817,mc,False,4096,2159189034,0.0,6.661338147750939e-16,6.661338147750939e-16,0.9303046433167848,asset_2
AC-raw-MC,0,0.0025,minus,33.756990281261984,47.28577881697413,0.337646484375,0.0009693999891169369,mc,False,4096,2159189034,0.0,6.661338147750939e-16,6.661338147750939e-16,0.9303046433167848,asset_2
AC-raw-MC,0,0.0025,plus,38.07729923265994,48.5547232723661,0.380859375,0.0010707000037655234,mc,False,4096,2159189034,0.0,6.661338147750939e-16,6.661338147750939e-16,0.9303046433167848,asset_2
AC-raw-MC,0,0.005,minus,31.5602230178393,46.47349889239544,0.315673828125,0.0012815000372938812,mc,False,4096,2159189034,0.0,6.661338147750939e-16,6.661338147750939e-16,0.9303046433167848,asset_2
AC-raw-MC,0,0.005,plus,39.20009138952042,48.81654102471253,0.39208984375,0.0011620000004768372,mc,False,4096,2159189034,0.0,6.661338147750939e-16,6.661338147750939e-16,0.9303046433167848,asset_2
AC-raw-MC,0,0.01,minus,25.799811082642023,43.75194890720726,0.258056640625,0.000999899988528341,mc,False,4096,2159189034,0.0,6.661338147750939e-16,6.661338147750939e-16,0.9303046433167848,asset_2
AC-raw-MC,0,0.01,plus,40.71341994876717,49.12662440530739,0.4072265625,0.0008666999638080597,mc,False,4096,2159189034,0.0,6.661338147750939e-16,6.661338147750939e-16,0.9303046433167848,asset_2
AC-raw-MC,0,0.001,minus,34.660105711780204,47.58628334981862,0.3466796875,0.0008810999570414424,mc,False,4096,2159189034,0.0,6.661338147750939e-16,6.661338147750939e-16,0.9303046433167848,asset_3
AC-raw-MC,0,0.001,plus,37.73557988057197,48.46959540616883,0.37744140625,0.000991899985820055,mc,False,4096,2159189034,0.0,6.661338147750939e-16,6.661338147750939e-16,0.9303046433167848,asset_3
AC-raw-MC,0,0.0025,minus,33.02473452678775,47.027983983069966,0.330322265625,0.000868900038767606,mc,False,4096,2159189034,0.0,6.661338147750939e-16,6.661338147750939e-16,0.9303046433167848,asset_3
AC-raw-MC,0,0.0025,plus,39.66385336735411,48.91675223199614,0.396728515625,0.0012097000144422054,mc,False,4096,2159189034,0.0,6.661338147750939e-16,6.661338147750939e-16,0.9303046433167848,asset_3
AC-raw-MC,0,0.005,minus,29.217004603521765,45.47427066433919,0.292236328125,0.0009212000295519829,mc,False,4096,2159189034,0.0,6.661338147750939e-16,6.661338147750939e-16,0.9303046433167848,asset_3
AC-raw-MC,0,0.005,plus,42.934595737338995,49.49448793405247,0.429443359375,0.0011627000058069825,mc,False,4096,2159189034,0.0,6.661338147750939e-16,6.661338147750939e-16,0.9303046433167848,asset_3
AC-raw-MC,0,0.01,minus,21.406276555796648,41.01614545211965,0.214111328125,0.0016896000015549362,mc,False,4096,2159189034,0.0,6.661338147750939e-16,6.661338147750939e-16,0.9303046433167848,asset_3
AC-raw-MC,0,0.01,plus,46.40060630851701,49.86581026363693,0.464111328125,0.0011304999934509397,mc,False,4096,2159189034,0.0,6.661338147750939e-16,6.661338147750939e-16,0.9303046433167848,asset_3
AC-raw-MC,1,0.0,base,36.27106837162351,48.07554518276271,0.36279296875,0.000986300001386553,mc,False,4096,4145761959,0.0,6.661338147750939e-16,6.661338147750939e-16,0.9303046433167848,
AC-raw-MC,1,0.001,minus,36.100208695579525,48.02645243407754,0.361083984375,0.000935099960770458,mc,False,4096,4145761959,0.0,6.661338147750939e-16,6.661338147750939e-16,0.9303046433167848,asset_1
AC-raw-MC,1,0.001,plus,36.393110997369206,48.110209165084896,0.364013671875,0.0008928999886848032,mc,False,4096,4145761959,0.0,6.661338147750939e-16,6.661338147750939e-16,0.9303046433167848,asset_1
AC-raw-MC,1,0.0025,minus,35.709672293193265,47.91176303571321,0.357177734375,0.0015022000297904015,mc,False,4096,4145761959,0.0,6.661338147750939e-16,6.661338147750939e-16,0.9303046433167848,asset_1
AC-raw-MC,1,0.0025,plus,36.44192804766749,48.123981085539064,0.364501953125,0.001033600012306124,mc,False,4096,4145761959,0.0,6.661338147750939e-16,6.661338147750939e-16,0.9303046433167848,asset_1
AC-raw-MC,1,0.005,minus,34.58688013633278,47.562627841709784,0.345947265625,0.0010379999876022339,mc,False,4096,4145761959,0.0,6.661338147750939e-16,6.661338147750939e-16,0.9303046433167848,asset_1
AC-raw-MC,1,0.005,plus,36.49074509796577,48.13769954787739,0.364990234375,0.0009008000488393009,mc,False,4096,4145761959,0.0,6.661338147750939e-16,6.661338147750939e-16,0.9303046433167848,asset_1
AC-raw-MC,1,0.01,minus,28.89969377658293,45.327951868964654,0.2890625,0.0008159000426530838,mc,False,4096,4145761959,0.0,6.661338147750939e-16,6.661338147750939e-16,0.9303046433167848,asset_1
AC-raw-MC,1,0.01,plus,36.51515362311491,48.14453874654056,0.365234375,0.0011386999976821244,mc,False,4096,4145761959,0.0,6.661338147750939e-16,6.661338147750939e-16,0.9303046433167848,asset_1
AC-raw-MC,1,0.001,minus,35.75848934349155,47.9262882979828,0.357666015625,0.0012866000179201365,mc,False,4096,4145761959,0.0,6.661338147750939e-16,6.661338147750939e-16,0.9303046433167848,asset_2
AC-raw-MC,1,0.001,plus,36.930098550650314,48.25876755733981,0.369384765625,0.0012604999938048422,mc,False,4096,4145761959,0.0,6.661338147750939e-16,6.661338147750939e-16,0.9303046433167848,asset_2
AC-raw-MC,1,0.0025,minus,34.464837510587074,47.522925035660904,0.3447265625,0.0009934999980032444,mc,False,4096,4145761959,0.0,6.661338147750939e-16,6.661338147750939e-16,0.9303046433167848,asset_2
AC-raw-MC,1,0.0025,plus,37.833213981168534,48.49417867324081,0.37841796875,0.0008645000052638352,mc,False,4096,4145761959,0.0,6.661338147750939e-16,6.661338147750939e-16,0.9303046433167848,asset_2
AC-raw-MC,1,0.005,minus,32.26807024716439,46.74805167716993,0.32275390625,0.0011922999983653426,mc,False,4096,4145761959,0.0,6.661338147750939e-16,6.661338147750939e-16,0.9303046433167848,asset_2
AC-raw-MC,1,0.005,plus,39.07804876377472,48.78940260093376,0.390869140625,0.0014961000415496528,mc,False,4096,4145761959,0.0,6.661338147750939e-16,6.661338147750939e-16,0.9303046433167848,asset_2
AC-raw-MC,1,0.01,minus,26.43443273651969,44.096929841996996,0.264404296875,0.001359500049147755,mc,False,4096,4145761959,0.0,6.661338147750939e-16,6.661338147750939e-16,0.9303046433167848,asset_2
AC-raw-MC,1,0.01,plus,40.73782847391631,49.13122764541825,0.407470703125,0.0007845999789424241,mc,False,4096,4145761959,0.0,6.661338147750939e-16,6.661338147750939e-16,0.9303046433167848,asset_2
AC-raw-MC,1,0.001,minus,35.1970932650613,47.755967609684404,0.35205078125,0.0006260999944061041,mc,False,4096,4145761959,0.0,6.661338147750939e-16,6.661338147750939e-16,0.9303046433167848,asset_3
AC-raw-MC,1,0.001,plus,37.296226427887426,48.35637605624878,0.373046875,0.0009632000001147389,mc,False,4096,4145761959,0.0,6.661338147750939e-16,6.661338147750939e-16,0.9303046433167848,asset_3
AC-raw-MC,1,0.0025,minus,33.244411253130025,47.10666605626968,0.33251953125,0.0012765999999828637,mc,False,4096,4145761959,0.0,6.661338147750939e-16,6.661338147750939e-16,0.9303046433167848,asset_3
AC-raw-MC,1,0.0025,plus,39.615036317055825,48.906420497846604,0.396240234375,0.000936599972192198,mc,False,4096,4145761959,0.0,6.661338147750939e-16,6.661338147750939e-16,0.9303046433167848,asset_3
AC-raw-MC,1,0.005,minus,29.558723955609736,45.62885174356215,0.295654296875,0.0008789999992586672,mc,False,4096,4145761959,0.0,6.661338147750939e-16,6.661338147750939e-16,0.9303046433167848,asset_3
AC-raw-MC,1,0.005,plus,42.42201670920704,49.4187033236481,0.42431640625,0.0009494999540038407,mc,False,4096,4145761959,0.0,6.661338147750939e-16,6.661338147750939e-16,0.9303046433167848,asset_3
AC-raw-MC,1,0.01,minus,21.625953282138912,41.16839507857699,0.21630859375,0.0009908999782055616,mc,False,4096,4145761959,0.0,6.661338147750939e-16,6.661338147750939e-16,0.9303046433167848,asset_3
AC-raw-MC,1,0.01,plus,46.54705745941186,49.876134430749374,0.465576171875,0.0017943999846465886,mc,False,4096,4145761959,0.0,6.661338147750939e-16,6.661338147750939e-16,0.9303046433167848,asset_3
AC-raw-MC,2,0.0,base,35.46558704170185,47.83832315669683,0.354736328125,0.001292100001592189,mc,False,4096,1757888678,0.0,6.661338147750939e-16,6.661338147750939e-16,0.9303046433167848,
AC-raw-MC,2,0.001,minus,35.29472736565786,47.786106092183985,0.35302734375,0.0013670999906025827,mc,False,4096,1757888678,0.0,6.661338147750939e-16,6.661338147750939e-16,0.9303046433167848,asset_1
AC-raw-MC,2,0.001,plus,35.63644671774584,47.88987355506341,0.3564453125,0.0017442000098526478,mc,False,4096,1757888678,0.0,6.661338147750939e-16,6.661338147750939e-16,0.9303046433167848,asset_1
AC-raw-MC,2,0.0025,minus,34.75773981237677,47.6176305412718,0.34765625,0.0013447999954223633,mc,False,4096,1757888678,0.0,6.661338147750939e-16,6.661338147750939e-16,0.9303046433167848,asset_1
AC-raw-MC,2,0.0025,plus,35.734080818342406,47.91903243521761,0.357421875,0.0011077000526711345,mc,False,4096,1757888678,0.0,6.661338147750939e-16,6.661338147750939e-16,0.9303046433167848,asset_1
AC-raw-MC,2,0.005,minus,33.68376470581456,47.26057329206753,0.3369140625,0.001299199997447431,mc,False,4096,1757888678,0.0,6.661338147750939e-16,6.661338147750939e-16,0.9303046433167848,asset_1
AC-raw-MC,2,0.005,plus,35.78289786864069,47.933530630156085,0.35791015625,0.0010928999981842935,mc,False,4096,1757888678,0.0,6.661338147750939e-16,6.661338147750939e-16,0.9303046433167848,asset_1
AC-raw-MC,2,0.01,minus,27.825718670020724,44.81250278899,0.2783203125,0.0011966999736614525,mc,False,4096,1757888678,0.0,6.661338147750939e-16,6.661338147750939e-16,0.9303046433167848,asset_1
AC-raw-MC,2,0.01,plus,35.83171491893897,47.94797472724033,0.3583984375,0.001269900007173419,mc,False,4096,1757888678,0.0,6.661338147750939e-16,6.661338147750939e-16,0.9303046433167848,asset_1
AC-raw-MC,2,0.001,minus,34.684514236929346,47.594140864637424,0.346923828125,0.0009390999912284315,mc,False,4096,1757888678,0.0,6.661338147750939e-16,6.661338147750939e-16,0.9303046433167848,asset_2
AC-raw-MC,2,0.001,plus,36.46633657281663,48.13084699611163,0.36474609375,0.0011859999503940344,mc,False,4096,1757888678,0.0,6.661338147750939e-16,6.661338147750939e-16,0.9303046433167848,asset_2
AC-raw-MC,2,0.0025,minus,33.31763682857745,47.13263664279131,0.333251953125,0.001499099947977811,mc,False,4096,1757888678,0.0,6.661338147750939e-16,6.661338147750939e-16,0.9303046433167848,asset_2
AC-raw-MC,2,0.0025,plus,37.44267757878227,48.394588569685986,0.37451171875,0.0017033999902196229,mc,False,4096,1757888678,0.0,6.661338147750939e-16,6.661338147750939e-16,0.9303046433167848,asset_2
AC-raw-MC,2,0.005,minus,31.120869565154763,46.29682356196728,0.311279296875,0.0008594000246375799,mc,False,4096,1757888678,0.0,6.661338147750939e-16,6.661338147750939e-16,0.9303046433167848,asset_2
AC-raw-MC,2,0.005,plus,39.053640238625576,48.78393645795901,0.390625,0.0006369000184349716,mc,False,4096,1757888678,0.0,6.661338147750939e-16,6.661338147750939e-16,0.9303046433167848,asset_2
AC-raw-MC,2,0.01,minus,25.799811082642023,43.75194890720726,0.258056640625,0.0007277000113390386,mc,False,4096,1757888678,0.0,6.661338147750939e-16,6.661338147750939e-16,0.9303046433167848,asset_2
AC-raw-MC,2,0.01,plus,40.664602898468885,49.117380233060864,0.40673828125,0.0012792999623343349,mc,False,4096,1757888678,0.0,6.661338147750939e-16,6.661338147750939e-16,0.9303046433167848,asset_2
AC-raw-MC,2,0.001,minus,34.0010755327534,47.36888264776419,0.340087890625,0.002038000035099685,mc,False,4096,1757888678,0.0,6.661338147750939e-16,6.661338147750939e-16,0.9303046433167848,asset_3
AC-raw-MC,2,0.001,plus,36.71042182430804,48.19877230393128,0.3671875,0.001313400047365576,mc,False,4096,1757888678,0.0,6.661338147750939e-16,6.661338147750939e-16,0.9303046433167848,asset_3
AC-raw-MC,2,0.0025,minus,32.194844671716965,46.72022193736884,0.322021484375,0.0012112000258639455,mc,False,4096,1757888678,0.0,6.661338147750939e-16,6.661338147750939e-16,0.9303046433167848,asset_3
AC-raw-MC,2,0.0025,plus,38.199341858405646,48.5845073183708,0.382080078125,0.001284700003452599,mc,False,4096,1757888678,0.0,6.661338147750939e-16,6.661338147750939e-16,0.9303046433167848,asset_3
AC-raw-MC,2,0.005,minus,28.19184654725784,44.99176844634972,0.281982421875,0.001665899995714426,mc,False,4096,1757888678,0.0,6.661338147750939e-16,6.661338147750939e-16,0.9303046433167848,asset_3
AC-raw-MC,2,0.005,plus,41.22599897689912,49.220659611529186,0.412353515625,0.0014111999771557748,mc,False,4096,1757888678,0.0,6.661338147750939e-16,6.661338147750939e-16,0.9303046433167848,asset_3
AC-raw-MC,2,0.01,minus,19.966173571997327,39.97382307743854,0.19970703125,0.0010683999862521887,mc,False,4096,1757888678,0.0,6.661338147750939e-16,6.661338147750939e-16,0.9303046433167848,asset_3
AC-raw-MC,2,0.01,plus,45.44867382770052,49.78814918811062,0.45458984375,0.0010793000110425055,mc,False,4096,1757888678,0.0,6.661338147750939e-16,6.661338147750939e-16,0.9303046433167848,asset_3
AC-raw-MC,3,0.0,base,36.0269831201321,48.00521111092886,0.3603515625,0.0015239000204019248,mc,False,4096,1830074249,0.0,6.661338147750939e-16,6.661338147750939e-16,0.9303046433167848,
AC-raw-MC,3,0.001,minus,35.83171491893897,47.94797472724033,0.3583984375,0.0011286999797448516,mc,False,4096,1830074249,0.0,6.661338147750939e-16,6.661338147750939e-16,0.9303046433167848,asset_1
AC-raw-MC,3,0.001,plus,36.17343427102694,48.04757274214778,0.36181640625,0.0011426000273786485,mc,False,4096,1830074249,0.0,6.661338147750939e-16,6.661338147750939e-16,0.9303046433167848,asset_1
AC-raw-MC,3,0.0025,minus,35.34354441595615,47.801093407499785,0.353515625,0.0012371999910101295,mc,False,4096,1830074249,0.0,6.661338147750939e-16,6.661338147750939e-16,0.9303046433167848,asset_1
AC-raw-MC,3,0.0025,plus,36.17343427102694,48.04757274214778,0.36181640625,0.0012538000009953976,mc,False,4096,1830074249,0.0,6.661338147750939e-16,6.661338147750939e-16,0.9303046433167848,asset_1
AC-raw-MC,3,0.005,minus,33.586130605218,47.22676834359785,0.3359375,0.0011517999810166657,mc,False,4096,1830074249,0.0,6.661338147750939e-16,6.661338147750939e-16,0.9303046433167848,asset_1
AC-raw-MC,3,0.005,plus,36.19784279617608,48.054585980202944,0.362060546875,0.0010283999727107584,mc,False,4096,1830074249,0.0,6.661338147750939e-16,6.661338147750939e-16,0.9303046433167848,asset_1
AC-raw-MC,3,0.01,minus,27.825718670020727,44.81250278899,0.2783203125,0.000987500010523945,mc,False,4096,1830074249,0.0,6.661338147750939e-16,6.661338147750939e-16,0.9303046433167848,asset_1
AC-raw-MC,3,0.01,plus,36.19784279617608,48.054585980202944,0.362060546875,0.001034800021443516,mc,False,4096,1830074249,0.0,6.661338147750939e-16,6.661338147750939e-16,0.9303046433167848,asset_1
AC-raw-MC,3,0.001,minus,35.24591031535958,47.771064176776505,0.3525390625,0.0020044000120833516,mc,False,4096,1830074249,0.0,6.661338147750939e-16,6.661338147750939e-16,0.9303046433167848,asset_2
AC-raw-MC,3,0.001,plus,36.734830349457184,48.20549157900009,0.367431640625,0.0014984000008553267,mc,False,4096,1830074249,0.0,6.661338147750939e-16,6.661338147750939e-16,0.9303046433167848,asset_2
AC-raw-MC,3,0.0025,minus,33.952258482455115,47.35237422821691,0.339599609375,0.0010290999780409038,mc,False,4096,1830074249,0.0,6.661338147750939e-16,6.661338147750939e-16,0.9303046433167848,asset_2
AC-raw-MC,3,0.0025,plus,37.73557988057196,48.46959540616882,0.37744140625,0.0008669000235386193,mc,False,4096,1830074249,0.0,6.661338147750939e-16,6.661338147750939e-16,0.9303046433167848,asset_2
AC-raw-MC,3,0.005,minus,31.31613776634789,46.375943021725995,0.313232421875,0.0019329999922774732,mc,False,4096,1830074249,0.0,6.661338147750939e-16,6.661338147750939e-16,0.9303046433167848,asset_2
AC-raw-MC,3,0.005,plus,39.34654254041527,48.84868465523222,0.3935546875,0.0009899000287987292,mc,False,4096,1830074249,0.0,6.661338147750939e-16,6.661338147750939e-16,0.9303046433167848,asset_2
AC-raw-MC,3,0.01,minus,25.92185370838773,43.81921631068311,0.25927734375,0.0011198999709449708,mc,False,4096,1830074249,0.0,6.661338147750939e-16,6.661338147750939e-16,0.9303046433167848,asset_2
AC-raw-MC,3,0.01,plus,40.9086881499603,49.163098862229106,0.4091796875,0.0010390999959781766,mc,False,4096,1830074249,0.0,6.661338147750939e-16,6.661338147750939e-16,0.9303046433167848,asset_2
AC-raw-MC,3,0.001,minus,34.87978243812247,47.656504183986975,0.348876953125,0.0012093999539501965,mc,False,4096,1830074249,0.0,6.661338147750939e-16,6.661338147750939e-16,0.9303046433167848,asset_3
AC-raw-MC,3,0.001,plus,37.808805456019385,48.48805246004776,0.378173828125,0.0012140999897383153,mc,False,4096,1830074249,0.0,6.661338147750939e-16,6.661338147750939e-16,0.9303046433167848,asset_3
AC-raw-MC,3,0.0025,minus,32.78064927529634,46.939198707169375,0.327880859375,0.0009736000210978091,mc,False,4096,1830074249,0.0,6.661338147750939e-16,6.661338147750939e-16,0.9303046433167848,asset_3
AC-raw-MC,3,0.0025,plus,39.85912156854724,48.957570479514644,0.398681640625,0.0008700999896973372,mc,False,4096,1830074249,0.0,6.661338147750939e-16,6.661338147750939e-16,0.9303046433167848,asset_3
AC-raw-MC,3,0.005,minus,28.777651150837226,45.27095713666476,0.287841796875,0.0017426999984309077,mc,False,4096,1830074249,0.0,6.661338147750939e-16,6.661338147750939e-16,0.9303046433167848,asset_3
AC-raw-MC,3,0.005,plus,42.714919010996724,49.46267362467741,0.42724609375,0.0015711000305600464,mc,False,4096,1830074249,0.0,6.661338147750939e-16,6.661338147750939e-16,0.9303046433167848,asset_3
AC-raw-MC,3,0.01,minus,21.455093606094927,41.05012912018916,0.214599609375,0.0014948000316508114,mc,False,4096,1830074249,0.0,6.661338147750939e-16,6.661338147750939e-16,0.9303046433167848,asset_3
AC-raw-MC,3,0.01,plus,46.59587450971014,49.879479767172924,0.466064453125,0.0010618000524118543,mc,False,4096,1830074249,0.0,6.661338147750939e-16,6.661338147750939e-16,0.9303046433167848,asset_3
AC-raw-MC,4,0.0,base,35.51440409200014,47.8531197743588,0.355224609375,0.0009218000341206789,mc,False,4096,609230738,0.0,6.661338147750939e-16,6.661338147750939e-16,0.9303046433167848,
AC-raw-MC,4,0.001,minus,35.3679529411053,47.80856660617719,0.353759765625,0.001196000026538968,mc,False,4096,609230738,0.0,6.661338147750939e-16,6.661338147750939e-16,0.9303046433167848,asset_1
AC-raw-MC,4,0.001,plus,35.709672293193265,47.91176303571321,0.357177734375,0.0011825999827124178,mc,False,4096,609230738,0.0,6.661338147750939e-16,6.661338147750939e-16,0.9303046433167848,asset_1
AC-raw-MC,4,0.0025,minus,34.97741653871904,47.68735534709198,0.349853515625,0.0012637999607250094,mc,False,4096,609230738,0.0,6.661338147750939e-16,6.661338147750939e-16,0.9303046433167848,asset_1
AC-raw-MC,4,0.0025,plus,35.75848934349155,47.9262882979828,0.357666015625,0.0010590999736450613,mc,False,4096,609230738,0.0,6.661338147750939e-16,6.661338147750939e-16,0.9303046433167848,asset_1
AC-raw-MC,4,0.005,minus,33.70817323096371,47.26898923412369,0.337158203125,0.0007512000156566501,mc,False,4096,609230738,0.0,6.661338147750939e-16,6.661338147750939e-16,0.9303046433167848,asset_1
AC-raw-MC,4,0.005,plus,35.904940494386395,47.96953954623908,0.359130859375,0.000874800025485456,mc,False,4096,609230738,0.0,6.661338147750939e-16,6.661338147750939e-16,0.9303046433167848,asset_1
AC-raw-MC,4,0.01,minus,27.45959079278361,44.62951287860581,0.274658203125,0.0012137999874539673,mc,False,4096,609230738,0.0,6.661338147750939e-16,6.661338147750939e-16,0.9303046433167848,asset_1
AC-raw-MC,4,0.01,plus,35.929349019535536,47.97670082310664,0.359375,0.0010593999759294093,mc,False,4096,609230738,0.0,6.661338147750939e-16,6.661338147750939e-16,0.9303046433167848,asset_1
AC-raw-MC,4,0.001,minus,34.97741653871904,47.68735534709199,0.349853515625,0.0011402000091038644,mc,False,4096,609230738,0.0,6.661338147750939e-16,6.661338147750939e-16,0.9303046433167848,asset_2
AC-raw-MC,4,0.001,plus,36.24665984647437,48.068572194653925,0.362548828125,0.0009489000076428056,mc,False,4096,609230738,0.0,6.661338147750939e-16,6.661338147750939e-16,0.9303046433167848,asset_2
AC-raw-MC,4,0.0025,minus,33.87903290700769,47.327506366302906,0.3388671875,0.0008444000268355012,mc,False,4096,609230738,0.0,6.661338147750939e-16,6.661338147750939e-16,0.9303046433167848,asset_2
AC-raw-MC,4,0.0025,plus,37.44267757878227,48.394588569685986,0.37451171875,0.0010507000260986388,mc,False,4096,609230738,0.0,6.661338147750939e-16,6.661338147750939e-16,0.9303046433167848,asset_2
AC-raw-MC,4,0.005,minus,31.36495481664617,46.39557336135867,0.313720703125,0.0009262000094167888,mc,False,4096,609230738,0.0,6.661338147750939e-16,6.661338147750939e-16,0.9303046433167848,asset_2
AC-raw-MC,4,0.005,plus,38.71192088653761,48.706061381465595,0.38720703125,0.0010133999749086797,mc,False,4096,609230738,0.0,6.661338147750939e-16,6.661338147750939e-16,0.9303046433167848,asset_2
AC-raw-MC,4,0.01,minus,25.775402557492882,43.738442138108105,0.2578125,0.000896100013051182,mc,False,4096,609230738,0.0,6.661338147750939e-16,6.661338147750939e-16,0.9303046433167848,asset_2
AC-raw-MC,4,0.01,plus,40.56696879787232,49.09874102091439,0.40576171875,0.0008135999669320881,mc,False,4096,609230738,0.0,6.661338147750939e-16,6.661338147750939e-16,0.9303046433167848,asset_2
AC-raw-MC,4,0.001,minus,34.17193520879738,47.426221060796166,0.341796875,0.0007907000253908336,mc,False,4096,609230738,0.0,6.661338147750939e-16,6.661338147750939e-16,0.9303046433167848,asset_3
AC-raw-MC,4,0.001,plus,36.85687297520289,48.23888861240036,0.36865234375,0.0012421999708749354,mc,False,4096,609230738,0.0,6.661338147750939e-16,6.661338147750939e-16,0.9303046433167848,asset_3
AC-raw-MC,4,0.0025,minus,32.07280204597126,46.673546806046424,0.32080078125,0.001302399963606149,mc,False,4096,609230738,0.0,6.661338147750939e-16,6.661338147750939e-16,0.9303046433167848,asset_3
AC-raw-MC,4,0.0025,plus,38.4678356350462,48.648890096869984,0.384765625,0.0013386000064201653,mc,False,4096,609230738,0.0,6.661338147750939e-16,6.661338147750939e-16,0.9303046433167848,asset_3
AC-raw-MC,4,0.005,minus,27.996578346064712,44.8966208226187,0.280029296875,0.0010015000007115304,mc,False,4096,609230738,0.0,6.661338147750939e-16,6.661338147750939e-16,0.9303046433167848,asset_3
AC-raw-MC,4,0.005,plus,41.25040750204827,49.224999831112896,0.41259765625,0.0008640000014565885,mc,False,4096,609230738,0.0,6.661338147750939e-16,6.661338147750939e-16,0.9303046433167848,asset_3
AC-raw-MC,4,0.01,minus,20.62520375102413,40.46051428868329,0.206298828125,0.0015928999637253582,mc,False,4096,609230738,0.0,6.661338147750939e-16,6.661338147750939e-16,0.9303046433167848,asset_3
AC-raw-MC,4,0.01,plus,45.35103972710395,49.779147577155925,0.45361328125,0.001661999966017902,mc,False,4096,609230738,0.0,6.661338147750939e-16,6.661338147750939e-16,0.9303046433167848,asset_3
AC-raw-MC,5,0.0,base,35.14827621476303,47.74081633906194,0.3515625,0.0010655000223778188,mc,False,4096,1110755746,0.0,6.661338147750939e-16,6.661338147750939e-16,0.9303046433167848,
AC-raw-MC,5,0.001,minus,34.879782438122476,47.656504183986975,0.348876953125,0.0008742999634705484,mc,False,4096,1110755746,0.0,6.661338147750939e-16,6.661338147750939e-16,0.9303046433167848,asset_1
AC-raw-MC,5,0.001,plus,35.29472736565787,47.786106092183985,0.35302734375,0.001360700000077486,mc,False,4096,1110755746,0.0,6.661338147750939e-16,6.661338147750939e-16,0.9303046433167848,asset_1
AC-raw-MC,5,0.0025,minus,34.41602046028879,47.50694681556823,0.34423828125,0.0012809000327251852,mc,False,4096,1110755746,0.0,6.661338147750939e-16,6.661338147750939e-16,0.9303046433167848,asset_1
AC-raw-MC,5,0.0025,plus,35.44117851655271,47.83090444296975,0.3544921875,0.0008246999932453036,mc,False,4096,1110755746,0.0,6.661338147750939e-16,6.661338147750939e-16,0.9303046433167848,asset_1
AC-raw-MC,5,0.005,minus,32.78064927529635,46.93919870716938,0.327880859375,0.0009207000257447362,mc,False,4096,1110755746,0.0,6.661338147750939e-16,6.661338147750939e-16,0.9303046433167848,asset_1
AC-raw-MC,5,0.005,plus,35.44117851655271,47.83090444296975,0.3544921875,0.0010248999460600317,mc,False,4096,1110755746,0.0,6.661338147750939e-16,6.661338147750939e-16,0.9303046433167848,asset_1
AC-raw-MC,5,0.01,minus,27.14227996584478,44.4678736027408,0.271484375,0.001402700028847903,mc,False,4096,1110755746,0.0,6.661338147750939e-16,6.661338147750939e-16,0.9303046433167848,asset_1
AC-raw-MC,5,0.01,plus,35.46558704170185,47.83832315669682,0.354736328125,0.0009552999981679022,mc,False,4096,1110755746,0.0,6.661338147750939e-16,6.661338147750939e-16,0.9303046433167848,asset_1
AC-raw-MC,5,0.001,minus,34.31838635969223,47.474823614242815,0.34326171875,0.000990999978967011,mc,False,4096,1110755746,0.0,6.661338147750939e-16,6.661338147750939e-16,0.9303046433167848,asset_2
AC-raw-MC,5,0.001,plus,35.88053196923725,47.96236477534582,0.35888671875,0.0008234999841079116,mc,False,4096,1110755746,0.0,6.661338147750939e-16,6.661338147750939e-16,0.9303046433167848,asset_2
AC-raw-MC,5,0.0025,minus,33.12236862738432,47.06309665543934,0.331298828125,0.0010861000046133995,mc,False,4096,1110755746,0.0,6.661338147750939e-16,6.661338147750939e-16,0.9303046433167848,asset_2
AC-raw-MC,5,0.0025,plus,37.02773265124688,48.28508730247106,0.370361328125,0.0010370999807491899,mc,False,4096,1110755746,0.0,6.661338147750939e-16,6.661338147750939e-16,0.9303046433167848,asset_2
AC-raw-MC,5,0.005,minus,30.97441841425991,46.23685380834913,0.309814453125,0.0010212999768555164,mc,False,4096,1110755746,0.0,6.661338147750939e-16,6.661338147750939e-16,0.9303046433167848,asset_2
AC-raw-MC,5,0.005,plus,38.492244160195334,48.654665364334875,0.385009765625,0.0010290000354871154,mc,False,4096,1110755746,0.0,6.661338147750939e-16,6.661338147750939e-16,0.9303046433167848,asset_2
AC-raw-MC,5,0.01,minus,25.091963853316937,43.35296393618127,0.2509765625,0.0008903000270947814,mc,False,4096,1110755746,0.0,6.661338147750939e-16,6.661338147750939e-16,0.9303046433167848,asset_2
AC-raw-MC,5,0.01,plus,39.83471304339809,48.952512667037794,0.3984375,0.0011227999930270016,mc,False,4096,1110755746,0.0,6.661338147750939e-16,6.661338147750939e-16,0.9303046433167848,asset_2
AC-raw-MC,5,0.001,minus,33.56172208006886,47.218281773516004,0.335693359375,0.0010630999458953738,mc,False,4096,1110755746,0.0,6.661338147750939e-16,6.661338147750939e-16,0.9303046433167848,asset_3
AC-raw-MC,5,0.001,plus,36.61278772371148,48.1717621237494,0.3662109375,0.0016030999831855297,mc,False,4096,1110755746,0.0,6.661338147750939e-16,6.661338147750939e-16,0.9303046433167848,asset_3
AC-raw-MC,5,0.0025,minus,31.316137766347886,46.37594302172598,0.313232421875,0.000971200002823025,mc,False,4096,1110755746,0.0,6.661338147750939e-16,6.661338147750939e-16,0.9303046433167848,asset_3
AC-raw-MC,5,0.0025,plus,38.44342710989706,48.64310189282837,0.384521484375,0.0008216000278480351,mc,False,4096,1110755746,0.0,6.661338147750939e-16,6.661338147750939e-16,0.9303046433167848,asset_3
AC-raw-MC,5,0.005,minus,27.67926751912588,44.7397562734352,0.27685546875,0.0006600999622605741,mc,False,4096,1110755746,0.0,6.661338147750939e-16,6.661338147750939e-16,0.9303046433167848,asset_3
AC-raw-MC,5,0.005,plus,41.47008422839053,49.263500255681066,0.414794921875,0.0009243999957107008,mc,False,4096,1110755746,0.0,6.661338147750939e-16,6.661338147750939e-16,0.9303046433167848,asset_3
AC-raw-MC,5,0.01,minus,19.502411594163647,39.621181565931565,0.195068359375,0.0015980000025592744,mc,False,4096,1110755746,0.0,6.661338147750939e-16,6.661338147750939e-16,0.9303046433167848,asset_3
AC-raw-MC,5,0.01,plus,45.22899710135825,49.767623857786944,0.452392578125,0.0012848000042140484,mc,False,4096,1110755746,0.0,6.661338147750939e-16,6.661338147750939e-16,0.9303046433167848,asset_3
AC-raw-MC,6,0.0,base,36.19784279617609,48.054585980202944,0.362060546875,0.0010745999752543867,mc,False,4096,49015525,0.0,6.661338147750939e-16,6.661338147750939e-16,0.9303046433167848,
AC-raw-MC,6,0.001,minus,36.100208695579525,48.02645243407754,0.361083984375,0.0008972999639809132,mc,False,4096,49015525,0.0,6.661338147750939e-16,6.661338147750939e-16,0.9303046433167848,asset_1
AC-raw-MC,6,0.001,plus,36.31988542192179,48.08945094991973,0.36328125,0.0008670000243000686,mc,False,4096,49015525,0.0,6.661338147750939e-16,6.661338147750939e-16,0.9303046433167848,asset_1
AC-raw-MC,6,0.0025,minus,35.63644671774584,47.88987355506341,0.3564453125,0.001075299980584532,mc,False,4096,49015525,0.0,6.661338147750939e-16,6.661338147750939e-16,0.9303046433167848,asset_1
AC-raw-MC,6,0.0025,plus,36.41751952251835,48.11710181044114,0.3642578125,0.00118680001469329,mc,False,4096,49015525,0.0,6.661338147750939e-16,6.661338147750939e-16,0.9303046433167848,asset_1
AC-raw-MC,6,0.005,minus,34.07430110820082,47.39354019111312,0.3408203125,0.0009115999564528465,mc,False,4096,49015525,0.0,6.661338147750939e-16,6.661338147750939e-16,0.9303046433167848,asset_1
AC-raw-MC,6,0.005,plus,36.49074509796577,48.13769954787739,0.364990234375,0.0008654000121168792,mc,False,4096,49015525,0.0,6.661338147750939e-16,6.661338147750939e-16,0.9303046433167848,asset_1
AC-raw-MC,6,0.01,minus,27.99657834606471,44.8966208226187,0.280029296875,0.0007885000086389482,mc,False,4096,49015525,0.0,6.661338147750939e-16,6.661338147750939e-16,0.9303046433167848,asset_1
AC-raw-MC,6,0.01,plus,36.49074509796577,48.13769954787739,0.364990234375,0.0008222999749705195,mc,False,4096,49015525,0.0,6.661338147750939e-16,6.661338147750939e-16,0.9303046433167848,asset_1
AC-raw-MC,6,0.001,minus,35.22150179021044,47.76352272792545,0.352294921875,0.0016519000055268407,mc,False,4096,49015525,0.0,6.661338147750939e-16,6.661338147750939e-16,0.9303046433167848,asset_2
AC-raw-MC,6,0.001,plus,36.930098550650314,48.25876755733981,0.369384765625,0.001067899982444942,mc,False,4096,49015525,0.0,6.661338147750939e-16,6.661338147750939e-16,0.9303046433167848,asset_2
AC-raw-MC,6,0.0025,minus,33.83021585670941,47.31085755058892,0.33837890625,0.0008586999610997736,mc,False,4096,49015525,0.0,6.661338147750939e-16,6.661338147750939e-16,0.9303046433167848,asset_2
AC-raw-MC,6,0.0025,plus,37.75998840572111,48.475760831482496,0.377685546875,0.0010087999980896711,mc,False,4096,49015525,0.0,6.661338147750939e-16,6.661338147750939e-16,0.9303046433167848,asset_2
AC-raw-MC,6,0.005,minus,31.291729241198745,46.366105456488256,0.31298828125,0.0009972000261768699,mc,False,4096,49015525,0.0,6.661338147750939e-16,6.661338147750939e-16,0.9303046433167848,asset_2
AC-raw-MC,6,0.005,plus,38.85837203743245,48.73974508966212,0.388671875,0.001979699998628348,mc,False,4096,49015525,0.0,6.661338147750939e-16,6.661338147750939e-16,0.9303046433167848,asset_2
AC-raw-MC,6,0.01,minus,26.092713384431715,43.91264760332697,0.260986328125,0.0012434999807737768,mc,False,4096,49015525,0.0,6.661338147750939e-16,6.661338147750939e-16,0.9303046433167848,asset_2
AC-raw-MC,6,0.01,plus,40.469334697275755,49.07990046065424,0.40478515625,0.0011134000378660858,mc,False,4096,49015525,0.0,6.661338147750939e-16,6.661338147750939e-16,0.9303046433167848,asset_2
AC-raw-MC,6,0.001,minus,34.684514236929346,47.594140864637424,0.346923828125,0.0009421000140719116,mc,False,4096,49015525,0.0,6.661338147750939e-16,6.661338147750939e-16,0.9303046433167848,asset_3
AC-raw-MC,6,0.001,plus,37.58912872967712,48.432327984628536,0.3759765625,0.001345900003798306,mc,False,4096,49015525,0.0,6.661338147750939e-16,6.661338147750939e-16,0.9303046433167848,asset_3
AC-raw-MC,6,0.0025,minus,32.34129582261181,46.77575019983223,0.323486328125,0.0010483000078238547,mc,False,4096,49015525,0.0,6.661338147750939e-16,6.661338147750939e-16,0.9303046433167848,asset_3
AC-raw-MC,6,0.0025,plus,39.34654254041527,48.84868465523222,0.3935546875,0.000882200023625046,mc,False,4096,49015525,0.0,6.661338147750939e-16,6.661338147750939e-16,0.9303046433167848,asset_3
AC-raw-MC,6,0.005,minus,28.802059675986364,45.28238814229193,0.2880859375,0.0008601000299677253,mc,False,4096,49015525,0.0,6.661338147750939e-16,6.661338147750939e-16,0.9303046433167848,asset_3
AC-raw-MC,6,0.005,plus,42.17793145771563,49.380704047050685,0.421875,0.0008248999947682023,mc,False,4096,49015525,0.0,6.661338147750939e-16,6.661338147750939e-16,0.9303046433167848,asset_3
AC-raw-MC,6,0.01,minus,21.01574015341039,40.741149444434896,0.210205078125,0.0006266999989748001,mc,False,4096,49015525,0.0,6.661338147750939e-16,6.661338147750939e-16,0.9303046433167848,asset_3
AC-raw-MC,6,0.01,plus,45.765984654639354,49.81607135886646,0.457763671875,0.001081199967302382,mc,False,4096,49015525,0.0,6.661338147750939e-16,6.661338147750939e-16,0.9303046433167848,asset_3
AC-raw-MC,7,0.0,base,35.46558704170185,47.83832315669682,0.354736328125,0.0013507999829016626,mc,False,4096,1793435561,0.0,6.661338147750939e-16,6.661338147750939e-16,0.9303046433167848,
AC-raw-MC,7,0.001,minus,35.29472736565787,47.786106092183985,0.35302734375,0.0008524000295437872,mc,False,4096,1793435561,0.0,6.661338147750939e-16,6.661338147750939e-16,0.9303046433167848,asset_1
AC-raw-MC,7,0.001,plus,35.538812617149276,47.860497690910506,0.35546875,0.001966600015293807,mc,False,4096,1793435561,0.0,6.661338147750939e-16,6.661338147750939e-16,0.9303046433167848,asset_1
AC-raw-MC,7,0.0025,minus,34.879782438122476,47.656504183986975,0.348876953125,0.0013082000077702105,mc,False,4096,1793435561,0.0,6.661338147750939e-16,6.661338147750939e-16,0.9303046433167848,asset_1
AC-raw-MC,7,0.0025,plus,35.709672293193265,47.91176303571321,0.357177734375,0.0011894000344909728,mc,False,4096,1793435561,0.0,6.661338147750939e-16,6.661338147750939e-16,0.9303046433167848,asset_1
AC-raw-MC,7,0.005,minus,33.31763682857745,47.13263664279131,0.333251953125,0.0009591999696567655,mc,False,4096,1793435561,0.0,6.661338147750939e-16,6.661338147750939e-16,0.9303046433167848,asset_1
AC-raw-MC,7,0.005,plus,35.734080818342406,47.91903243521761,0.357421875,0.0007233000360429287,mc,False,4096,1793435561,0.0,6.661338147750939e-16,6.661338147750939e-16,0.9303046433167848,asset_1
AC-raw-MC,7,0.01,minus,27.532816368231032,44.66641098459951,0.275390625,0.0008513000211678445,mc,False,4096,1793435561,0.0,6.661338147750939e-16,6.661338147750939e-16,0.9303046433167848,asset_1
AC-raw-MC,7,0.01,plus,35.734080818342406,47.91903243521761,0.357421875,0.000872999953571707,mc,False,4096,1793435561,0.0,6.661338147750939e-16,6.661338147750939e-16,0.9303046433167848,asset_1
AC-raw-MC,7,0.001,minus,34.660105711780204,47.58628334981862,0.3466796875,0.0010716000106185675,mc,False,4096,1793435561,0.0,6.661338147750939e-16,6.661338147750939e-16,0.9303046433167848,asset_2
AC-raw-MC,7,0.001,plus,36.246659846474365,48.068572194653925,0.362548828125,0.002014599973335862,mc,False,4096,1793435561,0.0,6.661338147750939e-16,6.661338147750939e-16,0.9303046433167848,asset_2
AC-raw-MC,7,0.0025,minus,33.12236862738432,47.06309665543933,0.331298828125,0.0015756000066176057,mc,False,4096,1793435561,0.0,6.661338147750939e-16,6.661338147750939e-16,0.9303046433167848,asset_2
AC-raw-MC,7,0.0025,plus,37.320634953036574,48.3627777099696,0.373291015625,0.0011103999568149447,mc,False,4096,1793435561,0.0,6.661338147750939e-16,6.661338147750939e-16,0.9303046433167848,asset_2
AC-raw-MC,7,0.005,minus,30.852375788514205,46.18646471510396,0.30859375,0.001038299989886582,mc,False,4096,1793435561,0.0,6.661338147750939e-16,6.661338147750939e-16,0.9303046433167848,asset_2
AC-raw-MC,7,0.005,plus,38.41901858474792,48.637300747591404,0.38427734375,0.0010047000250779092,mc,False,4096,1793435561,0.0,6.661338147750939e-16,6.661338147750939e-16,0.9303046433167848,asset_2
AC-raw-MC,7,0.01,minus,26.214756010177418,43.97885621349087,0.26220703125,0.0009037000127136707,mc,False,4096,1793435561,0.0,6.661338147750939e-16,6.661338147750939e-16,0.9303046433167848,asset_2
AC-raw-MC,7,0.01,plus,39.8347130433981,48.952512667037794,0.3984375,0.0008314999868161976,mc,False,4096,1793435561,0.0,6.661338147750939e-16,6.661338147750939e-16,0.9303046433167848,asset_2
AC-raw-MC,7,0.001,minus,33.952258482455115,47.35237422821691,0.339599609375,0.0008060000254772604,mc,False,4096,1793435561,0.0,6.661338147750939e-16,6.661338147750939e-16,0.9303046433167848,asset_3
AC-raw-MC,7,0.001,plus,36.612787723711484,48.1717621237494,0.3662109375,0.0007837999728508294,mc,False,4096,1793435561,0.0,6.661338147750939e-16,6.661338147750939e-16,0.9303046433167848,asset_3
AC-raw-MC,7,0.0025,minus,31.80430826933071,46.56957078534073,0.318115234375,0.0012088000075891614,mc,False,4096,1793435561,0.0,6.661338147750939e-16,6.661338147750939e-16,0.9303046433167848,asset_3
AC-raw-MC,7,0.0025,plus,38.711920886537605,48.70606138146561,0.38720703125,0.0013783000176772475,mc,False,4096,1793435561,0.0,6.661338147750939e-16,6.661338147750939e-16,0.9303046433167848,asset_3
AC-raw-MC,7,0.005,minus,28.289480647854404,45.038949332923735,0.282958984375,0.001076799992006272,mc,False,4096,1793435561,0.0,6.661338147750939e-16,6.661338147750939e-16,0.9303046433167848,asset_3
AC-raw-MC,7,0.005,plus,42.00707178167164,49.35336871286015,0.420166015625,0.0009243999957107008,mc,False,4096,1793435561,0.0,6.661338147750939e-16,6.661338147750939e-16,0.9303046433167848,asset_3
AC-raw-MC,7,0.01,minus,21.040148678559532,40.75850070823982,0.21044921875,0.0008394999895244837,mc,False,4096,1793435561,0.0,6.661338147750939e-16,6.661338147750939e-16,0.9303046433167848,asset_3
AC-raw-MC,7,0.01,plus,45.96125285583248,49.832241948434536,0.459716796875,0.0012152999988757074,mc,False,4096,1793435561,0.0,6.661338147750939e-16,6.661338147750939e-16,0.9303046433167848,asset_3
AC-raw-MC,8,0.0,base,36.978915600948596,48.27195391391007,0.369873046875,0.0014522999990731478,mc,False,4096,3148452000,0.0,6.661338147750939e-16,6.661338147750939e-16,0.9303046433167848,
AC-raw-MC,8,0.001,minus,36.783647399755466,48.218890244147964,0.367919921875,0.0009688999853096902,mc,False,4096,3148452000,0.0,6.661338147750939e-16,6.661338147750939e-16,0.9303046433167848,asset_1
AC-raw-MC,8,0.001,plus,37.17418380214173,48.32417009109193,0.371826171875,0.0008517000242136419,mc,False,4096,3148452000,0.0,6.661338147750939e-16,6.661338147750939e-16,0.9303046433167848,asset_1
AC-raw-MC,8,0.0025,minus,36.222251321325224,48.06158579575039,0.3623046875,0.0008169999928213656,mc,False,4096,3148452000,0.0,6.661338147750939e-16,6.661338147750939e-16,0.9303046433167848,asset_1
AC-raw-MC,8,0.0025,plus,37.27181790273829,48.34996122976306,0.372802734375,0.0008487000013701618,mc,False,4096,3148452000,0.0,6.661338147750939e-16,6.661338147750939e-16,0.9303046433167848,asset_1
AC-raw-MC,8,0.005,minus,34.34279488484137,47.48287527732153,0.343505859375,0.0013336999691091478,mc,False,4096,3148452000,0.0,6.661338147750939e-16,6.661338147750939e-16,0.9303046433167848,asset_1
AC-raw-MC,8,0.005,plus,37.320634953036574,48.3627777099696,0.373291015625,0.0010713000083342195,mc,False,4096,3148452000,0.0,6.661338147750939e-16,6.661338147750939e-16,0.9303046433167848,asset_1
AC-raw-MC,8,0.01,minus,28.89969377658293,45.32795186896466,0.2890625,0.0008749000262469053,mc,False,4096,3148452000,0.0,6.661338147750939e-16,6.661338147750939e-16,0.9303046433167848,asset_1
AC-raw-MC,8,0.01,plus,37.320634953036574,48.3627777099696,0.373291015625,0.0008347999537363648,mc,False,4096,3148452000,0.0,6.661338147750939e-16,6.661338147750939e-16,0.9303046433167848,asset_1
AC-raw-MC,8,0.001,minus,36.46633657281664,48.130846996111615,0.36474609375,0.0008274000138044357,mc,False,4096,3148452000,0.0,6.661338147750939e-16,6.661338147750939e-16,0.9303046433167848,asset_2
AC-raw-MC,8,0.001,plus,37.88203103146681,48.50639192220331,0.37890625,0.0016302000149153173,mc,False,4096,3148452000,0.0,6.661338147750939e-16,6.661338147750939e-16,0.9303046433167848,asset_2
AC-raw-MC,8,0.0025,minus,35.27031884050873,47.77859196271035,0.352783203125,0.0013905999949201941,mc,False,4096,3148452000,0.0,6.661338147750939e-16,6.661338147750939e-16,0.9303046433167848,asset_2
AC-raw-MC,8,0.0025,plus,38.687512361388464,48.70040233741008,0.386962890625,0.001494100026320666,mc,False,4096,3148452000,0.0,6.661338147750939e-16,6.661338147750939e-16,0.9303046433167848,asset_2
AC-raw-MC,8,0.005,minus,32.60978959925236,46.87619256118777,0.326171875,0.0017662999453023076,mc,False,4096,3148452000,0.0,6.661338147750939e-16,6.661338147750939e-16,0.9303046433167848,asset_2
AC-raw-MC,8,0.005,plus,40.0787982948895,49.00252005637053,0.40087890625,0.001291799999307841,mc,False,4096,3148452000,0.0,6.661338147750939e-16,6.661338147750939e-16,0.9303046433167848,asset_2
AC-raw-MC,8,0.01,minus,27.069054390397355,44.430166821803795,0.270751953125,0.0009452999802306294,mc,False,4096,3148452000,0.0,6.661338147750939e-16,6.661338147750939e-16,0.9303046433167848,asset_2
AC-raw-MC,8,0.01,plus,41.81180358047851,49.32138484039316,0.418212890625,0.001056100009009242,mc,False,4096,3148452000,0.0,6.661338147750939e-16,6.661338147750939e-16,0.9303046433167848,asset_2
AC-raw-MC,8,0.001,minus,35.343544415956146,47.80109340749979,0.353515625,0.0008733000140637159,mc,False,4096,3148452000,0.0,6.661338147750939e-16,6.661338147750939e-16,0.9303046433167848,asset_3
AC-raw-MC,8,0.001,plus,38.174933333256504,48.57857650438745,0.3818359375,0.0011678999871946871,mc,False,4096,3148452000,0.0,6.661338147750939e-16,6.661338147750939e-16,0.9303046433167848,asset_3
AC-raw-MC,8,0.0025,minus,32.82946632559462,46.957070718526516,0.328369140625,0.0015947999781928957,mc,False,4096,3148452000,0.0,6.661338147750939e-16,6.661338147750939e-16,0.9303046433167848,asset_3
AC-raw-MC,8,0.0025,plus,40.54256027272318,49.094049766247785,0.405517578125,0.0012097999569959939,mc,False,4096,3148452000,0.0,6.661338147750939e-16,6.661338147750939e-16,0.9303046433167848,asset_3
AC-raw-MC,8,0.005,minus,28.972919352030353,45.36195669122214,0.289794921875,0.0009491000091657043,mc,False,4096,3148452000,0.0,6.661338147750939e-16,6.661338147750939e-16,0.9303046433167848,asset_3
AC-raw-MC,8,0.005,plus,43.17868098883041,49.52867018684692,0.431884765625,0.0006941999890841544,mc,False,4096,3148452000,0.0,6.661338147750939e-16,6.661338147750939e-16,0.9303046433167848,asset_3
AC-raw-MC,8,0.01,minus,21.381868030647503,40.999121252379126,0.2138671875,0.0009215000318363309,mc,False,4096,3148452000,0.0,6.661338147750939e-16,6.661338147750939e-16,0.9303046433167848,asset_3
AC-raw-MC,8,0.01,plus,47.206087638438675,49.91724858094513,0.47216796875,0.0011048999731428921,mc,False,4096,3148452000,0.0,6.661338147750939e-16,6.661338147750939e-16,0.9303046433167848,asset_3
AC-raw-MC,9,0.0,base,34.855373912973334,47.648757005719055,0.3486328125,0.000981000019237399,mc,False,4096,1043311169,0.0,6.661338147750939e-16,6.661338147750939e-16,0.9303046433167848,
AC-raw-MC,9,0.001,minus,34.73333128722763,47.6098144535438,0.347412109375,0.0008706999942660332,mc,False,4096,1043311169,0.0,6.661338147750939e-16,6.661338147750939e-16,0.9303046433167848,asset_1
AC-raw-MC,9,0.001,plus,34.95300801356989,47.67966317544855,0.349609375,0.0008629999938420951,mc,False,4096,1043311169,0.0,6.661338147750939e-16,6.661338147750939e-16,0.9303046433167848,asset_1
AC-raw-MC,9,0.0025,minus,34.36720340999051,47.49091302719608,0.34375,0.000846099981572479,mc,False,4096,1043311169,0.0,6.661338147750939e-16,6.661338147750939e-16,0.9303046433167848,asset_1
AC-raw-MC,9,0.0025,plus,35.05064211416646,47.7103494785728,0.3505859375,0.0012936999555677176,mc,False,4096,1043311169,0.0,6.661338147750939e-16,6.661338147750939e-16,0.9303046433167848,asset_1
AC-raw-MC,9,0.005,minus,32.82946632559463,46.957070718526516,0.328369140625,0.000963800004683435,mc,False,4096,1043311169,0.0,6.661338147750939e-16,6.661338147750939e-16,0.9303046433167848,asset_1
AC-raw-MC,9,0.005,plus,35.0750506393156,47.71798674997134,0.350830078125,0.0008252999978139997,mc,False,4096,1043311169,0.0,6.661338147750939e-16,6.661338147750939e-16,0.9303046433167848,asset_1
AC-raw-MC,9,0.01,minus,27.16668849099392,44.4804086316847,0.271728515625,0.0009593000286258757,mc,False,4096,1043311169,0.0,6.661338147750939e-16,6.661338147750939e-16,0.9303046433167848,asset_1
AC-raw-MC,9,0.01,plus,35.0750506393156,47.71798674997134,0.350830078125,0.0008620000444352627,mc,False,4096,1043311169,0.0,6.661338147750939e-16,6.661338147750939e-16,0.9303046433167848,asset_1
AC-raw-MC,9,0.001,minus,33.95225848245511,47.35237422821692,0.339599609375,0.0006741000106558204,mc,False,4096,1043311169,0.0,6.661338147750939e-16,6.661338147750939e-16,0.9303046433167848,asset_2
AC-raw-MC,9,0.001,plus,35.78289786864068,47.933530630156085,0.35791015625,0.0011421000235714018,mc,False,4096,1043311169,0.0,6.661338147750939e-16,6.661338147750939e-16,0.9303046433167848,asset_2
AC-raw-MC,9,0.0025,minus,32.65860664955064,46.894266494227274,0.32666015625,0.001316899957600981,mc,False,4096,1043311169,0.0,6.661338147750939e-16,6.661338147750939e-16,0.9303046433167848,asset_2
AC-raw-MC,9,0.0025,plus,36.85687297520289,48.23888861240036,0.36865234375,0.001317799964454025,mc,False,4096,1043311169,0.0,6.661338147750939e-16,6.661338147750939e-16,0.9303046433167848,asset_2
AC-raw-MC,9,0.005,minus,30.6082905370228,46.084551426818024,0.30615234375,0.0017137000104412436,mc,False,4096,1043311169,0.0,6.661338147750939e-16,6.661338147750939e-16,0.9303046433167848,asset_2
AC-raw-MC,9,0.005,plus,38.10170775780908,48.56070608635092,0.381103515625,0.002029599971137941,mc,False,4096,1043311169,0.0,6.661338147750939e-16,6.661338147750939e-16,0.9303046433167848,asset_2
AC-raw-MC,9,0.01,minus,24.79906155152724,43.18339390151639,0.248046875,0.0013078999472782016,mc,False,4096,1043311169,0.0,6.661338147750939e-16,6.661338147750939e-16,0.9303046433167848,asset_2
AC-raw-MC,9,0.01,plus,39.66385336735411,48.91675223199614,0.396728515625,0.0009623999940231442,mc,False,4096,1043311169,0.0,6.661338147750939e-16,6.661338147750939e-16,0.9303046433167848,asset_2
AC-raw-MC,9,0.001,minus,33.53731355491972,47.20978105502372,0.33544921875,0.0008609999786131084,mc,False,4096,1043311169,0.0,6.661338147750939e-16,6.661338147750939e-16,0.9303046433167848,asset_3
AC-raw-MC,9,0.001,plus,36.417519522518354,48.11710181044114,0.3642578125,0.0009761000401340425,mc,False,4096,1043311169,0.0,6.661338147750939e-16,6.661338147750939e-16,0.9303046433167848,asset_3
AC-raw-MC,9,0.0025,minus,31.486997442391875,46.44438837158597,0.31494140625,0.0017419999931007624,mc,False,4096,1043311169,0.0,6.661338147750939e-16,6.661338147750939e-16,0.9303046433167848,asset_3
AC-raw-MC,9,0.0025,plus,38.10170775780908,48.56070608635092,0.381103515625,0.0014496000367216766,mc,False,4096,1043311169,0.0,6.661338147750939e-16,6.661338147750939e-16,0.9303046433167848,asset_3
AC-raw-MC,9,0.005,minus,27.43518226763447,44.617180016305944,0.2744140625,0.0013741999864578247,mc,False,4096,1043311169,0.0,6.661338147750939e-16,6.661338147750939e-16,0.9303046433167848,asset_3
AC-raw-MC,9,0.005,plus,41.543309803837964,49.27610936299427,0.41552734375,0.0016249000327661633,mc,False,4096,1043311169,0.0,6.661338147750939e-16,6.661338147750939e-16,0.9303046433167848,asset_3
AC-raw-MC,9,0.01,minus,19.453594543865364,39.58356250689658,0.194580078125,0.0011729999678209424,mc,False,4096,1043311169,0.0,6.661338147750939e-16,6.661338147750939e-16,0.9303046433167848,asset_3
AC-raw-MC,9,0.01,plus,45.64394202889365,49.80557321468791,0.45654296875,0.0010452999849803746,mc,False,4096,1043311169,0.0,6.661338147750939e-16,6.661338147750939e-16,0.9303046433167848,asset_3
AC-raw-MC,10,0.0,base,36.19784279617609,48.054585980202944,0.362060546875,0.0014463999541476369,mc,False,4096,3213542079,0.0,6.661338147750939e-16,6.661338147750939e-16,0.9303046433167848,
AC-raw-MC,10,0.001,minus,36.0269831201321,48.00521111092886,0.3603515625,0.0014358999906107783,mc,False,4096,3213542079,0.0,6.661338147750939e-16,6.661338147750939e-16,0.9303046433167848,asset_1
AC-raw-MC,10,0.001,plus,36.34429394707094,48.09638374059329,0.363525390625,0.0013996000052429736,mc,False,4096,3213542079,0.0,6.661338147750939e-16,6.661338147750939e-16,0.9303046433167848,asset_1
AC-raw-MC,10,0.0025,minus,35.514404092000134,47.8531197743588,0.355224609375,0.0010003999923355877,mc,False,4096,3213542079,0.0,6.661338147750939e-16,6.661338147750939e-16,0.9303046433167848,asset_1
AC-raw-MC,10,0.0025,plus,36.34429394707094,48.09638374059329,0.363525390625,0.0010383999906480312,mc,False,4096,3213542079,0.0,6.661338147750939e-16,6.661338147750939e-16,0.9303046433167848,asset_1
AC-raw-MC,10,0.005,minus,34.39161193513965,47.49893687092958,0.343994140625,0.001055200002156198,mc,False,4096,3213542079,0.0,6.661338147750939e-16,6.661338147750939e-16,0.9303046433167848,asset_1
AC-raw-MC,10,0.005,plus,36.36870247222008,48.103303143722904,0.36376953125,0.0016087000258266926,mc,False,4096,3213542079,0.0,6.661338147750939e-16,6.661338147750939e-16,0.9303046433167848,asset_1
AC-raw-MC,10,0.01,minus,28.875285251433787,45.31658495747934,0.288818359375,0.001511799986474216,mc,False,4096,3213542079,0.0,6.661338147750939e-16,6.661338147750939e-16,0.9303046433167848,asset_1
AC-raw-MC,10,0.01,plus,36.36870247222008,48.103303143722904,0.36376953125,0.0009968000231310725,mc,False,4096,3213542079,0.0,6.661338147750939e-16,6.661338147750939e-16,0.9303046433167848,asset_1
AC-raw-MC,10,0.001,minus,35.319135890807004,47.79360657163864,0.353271484375,0.0008766999817453325,mc,False,4096,3213542079,0.0,6.661338147750939e-16,6.661338147750939e-16,0.9303046433167848,asset_2
AC-raw-MC,10,0.001,plus,36.954507075799455,48.26536735933535,0.36962890625,0.0008298000320792198,mc,False,4096,3213542079,0.0,6.661338147750939e-16,6.661338147750939e-16,0.9303046433167848,asset_2
AC-raw-MC,10,0.0025,minus,34.04989258305167,47.38533501172592,0.340576171875,0.0013648999738506973,mc,False,4096,3213542079,0.0,6.661338147750939e-16,6.661338147750939e-16,0.9303046433167848,asset_2
AC-raw-MC,10,0.0025,plus,37.979665132063374,48.53066184824433,0.3798828125,0.0011197999701835215,mc,False,4096,3213542079,0.0,6.661338147750939e-16,6.661338147750939e-16,0.9303046433167848,asset_2
AC-raw-MC,10,0.005,minus,32.07280204597126,46.67354680604642,0.32080078125,0.0008443000260740519,mc,False,4096,3213542079,0.0,6.661338147750939e-16,6.661338147750939e-16,0.9303046433167848,asset_2
AC-raw-MC,10,0.005,plus,39.27331696496785,48.832670399806915,0.392822265625,0.0006958000012673438,mc,False,4096,3213542079,0.0,6.661338147750939e-16,6.661338147750939e-16,0.9303046433167848,asset_2
AC-raw-MC,10,0.01,minus,26.556475362265395,44.161917607600834,0.265625,0.0007024999940767884,mc,False,4096,3213542079,0.0,6.661338147750939e-16,6.661338147750939e-16,0.9303046433167848,asset_2
AC-raw-MC,10,0.01,plus,41.22599897689913,49.220659611529186,0.412353515625,0.0007726000039838254,mc,False,4096,3213542079,0.0,6.661338147750939e-16,6.661338147750939e-16,0.9303046433167848,asset_2
AC-raw-MC,10,0.001,minus,34.830965387824186,47.640996059051666,0.348388671875,0.0020355000160634518,mc,False,4096,3213542079,0.0,6.661338147750939e-16,6.661338147750939e-16,0.9303046433167848,asset_3
AC-raw-MC,10,0.001,plus,37.22300085244001,48.33709203750822,0.372314453125,0.0015279999934136868,mc,False,4096,3213542079,0.0,6.661338147750939e-16,6.661338147750939e-16,0.9303046433167848,asset_3
AC-raw-MC,10,0.0025,minus,32.536564023804935,46.84897318738855,0.325439453125,0.0011409000144340098,mc,False,4096,3213542079,0.0,6.661338147750939e-16,6.661338147750939e-16,0.9303046433167848,asset_3
AC-raw-MC,10,0.0025,plus,39.126865814073,48.80029641580171,0.391357421875,0.0009611999848857522,mc,False,4096,3213542079,0.0,6.661338147750939e-16,6.661338147750939e-16,0.9303046433167848,asset_3
AC-raw-MC,10,0.005,minus,28.850876726284646,45.30520204058838,0.28857421875,0.0017493999912403524,mc,False,4096,3213542079,0.0,6.661338147750939e-16,6.661338147750939e-16,0.9303046433167848,asset_3
AC-raw-MC,10,0.005,plus,41.76298653018023,49.31326478706365,0.417724609375,0.0010760000441223383,mc,False,4096,3213542079,0.0,6.661338147750939e-16,6.661338147750939e-16,0.9303046433167848,asset_3
AC-raw-MC,10,0.01,minus,21.23541687975266,40.89652123430144,0.21240234375,0.0009109000093303621,mc,False,4096,3213542079,0.0,6.661338147750939e-16,6.661338147750939e-16,0.9303046433167848,asset_3
AC-raw-MC,10,0.01,plus,45.69275907919193,49.80980862971052,0.45703125,0.0008434000192210078,mc,False,4096,3213542079,0.0,6.661338147750939e-16,6.661338147750939e-16,0.9303046433167848,asset_3
AC-raw-MC,11,0.0,base,35.97816606983382,47.99098291891632,0.35986328125,0.0009112000116147101,mc,False,4096,1120599214,0.0,6.661338147750939e-16,6.661338147750939e-16,0.9303046433167848,
AC-raw-MC,11,0.001,minus,35.75848934349155,47.9262882979828,0.357666015625,0.0017520000110380352,mc,False,4096,1120599214,0.0,6.661338147750939e-16,6.661338147750939e-16,0.9303046433167848,asset_1
AC-raw-MC,11,0.001,plus,36.100208695579525,48.02645243407754,0.361083984375,0.0010346999624744058,mc,False,4096,1120599214,0.0,6.661338147750939e-16,6.661338147750939e-16,0.9303046433167848,asset_1
AC-raw-MC,11,0.0025,minus,35.44117851655272,47.83090444296975,0.3544921875,0.0008923999848775566,mc,False,4096,1120599214,0.0,6.661338147750939e-16,6.661338147750939e-16,0.9303046433167848,asset_1
AC-raw-MC,11,0.0025,plus,36.24665984647437,48.068572194653925,0.362548828125,0.0008175999973900616,mc,False,4096,1120599214,0.0,6.661338147750939e-16,6.661338147750939e-16,0.9303046433167848,asset_1
AC-raw-MC,11,0.005,minus,34.19634373394652,47.43435635238214,0.342041015625,0.0008207000209949911,mc,False,4096,1120599214,0.0,6.661338147750939e-16,6.661338147750939e-16,0.9303046433167848,asset_1
AC-raw-MC,11,0.005,plus,36.271068371623514,48.07554518276271,0.36279296875,0.0013663999852724373,mc,False,4096,1120599214,0.0,6.661338147750939e-16,6.661338147750939e-16,0.9303046433167848,asset_1
AC-raw-MC,11,0.01,minus,27.606041943678456,44.70315865931696,0.276123046875,0.0009520999738015234,mc,False,4096,1120599214,0.0,6.661338147750939e-16,6.661338147750939e-16,0.9303046433167848,asset_1
AC-raw-MC,11,0.01,plus,36.271068371623514,48.07554518276271,0.36279296875,0.0009568000095896423,mc,False,4096,1120599214,0.0,6.661338147750939e-16,6.661338147750939e-16,0.9303046433167848,asset_1
AC-raw-MC,11,0.001,minus,35.27031884050873,47.77859196271035,0.352783203125,0.0008092999923974276,mc,False,4096,1120599214,0.0,6.661338147750939e-16,6.661338147750939e-16,0.9303046433167848,asset_2
AC-raw-MC,11,0.001,plus,36.88128150035203,48.24552818932902,0.368896484375,0.0008483999990858138,mc,False,4096,1120599214,0.0,6.661338147750939e-16,6.661338147750939e-16,0.9303046433167848,asset_2
AC-raw-MC,11,0.0025,minus,33.90344143215683,47.335809694435774,0.339111328125,0.0008037000079639256,mc,False,4096,1120599214,0.0,6.661338147750939e-16,6.661338147750939e-16,0.9303046433167848,asset_2
AC-raw-MC,11,0.0025,plus,37.68676283027368,48.4572253085274,0.376953125,0.0010155999916605651,mc,False,4096,1120599214,0.0,6.661338147750939e-16,6.661338147750939e-16,0.9303046433167848,asset_2
AC-raw-MC,11,0.005,minus,31.779899744181566,46.560030112127514,0.31787109375,0.0011194999678991735,mc,False,4096,1120599214,0.0,6.661338147750939e-16,6.661338147750939e-16,0.9303046433167848,asset_2
AC-raw-MC,11,0.005,plus,39.395359590713554,48.859296926076695,0.39404296875,0.0010466999956406653,mc,False,4096,1120599214,0.0,6.661338147750939e-16,6.661338147750939e-16,0.9303046433167848,asset_2
AC-raw-MC,11,0.01,minus,26.117121909580856,43.92592444198434,0.26123046875,0.0009472999954596162,mc,False,4096,1120599214,0.0,6.661338147750939e-16,6.661338147750939e-16,0.9303046433167848,asset_2
AC-raw-MC,11,0.01,plus,40.9086881499603,49.163098862229106,0.4091796875,0.0009982999763451517,mc,False,4096,1120599214,0.0,6.661338147750939e-16,6.661338147750939e-16,0.9303046433167848,asset_2
AC-raw-MC,11,0.001,minus,34.5380630860345,47.54678829776984,0.345458984375,0.0008573000086471438,mc,False,4096,1120599214,0.0,6.661338147750939e-16,6.661338147750939e-16,0.9303046433167848,asset_3
AC-raw-MC,11,0.001,plus,37.5159031542297,48.41351734499575,0.375244140625,0.001748699985910207,mc,False,4096,1120599214,0.0,6.661338147750939e-16,6.661338147750939e-16,0.9303046433167848,asset_3
AC-raw-MC,11,0.0025,minus,32.07280204597126,46.673546806046424,0.32080078125,0.0010727000189945102,mc,False,4096,1120599214,0.0,6.661338147750939e-16,6.661338147750939e-16,0.9303046433167848,asset_3
AC-raw-MC,11,0.0025,plus,39.34654254041527,48.84868465523222,0.3935546875,0.0013924000086262822,mc,False,4096,1120599214,0.0,6.661338147750939e-16,6.661338147750939e-16,0.9303046433167848,asset_3
AC-raw-MC,11,0.005,minus,28.41152327360011,45.097558713270004,0.2841796875,0.0009812000207602978,mc,False,4096,1120599214,0.0,6.661338147750939e-16,6.661338147750939e-16,0.9303046433167848,asset_3
AC-raw-MC,11,0.005,plus,42.568467860101876,49.44091032053561,0.42578125,0.0018557000439614058,mc,False,4096,1120599214,0.0,6.661338147750939e-16,6.661338147750939e-16,0.9303046433167848,asset_3
AC-raw-MC,11,0.01,minus,21.137782779156094,40.82768606314893,0.21142578125,0.0010579000227153301,mc,False,4096,1120599214,0.0,6.661338147750939e-16,6.661338147750939e-16,0.9303046433167848,asset_3
AC-raw-MC,11,0.01,plus,46.40060630851701,49.86581026363694,0.464111328125,0.0009124000207521021,mc,False,4096,1120599214,0.0,6.661338147750939e-16,6.661338147750939e-16,0.9303046433167848,asset_3
AC-raw-MC,12,0.0,base,36.466336572816644,48.13084699611163,0.36474609375,0.0009140000329352915,mc,False,4096,2915193971,0.0,6.661338147750939e-16,6.661338147750939e-16,0.9303046433167848,
AC-raw-MC,12,0.001,minus,36.36870247222008,48.103303143722904,0.36376953125,0.0008634000550955534,mc,False,4096,2915193971,0.0,6.661338147750939e-16,6.661338147750939e-16,0.9303046433167848,asset_1
AC-raw-MC,12,0.001,plus,36.5639706734132,48.15817710730418,0.36572265625,0.0013695999514311552,mc,False,4096,2915193971,0.0,6.661338147750939e-16,6.661338147750939e-16,0.9303046433167848,asset_1
AC-raw-MC,12,0.0025,minus,35.88053196923725,47.96236477534582,0.35888671875,0.0010452999849803746,mc,False,4096,2915193971,0.0,6.661338147750939e-16,6.661338147750939e-16,0.9303046433167848,asset_1
AC-raw-MC,12,0.0025,plus,36.734830349457184,48.20549157900009,0.367431640625,0.0006826999597251415,mc,False,4096,2915193971,0.0,6.661338147750939e-16,6.661338147750939e-16,0.9303046433167848,asset_1
AC-raw-MC,12,0.005,minus,34.34279488484137,47.48287527732153,0.343505859375,0.0013443000498227775,mc,False,4096,2915193971,0.0,6.661338147750939e-16,6.661338147750939e-16,0.9303046433167848,asset_1
AC-raw-MC,12,0.005,plus,36.759238874606325,48.21219755722308,0.36767578125,0.0010418000165373087,mc,False,4096,2915193971,0.0,6.661338147750939e-16,6.661338147750939e-16,0.9303046433167848,asset_1
AC-raw-MC,12,0.01,minus,28.41152327360011,45.097558713270004,0.2841796875,0.0016768000205047429,mc,False,4096,2915193971,0.0,6.661338147750939e-16,6.661338147750939e-16,0.9303046433167848,asset_1
AC-raw-MC,12,0.01,plus,36.80805592490461,48.22556964530842,0.3681640625,0.001264600025024265,mc,False,4096,2915193971,0.0,6.661338147750939e-16,6.661338147750939e-16,0.9303046433167848,asset_1
AC-raw-MC,12,0.001,minus,35.709672293193265,47.91176303571321,0.357177734375,0.000972400011960417,mc,False,4096,2915193971,0.0,6.661338147750939e-16,6.661338147750939e-16,0.9303046433167848,asset_2
AC-raw-MC,12,0.001,plus,37.44267757878228,48.39458856968599,0.37451171875,0.0008543999865651131,mc,False,4096,2915193971,0.0,6.661338147750939e-16,6.661338147750939e-16,0.9303046433167848,asset_2
AC-raw-MC,12,0.0025,minus,34.269569309393944,47.45867852013498,0.3427734375,0.0008333000005222857,mc,False,4096,2915193971,0.0,6.661338147750939e-16,6.661338147750939e-16,0.9303046433167848,asset_2
AC-raw-MC,12,0.0025,plus,38.565469735642765,48.67191359326819,0.3857421875,0.0008772999863140285,mc,False,4096,2915193971,0.0,6.661338147750939e-16,6.661338147750939e-16,0.9303046433167848,asset_2
AC-raw-MC,12,0.005,minus,31.90194236992727,46.60758608910839,0.319091796875,0.001291499997023493,mc,False,4096,2915193971,0.0,6.661338147750939e-16,6.661338147750939e-16,0.9303046433167848,asset_2
AC-raw-MC,12,0.005,plus,39.85912156854723,48.95757047951464,0.398681640625,0.0009916999842971563,mc,False,4096,2915193971,0.0,6.661338147750939e-16,6.661338147750939e-16,0.9303046433167848,asset_2
AC-raw-MC,12,0.01,minus,25.970670758686012,43.8459992375772,0.259765625,0.0010028000106103718,mc,False,4096,2915193971,0.0,6.661338147750939e-16,6.661338147750939e-16,0.9303046433167848,asset_2
AC-raw-MC,12,0.01,plus,41.49449275353968,49.2677157455951,0.4150390625,0.0012236000038683414,mc,False,4096,2915193971,0.0,6.661338147750939e-16,6.661338147750939e-16,0.9303046433167848,asset_2
AC-raw-MC,12,0.001,minus,34.70892276207849,47.60198456360299,0.34716796875,0.0014455999480560422,mc,False,4096,2915193971,0.0,6.661338147750939e-16,6.661338147750939e-16,0.9303046433167848,asset_3
AC-raw-MC,12,0.001,plus,37.61353725482626,48.43857196927968,0.376220703125,0.0011124000302515924,mc,False,4096,2915193971,0.0,6.661338147750939e-16,6.661338147750939e-16,0.9303046433167848,asset_3
AC-raw-MC,12,0.0025,minus,32.78064927529634,46.939198707169375,0.327880859375,0.0008961999556049705,mc,False,4096,2915193971,0.0,6.661338147750939e-16,6.661338147750939e-16,0.9303046433167848,asset_3
AC-raw-MC,12,0.0025,plus,39.615036317055825,48.906420497846604,0.396240234375,0.0008193000103347003,mc,False,4096,2915193971,0.0,6.661338147750939e-16,6.661338147750939e-16,0.9303046433167848,asset_3
AC-raw-MC,12,0.005,minus,28.753242625688085,45.2595100771884,0.28759765625,0.0008178999996744096,mc,False,4096,2915193971,0.0,6.661338147750939e-16,6.661338147750939e-16,0.9303046433167848,asset_3
AC-raw-MC,12,0.005,plus,41.714169479881946,49.30509505082847,0.417236328125,0.0007859999896027148,mc,False,4096,2915193971,0.0,6.661338147750939e-16,6.661338147750939e-16,0.9303046433167848,asset_3
AC-raw-MC,12,0.01,minus,20.82047195221726,40.60154401326301,0.208251953125,0.0017169000348076224,mc,False,4096,2915193971,0.0,6.661338147750939e-16,6.661338147750939e-16,0.9303046433167848,asset_3
AC-raw-MC,12,0.01,plus,45.74157612949021,49.81399583290245,0.45751953125,0.0007832000264897943,mc,False,4096,2915193971,0.0,6.661338147750939e-16,6.661338147750939e-16,0.9303046433167848,asset_3
AC-raw-MC,13,0.0,base,36.34429394707093,48.09638374059329,0.363525390625,0.0009929999941959977,mc,False,4096,4289691964,0.0,6.661338147750939e-16,6.661338147750939e-16,0.9303046433167848,
AC-raw-MC,13,0.001,minus,35.97816606983382,47.99098291891632,0.35986328125,0.0009870000067166984,mc,False,4096,4289691964,0.0,6.661338147750939e-16,6.661338147750939e-16,0.9303046433167848,asset_1
AC-raw-MC,13,0.001,plus,36.417519522518354,48.11710181044114,0.3642578125,0.0008151999791152775,mc,False,4096,4289691964,0.0,6.661338147750939e-16,6.661338147750939e-16,0.9303046433167848,asset_1
AC-raw-MC,13,0.0025,minus,35.78289786864069,47.93353063015609,0.35791015625,0.00179720000596717,mc,False,4096,4289691964,0.0,6.661338147750939e-16,6.661338147750939e-16,0.9303046433167848,asset_1
AC-raw-MC,13,0.0025,plus,36.49074509796578,48.13769954787739,0.364990234375,0.0008759999764151871,mc,False,4096,4289691964,0.0,6.661338147750939e-16,6.661338147750939e-16,0.9303046433167848,asset_1
AC-raw-MC,13,0.005,minus,34.464837510587074,47.5229250356609,0.3447265625,0.0012849000049754977,mc,False,4096,4289691964,0.0,6.661338147750939e-16,6.661338147750939e-16,0.9303046433167848,asset_1
AC-raw-MC,13,0.005,plus,36.53956214826406,48.151364597790995,0.365478515625,0.0007551000453531742,mc,False,4096,4289691964,0.0,6.661338147750939e-16,6.661338147750939e-16,0.9303046433167848,asset_1
AC-raw-MC,13,0.01,minus,28.875285251433787,45.31658495747935,0.288818359375,0.0006293000187724829,mc,False,4096,4289691964,0.0,6.661338147750939e-16,6.661338147750939e-16,0.9303046433167848,asset_1
AC-raw-MC,13,0.01,plus,36.5639706734132,48.15817710730418,0.36572265625,0.0015022000297904015,mc,False,4096,4289691964,0.0,6.661338147750939e-16,6.661338147750939e-16,0.9303046433167848,asset_1
AC-raw-MC,13,0.001,minus,35.44117851655271,47.83090444296975,0.3544921875,0.0012284000404179096,mc,False,4096,4289691964,0.0,6.661338147750939e-16,6.661338147750939e-16,0.9303046433167848,asset_2
AC-raw-MC,13,0.001,plus,37.07654970154516,48.298167766232474,0.370849609375,0.0007532000308856368,mc,False,4096,4289691964,0.0,6.661338147750939e-16,6.661338147750939e-16,0.9303046433167848,asset_2
AC-raw-MC,13,0.0025,minus,34.39161193513965,47.49893687092958,0.343994140625,0.0011671999818645418,mc,False,4096,4289691964,0.0,6.661338147750939e-16,6.661338147750939e-16,0.9303046433167848,asset_2
AC-raw-MC,13,0.0025,plus,37.85762250631767,48.500291825646634,0.378662109375,0.0011739999754354358,mc,False,4096,4289691964,0.0,6.661338147750939e-16,6.661338147750939e-16,0.9303046433167848,asset_2
AC-raw-MC,13,0.005,minus,31.999576470523834,46.64536600226868,0.320068359375,0.0017660000012256205,mc,False,4096,4289691964,0.0,6.661338147750939e-16,6.661338147750939e-16,0.9303046433167848,asset_2
AC-raw-MC,13,0.005,plus,38.80955498713417,48.72856869169498,0.38818359375,0.001151599979493767,mc,False,4096,4289691964,0.0,6.661338147750939e-16,6.661338147750939e-16,0.9303046433167848,asset_2
AC-raw-MC,13,0.01,minus,26.312390110773986,44.031507811112434,0.26318359375,0.0010055999737232924,mc,False,4096,4289691964,0.0,6.661338147750939e-16,6.661338147750939e-16,0.9303046433167848,asset_2
AC-raw-MC,13,0.01,plus,40.73782847391631,49.13122764541825,0.407470703125,0.0008529000333510339,mc,False,4096,4289691964,0.0,6.661338147750939e-16,6.661338147750939e-16,0.9303046433167848,asset_2
AC-raw-MC,13,0.001,minus,34.51365456088536,47.53884774350504,0.34521484375,0.0008520000264979899,mc,False,4096,4289691964,0.0,6.661338147750939e-16,6.661338147750939e-16,0.9303046433167848,asset_3
AC-raw-MC,13,0.001,plus,37.83321398116853,48.4941786732408,0.37841796875,0.0012345999712124467,mc,False,4096,4289691964,0.0,6.661338147750939e-16,6.661338147750939e-16,0.9303046433167848,asset_3
AC-raw-MC,13,0.0025,minus,32.29247877231353,46.75729908620092,0.322998046875,0.0016592000029049814,mc,False,4096,4289691964,0.0,6.661338147750939e-16,6.661338147750939e-16,0.9303046433167848,asset_3
AC-raw-MC,13,0.0025,plus,39.90793861884551,48.96764802813595,0.399169921875,0.0011193000245839357,mc,False,4096,4289691964,0.0,6.661338147750939e-16,6.661338147750939e-16,0.9303046433167848,asset_3
AC-raw-MC,13,0.005,minus,28.65560852509152,45.213561056666045,0.28662109375,0.0009672000305727124,mc,False,4096,4289691964,0.0,6.661338147750939e-16,6.661338147750939e-16,0.9303046433167848,asset_3
AC-raw-MC,13,0.005,plus,42.617284910400166,49.44821402526747,0.42626953125,0.0011255000135861337,mc,False,4096,4289691964,0.0,6.661338147750939e-16,6.661338147750939e-16,0.9303046433167848,asset_3
AC-raw-MC,13,0.01,minus,20.747246376769837,40.54882557086201,0.20751953125,0.0020188000053167343,mc,False,4096,4289691964,0.0,6.661338147750939e-16,6.661338147750939e-16,0.9303046433167848,asset_3
AC-raw-MC,13,0.01,plus,46.35178925821874,49.86227278883878,0.463623046875,0.0016211000038310885,mc,False,4096,4289691964,0.0,6.661338147750939e-16,6.661338147750939e-16,0.9303046433167848,asset_3
AC-raw-MC,14,0.0,base,35.68526376804412,47.904480093307086,0.35693359375,0.0010172000038437545,mc,False,4096,3628348512,0.0,6.661338147750939e-16,6.661338147750939e-16,0.9303046433167848,
AC-raw-MC,14,0.001,minus,35.46558704170185,47.83832315669683,0.354736328125,0.001063200004864484,mc,False,4096,3628348512,0.0,6.661338147750939e-16,6.661338147750939e-16,0.9303046433167848,asset_1
AC-raw-MC,14,0.001,plus,35.78289786864069,47.93353063015609,0.35791015625,0.0017497000517323613,mc,False,4096,3628348512,0.0,6.661338147750939e-16,6.661338147750939e-16,0.9303046433167848,asset_1
AC-raw-MC,14,0.0025,minus,34.977416538719034,47.687355347091994,0.349853515625,0.0011133999796584249,mc,False,4096,3628348512,0.0,6.661338147750939e-16,6.661338147750939e-16,0.9303046433167848,asset_1
AC-raw-MC,14,0.0025,plus,35.97816606983382,47.99098291891632,0.35986328125,0.0007529999711550772,mc,False,4096,3628348512,0.0,6.661338147750939e-16,6.661338147750939e-16,0.9303046433167848,asset_1
AC-raw-MC,14,0.005,minus,33.756990281261984,47.28577881697413,0.337646484375,0.0006568999961018562,mc,False,4096,3628348512,0.0,6.661338147750939e-16,6.661338147750939e-16,0.9303046433167848,asset_1
AC-raw-MC,14,0.005,plus,36.00257459498296,47.998103749896956,0.360107421875,0.0012468000059016049,mc,False,4096,3628348512,0.0,6.661338147750939e-16,6.661338147750939e-16,0.9303046433167848,asset_1
AC-raw-MC,14,0.01,minus,27.77690161972244,44.78832030024116,0.27783203125,0.0016390999662689865,mc,False,4096,3628348512,0.0,6.661338147750939e-16,6.661338147750939e-16,0.9303046433167848,asset_1
AC-raw-MC,14,0.01,plus,36.00257459498296,47.998103749896956,0.360107421875,0.0010618999949656427,mc,False,4096,3628348512,0.0,6.661338147750939e-16,6.661338147750939e-16,0.9303046433167848,asset_1
AC-raw-MC,14,0.001,minus,34.6601057117802,47.58628334981862,0.3466796875,0.0012150999973528087,mc,False,4096,3628348512,0.0,6.661338147750939e-16,6.661338147750939e-16,0.9303046433167848,asset_2
AC-raw-MC,14,0.001,plus,36.417519522518354,48.11710181044114,0.3642578125,0.0009952999535016716,mc,False,4096,3628348512,0.0,6.661338147750939e-16,6.661338147750939e-16,0.9303046433167848,asset_2
AC-raw-MC,14,0.0025,minus,33.65935618066542,47.252143239549405,0.336669921875,0.001483400003053248,mc,False,4096,3628348512,0.0,6.661338147750939e-16,6.661338147750939e-16,0.9303046433167848,asset_2
AC-raw-MC,14,0.0025,plus,37.39386052848399,48.38190368677749,0.3740234375,0.0012537000002339482,mc,False,4096,3628348512,0.0,6.661338147750939e-16,6.661338147750939e-16,0.9303046433167848,asset_2
AC-raw-MC,14,0.005,minus,31.731082693883284,46.54090448557492,0.3173828125,0.0010107000125572085,mc,False,4096,3628348512,0.0,6.661338147750939e-16,6.661338147750939e-16,0.9303046433167848,asset_2
AC-raw-MC,14,0.005,plus,38.711920886537605,48.70606138146561,0.38720703125,0.0008477999945171177,mc,False,4096,3628348512,0.0,6.661338147750939e-16,6.661338147750939e-16,0.9303046433167848,asset_2
AC-raw-MC,14,0.01,minus,26.556475362265395,44.161917607600834,0.265625,0.0008296000305563211,mc,False,4096,3628348512,0.0,6.661338147750939e-16,6.661338147750939e-16,0.9303046433167848,asset_2
AC-raw-MC,14,0.01,plus,40.78664552421459,49.14039645126922,0.407958984375,0.0011325000086799264,mc,False,4096,3628348512,0.0,6.661338147750939e-16,6.661338147750939e-16,0.9303046433167848,asset_2
AC-raw-MC,14,0.001,minus,34.1231181584991,47.40990858104912,0.34130859375,0.0013074000016786158,mc,False,4096,3628348512,0.0,6.661338147750939e-16,6.661338147750939e-16,0.9303046433167848,asset_3
AC-raw-MC,14,0.001,plus,37.07654970154516,48.298167766232474,0.370849609375,0.0008532000356353819,mc,False,4096,3628348512,0.0,6.661338147750939e-16,6.661338147750939e-16,0.9303046433167848,asset_3
AC-raw-MC,14,0.0025,minus,31.90194236992727,46.607586089108395,0.319091796875,0.0008504000143148005,mc,False,4096,3628348512,0.0,6.661338147750939e-16,6.661338147750939e-16,0.9303046433167848,asset_3
AC-raw-MC,14,0.0025,plus,38.66310383623932,48.69473039778494,0.38671875,0.000798500026576221,mc,False,4096,3628348512,0.0,6.661338147750939e-16,6.661338147750939e-16,0.9303046433167848,asset_3
AC-raw-MC,14,0.005,minus,28.143029496959556,44.96807992708857,0.281494140625,0.0007830000249668956,mc,False,4096,3628348512,0.0,6.661338147750939e-16,6.661338147750939e-16,0.9303046433167848,asset_3
AC-raw-MC,14,0.005,plus,41.29922455234656,49.233642810598745,0.4130859375,0.0008722000056877732,mc,False,4096,3628348512,0.0,6.661338147750939e-16,6.661338147750939e-16,0.9303046433167848,asset_3
AC-raw-MC,14,0.01,minus,20.600795225874993,40.44278468702328,0.2060546875,0.0010501000215299428,mc,False,4096,3628348512,0.0,6.661338147750939e-16,6.661338147750939e-16,0.9303046433167848,asset_3
AC-raw-MC,14,0.01,plus,45.27781415165653,49.772269584608445,0.452880859375,0.0008341000066138804,mc,False,4096,3628348512,0.0,6.661338147750939e-16,6.661338147750939e-16,0.9303046433167848,asset_3
AC-raw-MC,15,0.0,base,35.075050639315606,47.71798674997135,0.350830078125,0.0009123000199906528,mc,False,4096,2964585181,0.0,6.661338147750939e-16,6.661338147750939e-16,0.9303046433167848,
AC-raw-MC,15,0.001,minus,34.90419096327162,47.66423760056901,0.34912109375,0.0008525000303052366,mc,False,4096,2964585181,0.0,6.661338147750939e-16,6.661338147750939e-16,0.9303046433167848,asset_1
AC-raw-MC,15,0.001,plus,35.14827621476302,47.74081633906194,0.3515625,0.000818300002720207,mc,False,4096,2964585181,0.0,6.661338147750939e-16,6.661338147750939e-16,0.9303046433167848,asset_1
AC-raw-MC,15,0.0025,minus,34.5380630860345,47.54678829776983,0.345458984375,0.0012268999707885087,mc,False,4096,2964585181,0.0,6.661338147750939e-16,6.661338147750939e-16,0.9303046433167848,asset_1
AC-raw-MC,15,0.0025,plus,35.221501790210446,47.76352272792545,0.352294921875,0.0011781000066548586,mc,False,4096,2964585181,0.0,6.661338147750939e-16,6.661338147750939e-16,0.9303046433167848,asset_1
AC-raw-MC,15,0.005,minus,33.09796010223518,47.05433994056399,0.3310546875,0.0010680999839678407,mc,False,4096,2964585181,0.0,6.661338147750939e-16,6.661338147750939e-16,0.9303046433167848,asset_1
AC-raw-MC,15,0.005,plus,35.24591031535958,47.771064176776505,0.3525390625,0.0008838000358082354,mc,False,4096,2964585181,0.0,6.661338147750939e-16,6.661338147750939e-16,0.9303046433167848,asset_1
AC-raw-MC,15,0.01,minus,27.41077374248533,44.60483038405237,0.274169921875,0.0008093999931588769,mc,False,4096,2964585181,0.0,6.661338147750939e-16,6.661338147750939e-16,0.9303046433167848,asset_1
AC-raw-MC,15,0.01,plus,35.24591031535958,47.771064176776505,0.3525390625,0.0010022000060416758,mc,False,4096,2964585181,0.0,6.661338147750939e-16,6.661338147750939e-16,0.9303046433167848,asset_1
AC-raw-MC,15,0.001,minus,34.19634373394652,47.43435635238214,0.342041015625,0.0014967999886721373,mc,False,4096,2964585181,0.0,6.661338147750939e-16,6.661338147750939e-16,0.9303046433167848,asset_2
AC-raw-MC,15,0.001,plus,35.83171491893897,47.94797472724033,0.3583984375,0.0010276000248268247,mc,False,4096,2964585181,0.0,6.661338147750939e-16,6.661338147750939e-16,0.9303046433167848,asset_2
AC-raw-MC,15,0.0025,minus,33.14677715253346,47.07183908148391,0.33154296875,0.0008610999793745577,mc,False,4096,2964585181,0.0,6.661338147750939e-16,6.661338147750939e-16,0.9303046433167848,asset_2
AC-raw-MC,15,0.0025,plus,36.71042182430804,48.19877230393128,0.3671875,0.0007995999767445028,mc,False,4096,2964585181,0.0,6.661338147750939e-16,6.661338147750939e-16,0.9303046433167848,asset_2
AC-raw-MC,15,0.005,minus,30.754741687917644,46.14588137559262,0.3076171875,0.0008029000018723309,mc,False,4096,2964585181,0.0,6.661338147750939e-16,6.661338147750939e-16,0.9303046433167848,asset_2
AC-raw-MC,15,0.005,plus,38.24815890870393,48.59632998685903,0.382568359375,0.0011375999893061817,mc,False,4096,2964585181,0.0,6.661338147750939e-16,6.661338147750939e-16,0.9303046433167848,asset_2
AC-raw-MC,15,0.01,minus,25.433683205404908,43.547470672722234,0.25439453125,0.0010953000164590776,mc,False,4096,2964585181,0.0,6.661338147750939e-16,6.661338147750939e-16,0.9303046433167848,asset_2
AC-raw-MC,15,0.01,plus,40.249657970933484,49.03677181490335,0.402587890625,0.0006460999720729887,mc,False,4096,2964585181,0.0,6.661338147750939e-16,6.661338147750939e-16,0.9303046433167848,asset_2
AC-raw-MC,15,0.001,minus,33.80580733156027,47.302512048169156,0.338134765625,0.0005828000139445066,mc,False,4096,2964585181,0.0,6.661338147750939e-16,6.661338147750939e-16,0.9303046433167848,asset_3
AC-raw-MC,15,0.001,plus,36.41751952251836,48.117101810441156,0.3642578125,0.0005729999975301325,mc,False,4096,2964585181,0.0,6.661338147750939e-16,6.661338147750939e-16,0.9303046433167848,asset_3
AC-raw-MC,15,0.0025,minus,31.63344859328672,46.50247585670743,0.31640625,0.0005361000075936317,mc,False,4096,2964585181,0.0,6.661338147750939e-16,6.661338147750939e-16,0.9303046433167848,asset_3
AC-raw-MC,15,0.0025,plus,38.22375038355479,48.59042514427969,0.38232421875,0.0007828999659977853,mc,False,4096,2964585181,0.0,6.661338147750939e-16,6.661338147750939e-16,0.9303046433167848,asset_3
AC-raw-MC,15,0.005,minus,28.289480647854404,45.038949332923735,0.282958984375,0.0010793000110425055,mc,False,4096,2964585181,0.0,6.661338147750939e-16,6.661338147750939e-16,0.9303046433167848,asset_3
AC-raw-MC,15,0.005,plus,41.20159045174998,49.216306900983525,0.412109375,0.0010018000029958785,mc,False,4096,2964585181,0.0,6.661338147750939e-16,6.661338147750939e-16,0.9303046433167848,asset_3
AC-raw-MC,15,0.01,minus,20.45434407498015,40.33593317318039,0.20458984375,0.0009942000033333898,mc,False,4096,2964585181,0.0,6.661338147750939e-16,6.661338147750939e-16,0.9303046433167848,asset_3
AC-raw-MC,15,0.01,plus,45.10695447561254,49.755798047188726,0.451171875,0.0008586000185459852,mc,False,4096,2964585181,0.0,6.661338147750939e-16,6.661338147750939e-16,0.9303046433167848,asset_3
AC-raw-RQMC,0,0.0,base,36.14902574587781,48.0405460757064,0.361572265625,0.0027846000157296658,rqmc,False,4096,2159189034,0.0,6.661338147750939e-16,6.661338147750939e-16,0.9303046433167848,
AC-raw-RQMC,0,0.001,minus,36.0269831201321,48.00521111092886,0.3603515625,0.003348700003698468,rqmc,False,4096,2159189034,0.0,6.661338147750939e-16,6.661338147750939e-16,0.9303046433167848,asset_1
AC-raw-RQMC,0,0.001,plus,36.295476896772655,48.08250476591133,0.363037109375,0.0028993000159971416,rqmc,False,4096,2159189034,0.0,6.661338147750939e-16,6.661338147750939e-16,0.9303046433167848,asset_1
AC-raw-RQMC,0,0.0025,minus,35.68526376804412,47.904480093307086,0.35693359375,0.0018850999767892063,rqmc,False,4096,2159189034,0.0,6.661338147750939e-16,6.661338147750939e-16,0.9303046433167848,asset_1
AC-raw-RQMC,0,0.0025,plus,36.46633657281663,48.13084699611163,0.36474609375,0.0028261999832466245,rqmc,False,4096,2159189034,0.0,6.661338147750939e-16,6.661338147750939e-16,0.9303046433167848,asset_1
AC-raw-RQMC,0,0.005,minus,34.269569309393944,47.45867852013498,0.3427734375,0.003216999990399927,rqmc,False,4096,2159189034,0.0,6.661338147750939e-16,6.661338147750939e-16,0.9303046433167848,asset_1
AC-raw-RQMC,0,0.005,plus,36.539562148264054,48.151364597790995,0.365478515625,0.0036099000135436654,rqmc,False,4096,2159189034,0.0,6.661338147750939e-16,6.661338147750939e-16,0.9303046433167848,asset_1
AC-raw-RQMC,0,0.01,minus,28.265072122705263,45.02717859812567,0.28271484375,0.003091000020503998,rqmc,False,4096,2159189034,0.0,6.661338147750939e-16,6.661338147750939e-16,0.9303046433167848,asset_1
AC-raw-RQMC,0,0.01,plus,36.539562148264054,48.151364597790995,0.365478515625,0.0027876999811269343,rqmc,False,4096,2159189034,0.0,6.661338147750939e-16,6.661338147750939e-16,0.9303046433167848,asset_1
AC-raw-RQMC,0,0.001,minus,35.46558704170185,47.83832315669682,0.354736328125,0.0024154999991878867,rqmc,False,4096,2159189034,0.0,6.661338147750939e-16,6.661338147750939e-16,0.9303046433167848,asset_2
AC-raw-RQMC,0,0.001,plus,37.149775276992585,48.31768932185331,0.37158203125,0.0019417000003159046,rqmc,False,4096,2159189034,0.0,6.661338147750939e-16,6.661338147750939e-16,0.9303046433167848,asset_2
AC-raw-RQMC,0,0.0025,minus,34.19634373394652,47.434356352382146,0.342041015625,0.0026437000487931073,rqmc,False,4096,2159189034,0.0,6.661338147750939e-16,6.661338147750939e-16,0.9303046433167848,asset_2
AC-raw-RQMC,0,0.0025,plus,37.93084808176509,48.518552967456365,0.37939453125,0.0022214999771676958,rqmc,False,4096,2159189034,0.0,6.661338147750939e-16,6.661338147750939e-16,0.9303046433167848,asset_2
AC-raw-RQMC,0,0.005,minus,31.682265643585005,46.52171975815045,0.31689453125,0.00343729997985065,rqmc,False,4096,2159189034,0.0,6.661338147750939e-16,6.661338147750939e-16,0.9303046433167848,asset_2
AC-raw-RQMC,0,0.005,plus,39.395359590713554,48.859296926076695,0.39404296875,0.002701899968087673,rqmc,False,4096,2159189034,0.0,6.661338147750939e-16,6.661338147750939e-16,0.9303046433167848,asset_2
AC-raw-RQMC,0,0.01,minus,26.068304859282577,43.89935317452708,0.2607421875,0.0031629999866709113,rqmc,False,4096,2159189034,0.0,6.661338147750939e-16,6.661338147750939e-16,0.9303046433167848,asset_2
AC-raw-RQMC,0,0.01,plus,41.055139300855146,49.18992814115249,0.41064453125,0.0023536999942734838,rqmc,False,4096,2159189034,0.0,6.661338147750939e-16,6.661338147750939e-16,0.9303046433167848,asset_2
AC-raw-RQMC,0,0.001,minus,34.63569718663106,47.57841201230157,0.346435546875,0.003129500022623688,rqmc,False,4096,2159189034,0.0,6.661338147750939e-16,6.661338147750939e-16,0.9303046433167848,asset_3
AC-raw-RQMC,0,0.001,plus,37.29622642788743,48.35637605624878,0.373046875,0.002476800000295043,rqmc,False,4096,2159189034,0.0,6.661338147750939e-16,6.661338147750939e-16,0.9303046433167848,asset_3
AC-raw-RQMC,0,0.0025,minus,32.48774697350665,46.83075452395389,0.324951171875,0.002826999989338219,rqmc,False,4096,2159189034,0.0,6.661338147750939e-16,6.661338147750939e-16,0.9303046433167848,asset_3
AC-raw-RQMC,0,0.0025,plus,39.00482318832729,48.77296567937008,0.39013671875,0.0025733000366017222,rqmc,False,4096,2159189034,0.0,6.661338147750939e-16,6.661338147750939e-16,0.9303046433167848,asset_3
AC-raw-RQMC,0,0.005,minus,28.72883410053894,45.248046951678724,0.287353515625,0.002656599972397089,rqmc,False,4096,2159189034,0.0,6.661338147750939e-16,6.661338147750939e-16,0.9303046433167848,asset_3
AC-raw-RQMC,0,0.005,plus,41.95825473137336,49.34544714746486,0.419677734375,0.0022684999858029187,rqmc,False,4096,2159189034,0.0,6.661338147750939e-16,6.661338147750939e-16,0.9303046433167848,asset_3
AC-raw-RQMC,0,0.01,minus,20.869289002515544,40.63657832259266,0.208740234375,0.0020892000175081193,rqmc,False,4096,2159189034,0.0,6.661338147750939e-16,6.661338147750939e-16,0.9303046433167848,asset_3
AC-raw-RQMC,0,0.01,plus,45.86361875523592,49.824252993546374,0.458740234375,0.002992299967445433,rqmc,False,4096,2159189034,0.0,6.661338147750939e-16,6.661338147750939e-16,0.9303046433167848,asset_3
AC-raw-RQMC,1,0.0,base,36.0269831201321,48.00521111092886,0.3603515625,0.0021280000219121575,rqmc,False,4096,4145761959,0.0,6.661338147750939e-16,6.661338147750939e-16,0.9303046433167848,
AC-raw-RQMC,1,0.001,minus,35.88053196923725,47.96236477534582,0.35888671875,0.0032556999940425158,rqmc,False,4096,4145761959,0.0,6.661338147750939e-16,6.661338147750939e-16,0.9303046433167848,asset_1
AC-raw-RQMC,1,0.001,plus,36.124617220728666,48.03350597498563,0.361328125,0.0025233000051230192,rqmc,False,4096,4145761959,0.0,6.661338147750939e-16,6.661338147750939e-16,0.9303046433167848,asset_1
AC-raw-RQMC,1,0.0025,minus,35.41676999140357,47.82347211754154,0.354248046875,0.002502799965441227,rqmc,False,4096,4145761959,0.0,6.661338147750939e-16,6.661338147750939e-16,0.9303046433167848,asset_1
AC-raw-RQMC,1,0.0025,plus,36.22225132132523,48.061585795750396,0.3623046875,0.0025682999985292554,rqmc,False,4096,4145761959,0.0,6.661338147750939e-16,6.661338147750939e-16,0.9303046433167848,asset_1
AC-raw-RQMC,1,0.005,minus,34.00107553275339,47.36888264776419,0.340087890625,0.0024311000015586615,rqmc,False,4096,4145761959,0.0,6.661338147750939e-16,6.661338147750939e-16,0.9303046433167848,asset_1
AC-raw-RQMC,1,0.005,plus,36.319885421921796,48.08945094991972,0.36328125,0.0022324000019580126,rqmc,False,4096,4145761959,0.0,6.661338147750939e-16,6.661338147750939e-16,0.9303046433167848,asset_1
AC-raw-RQMC,1,0.01,minus,28.289480647854404,45.038949332923735,0.282958984375,0.0024520999868400395,rqmc,False,4096,4145761959,0.0,6.661338147750939e-16,6.661338147750939e-16,0.9303046433167848,asset_1
AC-raw-RQMC,1,0.01,plus,36.319885421921796,48.08945094991972,0.36328125,0.0034511000267229974,rqmc,False,4096,4145761959,0.0,6.661338147750939e-16,6.661338147750939e-16,0.9303046433167848,asset_1
AC-raw-RQMC,1,0.001,minus,35.1970932650613,47.755967609684404,0.35205078125,0.002493999956641346,rqmc,False,4096,4145761959,0.0,6.661338147750939e-16,6.661338147750939e-16,0.9303046433167848,asset_2
AC-raw-RQMC,1,0.001,plus,36.734830349457184,48.205491579000096,0.367431640625,0.003459200030192733,rqmc,False,4096,4145761959,0.0,6.661338147750939e-16,6.661338147750939e-16,0.9303046433167848,asset_2
AC-raw-RQMC,1,0.0025,minus,33.87903290700769,47.327506366302906,0.3388671875,0.002611899981275201,rqmc,False,4096,4145761959,0.0,6.661338147750939e-16,6.661338147750939e-16,0.9303046433167848,asset_2
AC-raw-RQMC,1,0.0025,plus,37.90643955661595,48.512478967835875,0.379150390625,0.0025372999953106046,rqmc,False,4096,4145761959,0.0,6.661338147750939e-16,6.661338147750939e-16,0.9303046433167848,asset_2
AC-raw-RQMC,1,0.005,minus,31.682265643585,46.521719758150454,0.31689453125,0.002290200034622103,rqmc,False,4096,4145761959,0.0,6.661338147750939e-16,6.661338147750939e-16,0.9303046433167848,asset_2
AC-raw-RQMC,1,0.005,plus,39.37095106556441,48.85399717781557,0.393798828125,0.00360769999679178,rqmc,False,4096,4145761959,0.0,6.661338147750939e-16,6.661338147750939e-16,0.9303046433167848,asset_2
AC-raw-RQMC,1,0.01,minus,26.190347485028283,43.965649576353066,0.261962890625,0.0031775999814271927,rqmc,False,4096,4145761959,0.0,6.661338147750939e-16,6.661338147750939e-16,0.9303046433167848,asset_2
AC-raw-RQMC,1,0.01,plus,41.00632225055686,49.18103514201022,0.41015625,0.0028442000038921833,rqmc,False,4096,4145761959,0.0,6.661338147750939e-16,6.661338147750939e-16,0.9303046433167848,asset_2
AC-raw-RQMC,1,0.001,minus,34.58688013633278,47.562627841709784,0.345947265625,0.0027014000224880874,rqmc,False,4096,4145761959,0.0,6.661338147750939e-16,6.661338147750939e-16,0.9303046433167848,asset_3
AC-raw-RQMC,1,0.001,plus,37.46708610393142,48.40091129618016,0.374755859375,0.0025492000277154148,rqmc,False,4096,4145761959,0.0,6.661338147750939e-16,6.661338147750939e-16,0.9303046433167848,asset_3
AC-raw-RQMC,1,0.0025,minus,32.53656402380493,46.84897318738855,0.325439453125,0.0024725000257603824,rqmc,False,4096,4145761959,0.0,6.661338147750939e-16,6.661338147750939e-16,0.9303046433167848,asset_3
AC-raw-RQMC,1,0.0025,plus,39.32213401526613,48.843359354158366,0.393310546875,0.002635300043039024,rqmc,False,4096,4145761959,0.0,6.661338147750939e-16,6.661338147750939e-16,0.9303046433167848,asset_3
AC-raw-RQMC,1,0.005,minus,28.875285251433787,45.31658495747935,0.288818359375,0.0024750999873504043,rqmc,False,4096,4145761959,0.0,6.661338147750939e-16,6.661338147750939e-16,0.9303046433167848,asset_3
AC-raw-RQMC,1,0.005,plus,42.15352293256649,49.37683613238194,0.421630859375,0.002647100016474724,rqmc,False,4096,4145761959,0.0,6.661338147750939e-16,6.661338147750939e-16,0.9303046433167848,asset_3
AC-raw-RQMC,1,0.01,minus,21.18659982945438,40.86214731087576,0.2119140625,0.0027449000044725835,rqmc,False,4096,4145761959,0.0,6.661338147750939e-16,6.661338147750939e-16,0.9303046433167848,asset_3
AC-raw-RQMC,1,0.01,plus,46.10770400672733,49.84386430821356,0.461181640625,0.0023465999984182417,rqmc,False,4096,4145761959,0.0,6.661338147750939e-16,6.661338147750939e-16,0.9303046433167848,asset_3
AC-raw-RQMC,2,0.0,base,36.417519522518354,48.11710181044114,0.3642578125,0.0030394999776035547,rqmc,False,4096,1757888678,0.0,6.661338147750939e-16,6.661338147750939e-16,0.9303046433167848,
AC-raw-RQMC,2,0.001,minus,36.246659846474365,48.068572194653925,0.362548828125,0.0023876000195741653,rqmc,False,4096,1757888678,0.0,6.661338147750939e-16,6.661338147750939e-16,0.9303046433167848,asset_1
AC-raw-RQMC,2,0.001,plus,36.46633657281664,48.13084699611162,0.36474609375,0.0029152000206522644,rqmc,False,4096,1757888678,0.0,6.661338147750939e-16,6.661338147750939e-16,0.9303046433167848,asset_1
AC-raw-RQMC,2,0.0025,minus,35.68526376804412,47.904480093307086,0.35693359375,0.002327699970919639,rqmc,False,4096,1757888678,0.0,6.661338147750939e-16,6.661338147750939e-16,0.9303046433167848,asset_1
AC-raw-RQMC,2,0.0025,plus,36.5639706734132,48.15817710730418,0.36572265625,0.003373500017914921,rqmc,False,4096,1757888678,0.0,6.661338147750939e-16,6.661338147750939e-16,0.9303046433167848,asset_1
AC-raw-RQMC,2,0.005,minus,34.41602046028879,47.50694681556823,0.34423828125,0.003206999972462654,rqmc,False,4096,1757888678,0.0,6.661338147750939e-16,6.661338147750939e-16,0.9303046433167848,asset_1
AC-raw-RQMC,2,0.005,plus,36.61278772371148,48.1717621237494,0.3662109375,0.0036239000037312508,rqmc,False,4096,1757888678,0.0,6.661338147750939e-16,6.661338147750939e-16,0.9303046433167848,asset_1
AC-raw-RQMC,2,0.01,minus,28.24066359755612,45.01539154731596,0.282470703125,0.003781599982175976,rqmc,False,4096,1757888678,0.0,6.661338147750939e-16,6.661338147750939e-16,0.9303046433167848,asset_1
AC-raw-RQMC,2,0.01,plus,36.63719624886062,48.17853464196107,0.366455078125,0.0023852000012993813,rqmc,False,4096,1757888678,0.0,6.661338147750939e-16,6.661338147750939e-16,0.9303046433167848,asset_1
AC-raw-RQMC,2,0.001,minus,35.75848934349154,47.92628829798279,0.357666015625,0.002760400006081909,rqmc,False,4096,1757888678,0.0,6.661338147750939e-16,6.661338147750939e-16,0.9303046433167848,asset_2
AC-raw-RQMC,2,0.001,plus,37.125366751843444,48.31119534818317,0.371337890625,0.002697699994314462,rqmc,False,4096,1757888678,0.0,6.661338147750939e-16,6.661338147750939e-16,0.9303046433167848,asset_2
AC-raw-RQMC,2,0.0025,minus,34.293977834543085,47.4667580308797,0.343017578125,0.0019832999678328633,rqmc,False,4096,1757888678,0.0,6.661338147750939e-16,6.661338147750939e-16,0.9303046433167848,asset_2
AC-raw-RQMC,2,0.0025,plus,38.12611628295822,48.56667589315426,0.38134765625,0.003905800054781139,rqmc,False,4096,1757888678,0.0,6.661338147750939e-16,6.661338147750939e-16,0.9303046433167848,asset_2
AC-raw-RQMC,2,0.005,minus,32.17043614656782,46.71091615756639,0.32177734375,0.0037687000003643334,rqmc,False,4096,1757888678,0.0,6.661338147750939e-16,6.661338147750939e-16,0.9303046433167848,asset_2
AC-raw-RQMC,2,0.005,plus,39.395359590713554,48.859296926076695,0.39404296875,0.0034132000291720033,rqmc,False,4096,1757888678,0.0,6.661338147750939e-16,6.661338147750939e-16,0.9303046433167848,asset_2
AC-raw-RQMC,2,0.01,minus,26.23916453532656,43.99204533981068,0.262451171875,0.0034590999712236226,rqmc,False,4096,1757888678,0.0,6.661338147750939e-16,6.661338147750939e-16,0.9303046433167848,asset_2
AC-raw-RQMC,2,0.01,plus,40.95750520025858,49.1720920581465,0.40966796875,0.0025028999662026763,rqmc,False,4096,1757888678,0.0,6.661338147750939e-16,6.661338147750939e-16,0.9303046433167848,asset_2
AC-raw-RQMC,2,0.001,minus,35.05064211416645,47.7103494785728,0.3505859375,0.0032223000307567418,rqmc,False,4096,1757888678,0.0,6.661338147750939e-16,6.661338147750939e-16,0.9303046433167848,asset_3
AC-raw-RQMC,2,0.001,plus,37.44267757878227,48.394588569685986,0.37451171875,0.0027141000027768314,rqmc,False,4096,1757888678,0.0,6.661338147750939e-16,6.661338147750939e-16,0.9303046433167848,asset_3
AC-raw-RQMC,2,0.0025,minus,32.65860664955064,46.894266494227274,0.32666015625,0.0030576999997720122,rqmc,False,4096,1757888678,0.0,6.661338147750939e-16,6.661338147750939e-16,0.9303046433167848,asset_3
AC-raw-RQMC,2,0.0025,plus,39.419768115862695,48.864583904172015,0.394287109375,0.00236620003124699,rqmc,False,4096,1757888678,0.0,6.661338147750939e-16,6.661338147750939e-16,0.9303046433167848,asset_3
AC-raw-RQMC,2,0.005,minus,28.63119999994238,45.202033544591366,0.286376953125,0.002471800020430237,rqmc,False,4096,1757888678,0.0,6.661338147750939e-16,6.661338147750939e-16,0.9303046433167848,asset_3
AC-raw-RQMC,2,0.005,plus,42.080297357119065,49.36515813982682,0.4208984375,0.0024972999817691743,rqmc,False,4096,1757888678,0.0,6.661338147750939e-16,6.661338147750939e-16,0.9303046433167848,asset_3
AC-raw-RQMC,2,0.01,minus,21.16219130430524,40.84492761635118,0.211669921875,0.0027346000424586236,rqmc,False,4096,1757888678,0.0,6.661338147750939e-16,6.661338147750939e-16,0.9303046433167848,asset_3
AC-raw-RQMC,2,0.01,plus,46.18092958217475,49.84951308766071,0.4619140625,0.002444499987177551,rqmc,False,4096,1757888678,0.0,6.661338147750939e-16,6.661338147750939e-16,0.9303046433167848,asset_3
AC-raw-RQMC,3,0.0,base,36.19784279617608,48.054585980202944,0.362060546875,0.002772500040009618,rqmc,False,4096,1830074249,0.0,6.661338147750939e-16,6.661338147750939e-16,0.9303046433167848,
AC-raw-RQMC,3,0.001,minus,35.904940494386395,47.96953954623909,0.359130859375,0.0025204999838024378,rqmc,False,4096,1830074249,0.0,6.661338147750939e-16,6.661338147750939e-16,0.9303046433167848,asset_1
AC-raw-RQMC,3,0.001,plus,36.222251321325224,48.06158579575039,0.3623046875,0.0023135000374168158,rqmc,False,4096,1830074249,0.0,6.661338147750939e-16,6.661338147750939e-16,0.9303046433167848,asset_1
AC-raw-RQMC,3,0.0025,minus,35.48999556685099,47.84572826505446,0.35498046875,0.00342399999499321,rqmc,False,4096,1830074249,0.0,6.661338147750939e-16,6.661338147750939e-16,0.9303046433167848,asset_1
AC-raw-RQMC,3,0.0025,plus,36.34429394707092,48.096383740593296,0.363525390625,0.0027157000149600208,rqmc,False,4096,1830074249,0.0,6.661338147750939e-16,6.661338147750939e-16,0.9303046433167848,asset_1
AC-raw-RQMC,3,0.005,minus,34.19634373394652,47.43435635238214,0.342041015625,0.003069200029131025,rqmc,False,4096,1830074249,0.0,6.661338147750939e-16,6.661338147750939e-16,0.9303046433167848,asset_1
AC-raw-RQMC,3,0.005,plus,36.393110997369206,48.110209165084896,0.364013671875,0.002426500024739653,rqmc,False,4096,1830074249,0.0,6.661338147750939e-16,6.661338147750939e-16,0.9303046433167848,asset_1
AC-raw-RQMC,3,0.01,minus,28.362706223301828,45.07416376898302,0.28369140625,0.0028187999851070344,rqmc,False,4096,1830074249,0.0,6.661338147750939e-16,6.661338147750939e-16,0.9303046433167848,asset_1
AC-raw-RQMC,3,0.01,plus,36.393110997369206,48.110209165084896,0.364013671875,0.0030941000441089272,rqmc,False,4096,1830074249,0.0,6.661338147750939e-16,6.661338147750939e-16,0.9303046433167848,asset_1
AC-raw-RQMC,3,0.001,minus,35.538812617149276,47.860497690910506,0.35546875,0.0030468999757431448,rqmc,False,4096,1830074249,0.0,6.661338147750939e-16,6.661338147750939e-16,0.9303046433167848,asset_2
AC-raw-RQMC,3,0.001,plus,37.07654970154516,48.298167766232474,0.370849609375,0.0023599000414833426,rqmc,False,4096,1830074249,0.0,6.661338147750939e-16,6.661338147750939e-16,0.9303046433167848,asset_2
AC-raw-RQMC,3,0.0025,minus,34.34279488484137,47.48287527732153,0.343505859375,0.0023991999914869666,rqmc,False,4096,1830074249,0.0,6.661338147750939e-16,6.661338147750939e-16,0.9303046433167848,asset_2
AC-raw-RQMC,3,0.0025,plus,38.0528907075108,48.54872744639104,0.380615234375,0.0021764999837614596,rqmc,False,4096,1830074249,0.0,6.661338147750939e-16,6.661338147750939e-16,0.9303046433167848,asset_2
AC-raw-RQMC,3,0.005,minus,31.779899744181563,46.560030112127514,0.31787109375,0.0034757000394165516,rqmc,False,4096,1830074249,0.0,6.661338147750939e-16,6.661338147750939e-16,0.9303046433167848,asset_2
AC-raw-RQMC,3,0.005,plus,39.419768115862695,48.864583904172015,0.394287109375,0.0027292000013403594,rqmc,False,4096,1830074249,0.0,6.661338147750939e-16,6.661338147750939e-16,0.9303046433167848,asset_2
AC-raw-RQMC,3,0.01,minus,26.19034748502828,43.96564957635305,0.261962890625,0.0034707000013440847,rqmc,False,4096,1830074249,0.0,6.661338147750939e-16,6.661338147750939e-16,0.9303046433167848,asset_2
AC-raw-RQMC,3,0.01,plus,41.055139300855146,49.18992814115249,0.41064453125,0.002577300008852035,rqmc,False,4096,1830074249,0.0,6.661338147750939e-16,6.661338147750939e-16,0.9303046433167848,asset_2
AC-raw-RQMC,3,0.001,minus,34.70892276207849,47.60198456360298,0.34716796875,0.0029283000039868057,rqmc,False,4096,1830074249,0.0,6.661338147750939e-16,6.661338147750939e-16,0.9303046433167848,asset_3
AC-raw-RQMC,3,0.001,plus,37.589128729677114,48.432327984628536,0.3759765625,0.0031908000237308443,rqmc,False,4096,1830074249,0.0,6.661338147750939e-16,6.661338147750939e-16,0.9303046433167848,asset_3
AC-raw-RQMC,3,0.0025,minus,32.390112872910095,46.79414309830938,0.323974609375,0.0035997999948449433,rqmc,False,4096,1830074249,0.0,6.661338147750939e-16,6.661338147750939e-16,0.9303046433167848,asset_3
AC-raw-RQMC,3,0.0025,plus,39.419768115862695,48.864583904172015,0.394287109375,0.003937200002837926,rqmc,False,4096,1830074249,0.0,6.661338147750939e-16,6.661338147750939e-16,0.9303046433167848,asset_3
AC-raw-RQMC,3,0.005,minus,28.72883410053894,45.248046951678724,0.287353515625,0.0034881000174209476,rqmc,False,4096,1830074249,0.0,6.661338147750939e-16,6.661338147750939e-16,0.9303046433167848,asset_3
AC-raw-RQMC,3,0.005,plus,42.03148030682078,49.35731090836388,0.42041015625,0.004005499999038875,rqmc,False,4096,1830074249,0.0,6.661338147750939e-16,6.661338147750939e-16,0.9303046433167848,asset_3
AC-raw-RQMC,3,0.01,minus,20.99133162826125,40.72377615448736,0.2099609375,0.003643200034275651,rqmc,False,4096,1830074249,0.0,6.661338147750939e-16,6.661338147750939e-16,0.9303046433167848,asset_3
AC-raw-RQMC,3,0.01,plus,46.10770400672733,49.84386430821356,0.461181640625,0.004295499995350838,rqmc,False,4096,1830074249,0.0,6.661338147750939e-16,6.661338147750939e-16,0.9303046433167848,asset_3
AC-raw-RQMC,4,0.0,base,36.075800170430384,48.01938544705948,0.36083984375,0.00402410002425313,rqmc,False,4096,609230738,0.0,6.661338147750939e-16,6.661338147750939e-16,0.9303046433167848,
AC-raw-RQMC,4,0.001,minus,35.88053196923725,47.96236477534582,0.35888671875,0.003333500004373491,rqmc,False,4096,609230738,0.0,6.661338147750939e-16,6.661338147750939e-16,0.9303046433167848,asset_1
AC-raw-RQMC,4,0.001,plus,36.27106837162351,48.07554518276272,0.36279296875,0.00312619999749586,rqmc,False,4096,609230738,0.0,6.661338147750939e-16,6.661338147750939e-16,0.9303046433167848,asset_1
AC-raw-RQMC,4,0.0025,minus,35.56322114229842,47.86786202099478,0.355712890625,0.004030100011732429,rqmc,False,4096,609230738,0.0,6.661338147750939e-16,6.661338147750939e-16,0.9303046433167848,asset_1
AC-raw-RQMC,4,0.0025,plus,36.29547689677265,48.08250476591133,0.363037109375,0.0035200000274926424,rqmc,False,4096,609230738,0.0,6.661338147750939e-16,6.661338147750939e-16,0.9303046433167848,asset_1
AC-raw-RQMC,4,0.005,minus,34.00107553275339,47.36888264776419,0.340087890625,0.004014600010123104,rqmc,False,4096,609230738,0.0,6.661338147750939e-16,6.661338147750939e-16,0.9303046433167848,asset_1
AC-raw-RQMC,4,0.005,plus,36.34429394707093,48.09638374059329,0.363525390625,0.003924799966625869,rqmc,False,4096,609230738,0.0,6.661338147750939e-16,6.661338147750939e-16,0.9303046433167848,asset_1
AC-raw-RQMC,4,0.01,minus,28.143029496959556,44.96807992708857,0.281494140625,0.0026730000390671194,rqmc,False,4096,609230738,0.0,6.661338147750939e-16,6.661338147750939e-16,0.9303046433167848,asset_1
AC-raw-RQMC,4,0.01,plus,36.36870247222007,48.103303143722904,0.36376953125,0.003910299972631037,rqmc,False,4096,609230738,0.0,6.661338147750939e-16,6.661338147750939e-16,0.9303046433167848,asset_1
AC-raw-RQMC,4,0.001,minus,35.343544415956146,47.80109340749979,0.353515625,0.004259099951013923,rqmc,False,4096,609230738,0.0,6.661338147750939e-16,6.661338147750939e-16,0.9303046433167848,asset_2
AC-raw-RQMC,4,0.001,plus,36.783647399755466,48.218890244147964,0.367919921875,0.003492899995762855,rqmc,False,4096,609230738,0.0,6.661338147750939e-16,6.661338147750939e-16,0.9303046433167848,asset_2
AC-raw-RQMC,4,0.0025,minus,34.00107553275339,47.36888264776419,0.340087890625,0.0036208000383339822,rqmc,False,4096,609230738,0.0,6.661338147750939e-16,6.661338147750939e-16,0.9303046433167848,asset_2
AC-raw-RQMC,4,0.0025,plus,37.95525660691423,48.52461392596382,0.379638671875,0.0034202999668195844,rqmc,False,4096,609230738,0.0,6.661338147750939e-16,6.661338147750939e-16,0.9303046433167848,asset_2
AC-raw-RQMC,4,0.005,minus,31.5602230178393,46.47349889239544,0.315673828125,0.0036379999946802855,rqmc,False,4096,609230738,0.0,6.661338147750939e-16,6.661338147750939e-16,0.9303046433167848,asset_2
AC-raw-RQMC,4,0.005,plus,39.29772549011699,48.838021270413925,0.39306640625,0.0043500000028871,rqmc,False,4096,609230738,0.0,6.661338147750939e-16,6.661338147750939e-16,0.9303046433167848,asset_2
AC-raw-RQMC,4,0.01,minus,26.043896334133436,43.8860411395989,0.260498046875,0.0038225999451242387,rqmc,False,4096,609230738,0.0,6.661338147750939e-16,6.661338147750939e-16,0.9303046433167848,asset_2
AC-raw-RQMC,4,0.01,plus,40.835462574512874,49.14951504803689,0.408447265625,0.0037903999909758568,rqmc,False,4096,609230738,0.0,6.661338147750939e-16,6.661338147750939e-16,0.9303046433167848,asset_2
AC-raw-RQMC,4,0.001,minus,34.83096538782419,47.64099605905167,0.348388671875,0.004685100051574409,rqmc,False,4096,609230738,0.0,6.661338147750939e-16,6.661338147750939e-16,0.9303046433167848,asset_3
AC-raw-RQMC,4,0.001,plus,37.34504347818571,48.36916619615575,0.37353515625,0.004346399975474924,rqmc,False,4096,609230738,0.0,6.661338147750939e-16,6.661338147750939e-16,0.9303046433167848,asset_3
AC-raw-RQMC,4,0.0025,minus,32.36570434776095,46.78495392166876,0.32373046875,0.0035244000027887523,rqmc,False,4096,609230738,0.0,6.661338147750939e-16,6.661338147750939e-16,0.9303046433167848,asset_3
AC-raw-RQMC,4,0.0025,plus,39.224499914669565,48.82193028117792,0.392333984375,0.0034402000019326806,rqmc,False,4096,609230738,0.0,6.661338147750939e-16,6.661338147750939e-16,0.9303046433167848,asset_3
AC-raw-RQMC,4,0.005,minus,28.48474884904753,45.13252936307255,0.284912109375,0.0038589999894611537,rqmc,False,4096,609230738,0.0,6.661338147750939e-16,6.661338147750939e-16,0.9303046433167848,asset_3
AC-raw-RQMC,4,0.005,plus,41.9826632565225,49.3494141268868,0.419921875,0.0031275000073947012,rqmc,False,4096,609230738,0.0,6.661338147750939e-16,6.661338147750939e-16,0.9303046433167848,asset_3
AC-raw-RQMC,4,0.01,minus,20.942514577962967,40.68896338327251,0.20947265625,0.003932399966288358,rqmc,False,4096,609230738,0.0,6.661338147750939e-16,6.661338147750939e-16,0.9303046433167848,asset_3
AC-raw-RQMC,4,0.01,plus,46.0344784312799,49.83810727431129,0.46044921875,0.0038861000211909413,rqmc,False,4096,609230738,0.0,6.661338147750939e-16,6.661338147750939e-16,0.9303046433167848,asset_3
AC-raw-RQMC,5,0.0,base,36.19784279617608,48.054585980202944,0.362060546875,0.003540000005159527,rqmc,False,4096,1110755746,0.0,6.661338147750939e-16,6.661338147750939e-16,0.9303046433167848,
AC-raw-RQMC,5,0.001,minus,35.95375754468468,47.983848611990155,0.359619140625,0.0039042000425979495,rqmc,False,4096,1110755746,0.0,6.661338147750939e-16,6.661338147750939e-16,0.9303046433167848,asset_1
AC-raw-RQMC,5,0.001,plus,36.246659846474365,48.068572194653925,0.362548828125,0.003033100045286119,rqmc,False,4096,1110755746,0.0,6.661338147750939e-16,6.661338147750939e-16,0.9303046433167848,asset_1
AC-raw-RQMC,5,0.0025,minus,35.46558704170185,47.838323156696816,0.354736328125,0.0027538000140339136,rqmc,False,4096,1110755746,0.0,6.661338147750939e-16,6.661338147750939e-16,0.9303046433167848,asset_1
AC-raw-RQMC,5,0.0025,plus,36.34429394707093,48.09638374059329,0.363525390625,0.002810100035276264,rqmc,False,4096,1110755746,0.0,6.661338147750939e-16,6.661338147750939e-16,0.9303046433167848,asset_1
AC-raw-RQMC,5,0.005,minus,34.14752668364824,47.41807180608527,0.341552734375,0.0034398999996483326,rqmc,False,4096,1110755746,0.0,6.661338147750939e-16,6.661338147750939e-16,0.9303046433167848,asset_1
AC-raw-RQMC,5,0.005,plus,36.417519522518354,48.11710181044114,0.3642578125,0.0033384999842382967,rqmc,False,4096,1110755746,0.0,6.661338147750939e-16,6.661338147750939e-16,0.9303046433167848,asset_1
AC-raw-RQMC,5,0.01,minus,28.069803921512133,44.93242426248343,0.28076171875,0.00261939998017624,rqmc,False,4096,1110755746,0.0,6.661338147750939e-16,6.661338147750939e-16,0.9303046433167848,asset_1
AC-raw-RQMC,5,0.01,plus,36.46633657281664,48.13084699611162,0.36474609375,0.0033394000492990017,rqmc,False,4096,1110755746,0.0,6.661338147750939e-16,6.661338147750939e-16,0.9303046433167848,asset_1
AC-raw-RQMC,5,0.001,minus,35.29472736565787,47.78610609218399,0.35302734375,0.0038006999529898167,rqmc,False,4096,1110755746,0.0,6.661338147750939e-16,6.661338147750939e-16,0.9303046433167848,asset_2
AC-raw-RQMC,5,0.001,plus,36.954507075799455,48.26536735933535,0.36962890625,0.003465699963271618,rqmc,False,4096,1110755746,0.0,6.661338147750939e-16,6.661338147750939e-16,0.9303046433167848,asset_2
AC-raw-RQMC,5,0.0025,minus,34.04989258305167,47.38533501172592,0.340576171875,0.002836100000422448,rqmc,False,4096,1110755746,0.0,6.661338147750939e-16,6.661338147750939e-16,0.9303046433167848,asset_2
AC-raw-RQMC,5,0.0025,plus,37.83321398116853,48.49417867324081,0.37841796875,0.0032521000248380005,rqmc,False,4096,1110755746,0.0,6.661338147750939e-16,6.661338147750939e-16,0.9303046433167848,asset_2
AC-raw-RQMC,5,0.005,minus,31.65785711843586,46.51210520876645,0.316650390625,0.0028398000285960734,rqmc,False,4096,1110755746,0.0,6.661338147750939e-16,6.661338147750939e-16,0.9303046433167848,asset_2
AC-raw-RQMC,5,0.005,plus,39.27331696496785,48.83267039980691,0.392822265625,0.002671700029168278,rqmc,False,4096,1110755746,0.0,6.661338147750939e-16,6.661338147750939e-16,0.9303046433167848,asset_2
AC-raw-RQMC,5,0.01,minus,26.239164535326562,43.99204533981067,0.262451171875,0.003174800018314272,rqmc,False,4096,1110755746,0.0,6.661338147750939e-16,6.661338147750939e-16,0.9303046433167848,asset_2
AC-raw-RQMC,5,0.01,plus,40.835462574512874,49.14951504803689,0.408447265625,0.004085699969436973,rqmc,False,4096,1110755746,0.0,6.661338147750939e-16,6.661338147750939e-16,0.9303046433167848,asset_2
AC-raw-RQMC,5,0.001,minus,34.90419096327161,47.664237600569024,0.34912109375,0.003781000035814941,rqmc,False,4096,1110755746,0.0,6.661338147750939e-16,6.661338147750939e-16,0.9303046433167848,asset_3
AC-raw-RQMC,5,0.001,plus,37.54031167937884,48.41980067757602,0.37548828125,0.003969600016716868,rqmc,False,4096,1110755746,0.0,6.661338147750939e-16,6.661338147750939e-16,0.9303046433167848,asset_3
AC-raw-RQMC,5,0.0025,minus,32.46333844835752,46.82162344262693,0.32470703125,0.002478000009432435,rqmc,False,4096,1110755746,0.0,6.661338147750939e-16,6.661338147750939e-16,0.9303046433167848,asset_3
AC-raw-RQMC,5,0.0025,plus,39.49299369131012,48.88036825885027,0.39501953125,0.0027721000369638205,rqmc,False,4096,1110755746,0.0,6.661338147750939e-16,6.661338147750939e-16,0.9303046433167848,asset_3
AC-raw-RQMC,5,0.005,minus,28.875285251433787,45.31658495747935,0.288818359375,0.003348600002937019,rqmc,False,4096,1110755746,0.0,6.661338147750939e-16,6.661338147750939e-16,0.9303046433167848,asset_3
AC-raw-RQMC,5,0.005,plus,42.15352293256649,49.37683613238194,0.421630859375,0.003386199998203665,rqmc,False,4096,1110755746,0.0,6.661338147750939e-16,6.661338147750939e-16,0.9303046433167848,asset_3
AC-raw-RQMC,5,0.01,minus,21.064557203708674,40.77582997402036,0.210693359375,0.002618399972561747,rqmc,False,4096,1110755746,0.0,6.661338147750939e-16,6.661338147750939e-16,0.9303046433167848,asset_3
AC-raw-RQMC,5,0.01,plus,46.20533810732388,49.85137196397828,0.462158203125,0.0023666999768465757,rqmc,False,4096,1110755746,0.0,6.661338147750939e-16,6.661338147750939e-16,0.9303046433167848,asset_3
AC-raw-RQMC,6,0.0,base,36.22225132132523,48.061585795750396,0.3623046875,0.002377700002398342,rqmc,False,4096,49015525,0.0,6.661338147750939e-16,6.661338147750939e-16,0.9303046433167848,
AC-raw-RQMC,6,0.001,minus,36.075800170430384,48.01938544705948,0.36083984375,0.00351279997266829,rqmc,False,4096,49015525,0.0,6.661338147750939e-16,6.661338147750939e-16,0.9303046433167848,asset_1
AC-raw-RQMC,6,0.001,plus,36.29547689677265,48.08250476591133,0.363037109375,0.0031757999677211046,rqmc,False,4096,49015525,0.0,6.661338147750939e-16,6.661338147750939e-16,0.9303046433167848,asset_1
AC-raw-RQMC,6,0.0025,minus,35.63644671774584,47.88987355506341,0.3564453125,0.0027062000008299947,rqmc,False,4096,49015525,0.0,6.661338147750939e-16,6.661338147750939e-16,0.9303046433167848,asset_1
AC-raw-RQMC,6,0.0025,plus,36.417519522518354,48.11710181044114,0.3642578125,0.0022817000281065702,rqmc,False,4096,49015525,0.0,6.661338147750939e-16,6.661338147750939e-16,0.9303046433167848,asset_1
AC-raw-RQMC,6,0.005,minus,34.123118158499096,47.40990858104913,0.34130859375,0.0028565999818965793,rqmc,False,4096,49015525,0.0,6.661338147750939e-16,6.661338147750939e-16,0.9303046433167848,asset_1
AC-raw-RQMC,6,0.005,plus,36.51515362311491,48.14453874654057,0.365234375,0.003073900006711483,rqmc,False,4096,49015525,0.0,6.661338147750939e-16,6.661338147750939e-16,0.9303046433167848,asset_1
AC-raw-RQMC,6,0.01,minus,28.21625507240698,45.00358816767444,0.2822265625,0.0037048999802209437,rqmc,False,4096,49015525,0.0,6.661338147750939e-16,6.661338147750939e-16,0.9303046433167848,asset_1
AC-raw-RQMC,6,0.01,plus,36.51515362311491,48.14453874654057,0.365234375,0.0027215000009164214,rqmc,False,4096,49015525,0.0,6.661338147750939e-16,6.661338147750939e-16,0.9303046433167848,asset_1
AC-raw-RQMC,6,0.001,minus,35.514404092000134,47.8531197743588,0.355224609375,0.0032412000000476837,rqmc,False,4096,49015525,0.0,6.661338147750939e-16,6.661338147750939e-16,0.9303046433167848,asset_2
AC-raw-RQMC,6,0.001,plus,36.83246445005375,48.23223576622403,0.368408203125,0.0023151999921537936,rqmc,False,4096,49015525,0.0,6.661338147750939e-16,6.661338147750939e-16,0.9303046433167848,asset_2
AC-raw-RQMC,6,0.0025,minus,34.04989258305168,47.38533501172592,0.340576171875,0.0030937999836169183,rqmc,False,4096,49015525,0.0,6.661338147750939e-16,6.661338147750939e-16,0.9303046433167848,asset_2
AC-raw-RQMC,6,0.0025,plus,37.95525660691423,48.52461392596382,0.379638671875,0.0019105999963358045,rqmc,False,4096,49015525,0.0,6.661338147750939e-16,6.661338147750939e-16,0.9303046433167848,asset_2
AC-raw-RQMC,6,0.005,minus,31.731082693883288,46.54090448557493,0.3173828125,0.00409810000564903,rqmc,False,4096,49015525,0.0,6.661338147750939e-16,6.661338147750939e-16,0.9303046433167848,asset_2
AC-raw-RQMC,6,0.005,plus,39.224499914669565,48.82193028117792,0.392333984375,0.0033369000302627683,rqmc,False,4096,49015525,0.0,6.661338147750939e-16,6.661338147750939e-16,0.9303046433167848,asset_2
AC-raw-RQMC,6,0.01,minus,26.09271338443172,43.912647603326974,0.260986328125,0.003554199996870011,rqmc,False,4096,49015525,0.0,6.661338147750939e-16,6.661338147750939e-16,0.9303046433167848,asset_2
AC-raw-RQMC,6,0.01,plus,40.93309667510944,49.167601725909535,0.409423828125,0.002433299960102886,rqmc,False,4096,49015525,0.0,6.661338147750939e-16,6.661338147750939e-16,0.9303046433167848,asset_2
AC-raw-RQMC,6,0.001,minus,34.73333128722763,47.6098144535438,0.347412109375,0.003597699978854507,rqmc,False,4096,49015525,0.0,6.661338147750939e-16,6.661338147750939e-16,0.9303046433167848,asset_3
AC-raw-RQMC,6,0.001,plus,37.54031167937884,48.41980067757602,0.37548828125,0.002769600017927587,rqmc,False,4096,49015525,0.0,6.661338147750939e-16,6.661338147750939e-16,0.9303046433167848,asset_3
AC-raw-RQMC,6,0.0025,minus,32.63419812440151,46.88523675373912,0.326416015625,0.004559800028800964,rqmc,False,4096,49015525,0.0,6.661338147750939e-16,6.661338147750939e-16,0.9303046433167848,asset_3
AC-raw-RQMC,6,0.0025,plus,39.10245728892386,48.79485591878148,0.39111328125,0.004081199993379414,rqmc,False,4096,49015525,0.0,6.661338147750939e-16,6.661338147750939e-16,0.9303046433167848,asset_3
AC-raw-RQMC,6,0.005,minus,28.68001705024066,45.22507245367549,0.286865234375,0.0024740000371821225,rqmc,False,4096,49015525,0.0,6.661338147750939e-16,6.661338147750939e-16,0.9303046433167848,asset_3
AC-raw-RQMC,6,0.005,plus,42.03148030682078,49.35731090836388,0.42041015625,0.003627799975220114,rqmc,False,4096,49015525,0.0,6.661338147750939e-16,6.661338147750939e-16,0.9303046433167848,asset_3
AC-raw-RQMC,6,0.01,minus,20.77165490191898,40.566420687324026,0.207763671875,0.0037597999908030033,rqmc,False,4096,49015525,0.0,6.661338147750939e-16,6.661338147750939e-16,0.9303046433167848,asset_3
AC-raw-RQMC,6,0.01,plus,46.132112531876466,49.84575926113675,0.46142578125,0.0031737000099383295,rqmc,False,4096,49015525,0.0,6.661338147750939e-16,6.661338147750939e-16,0.9303046433167848,asset_3
AC-raw-RQMC,7,0.0,base,36.22225132132523,48.061585795750396,0.3623046875,0.0033916999818757176,rqmc,False,4096,1793435561,0.0,6.661338147750939e-16,6.661338147750939e-16,0.9303046433167848,
AC-raw-RQMC,7,0.001,minus,36.0269831201321,48.00521111092886,0.3603515625,0.0026393000152893364,rqmc,False,4096,1793435561,0.0,6.661338147750939e-16,6.661338147750939e-16,0.9303046433167848,asset_1
AC-raw-RQMC,7,0.001,plus,36.36870247222007,48.103303143722904,0.36376953125,0.0035669999779202044,rqmc,False,4096,1793435561,0.0,6.661338147750939e-16,6.661338147750939e-16,0.9303046433167848,asset_1
AC-raw-RQMC,7,0.0025,minus,35.63644671774584,47.88987355506341,0.3564453125,0.0025468000094406307,rqmc,False,4096,1793435561,0.0,6.661338147750939e-16,6.661338147750939e-16,0.9303046433167848,asset_1
AC-raw-RQMC,7,0.0025,plus,36.417519522518354,48.11710181044114,0.3642578125,0.003239799989387393,rqmc,False,4096,1793435561,0.0,6.661338147750939e-16,6.661338147750939e-16,0.9303046433167848,asset_1
AC-raw-RQMC,7,0.005,minus,34.22075225909566,47.44247768802625,0.34228515625,0.002473199972882867,rqmc,False,4096,1793435561,0.0,6.661338147750939e-16,6.661338147750939e-16,0.9303046433167848,asset_1
AC-raw-RQMC,7,0.005,plus,36.51515362311492,48.14453874654057,0.365234375,0.003076600027270615,rqmc,False,4096,1793435561,0.0,6.661338147750939e-16,6.661338147750939e-16,0.9303046433167848,asset_1
AC-raw-RQMC,7,0.01,minus,28.289480647854404,45.038949332923735,0.282958984375,0.0028776999679394066,rqmc,False,4096,1793435561,0.0,6.661338147750939e-16,6.661338147750939e-16,0.9303046433167848,asset_1
AC-raw-RQMC,7,0.01,plus,36.51515362311492,48.14453874654057,0.365234375,0.003220300015527755,rqmc,False,4096,1793435561,0.0,6.661338147750939e-16,6.661338147750939e-16,0.9303046433167848,asset_1
AC-raw-RQMC,7,0.001,minus,35.24591031535958,47.771064176776505,0.3525390625,0.0026080000097863376,rqmc,False,4096,1793435561,0.0,6.661338147750939e-16,6.661338147750939e-16,0.9303046433167848,asset_2
AC-raw-RQMC,7,0.001,plus,36.85687297520289,48.23888861240036,0.36865234375,0.0033337000058963895,rqmc,False,4096,1793435561,0.0,6.661338147750939e-16,6.661338147750939e-16,0.9303046433167848,asset_2
AC-raw-RQMC,7,0.0025,minus,33.92784995730597,47.34409897928209,0.33935546875,0.002409400010947138,rqmc,False,4096,1793435561,0.0,6.661338147750939e-16,6.661338147750939e-16,0.9303046433167848,asset_2
AC-raw-RQMC,7,0.0025,plus,37.88203103146681,48.50639192220331,0.37890625,0.0030930000357329845,rqmc,False,4096,1793435561,0.0,6.661338147750939e-16,6.661338147750939e-16,0.9303046433167848,asset_2
AC-raw-RQMC,7,0.005,minus,31.5602230178393,46.47349889239544,0.315673828125,0.002528899989556521,rqmc,False,4096,1793435561,0.0,6.661338147750939e-16,6.661338147750939e-16,0.9303046433167848,asset_2
AC-raw-RQMC,7,0.005,plus,39.10245728892386,48.79485591878148,0.39111328125,0.002658099983818829,rqmc,False,4096,1793435561,0.0,6.661338147750939e-16,6.661338147750939e-16,0.9303046433167848,asset_2
AC-raw-RQMC,7,0.01,minus,26.019487808984294,43.872711482516046,0.26025390625,0.002433600020594895,rqmc,False,4096,1793435561,0.0,6.661338147750939e-16,6.661338147750939e-16,0.9303046433167848,asset_2
AC-raw-RQMC,7,0.01,plus,40.68901142361803,49.12200860236885,0.406982421875,0.0026322000194340944,rqmc,False,4096,1793435561,0.0,6.661338147750939e-16,6.661338147750939e-16,0.9303046433167848,asset_2
AC-raw-RQMC,7,0.001,minus,34.660105711780204,47.58628334981862,0.3466796875,0.003556499956175685,rqmc,False,4096,1793435561,0.0,6.661338147750939e-16,6.661338147750939e-16,0.9303046433167848,asset_3
AC-raw-RQMC,7,0.001,plus,37.44267757878227,48.39458856968598,0.37451171875,0.0028195000486448407,rqmc,False,4096,1793435561,0.0,6.661338147750939e-16,6.661338147750939e-16,0.9303046433167848,asset_3
AC-raw-RQMC,7,0.0025,minus,32.683015174699776,46.90328179099909,0.326904296875,0.0019431000109761953,rqmc,False,4096,1793435561,0.0,6.661338147750939e-16,6.661338147750939e-16,0.9303046433167848,asset_3
AC-raw-RQMC,7,0.0025,plus,39.37095106556441,48.85399717781557,0.393798828125,0.0024926000041887164,rqmc,False,4096,1793435561,0.0,6.661338147750939e-16,6.661338147750939e-16,0.9303046433167848,asset_3
AC-raw-RQMC,7,0.005,minus,28.997327877179494,45.37325970117573,0.2900390625,0.0028010999667458236,rqmc,False,4096,1793435561,0.0,6.661338147750939e-16,6.661338147750939e-16,0.9303046433167848,asset_3
AC-raw-RQMC,7,0.005,plus,42.12911440741735,49.372955844901696,0.42138671875,0.002341300016269088,rqmc,False,4096,1793435561,0.0,6.661338147750939e-16,6.661338147750939e-16,0.9303046433167848,asset_3
AC-raw-RQMC,7,0.01,minus,21.211008354603518,40.87934517434542,0.212158203125,0.002834399987477809,rqmc,False,4096,1793435561,0.0,6.661338147750939e-16,6.661338147750939e-16,0.9303046433167848,asset_3
AC-raw-RQMC,7,0.01,plus,46.37619778336788,49.8640475330713,0.4638671875,0.002473800035659224,rqmc,False,4096,1793435561,0.0,6.661338147750939e-16,6.661338147750939e-16,0.9303046433167848,asset_3
AC-raw-RQMC,8,0.0,base,36.17343427102695,48.04757274214778,0.36181640625,0.003244900028221309,rqmc,False,4096,3148452000,0.0,6.661338147750939e-16,6.661338147750939e-16,0.9303046433167848,
AC-raw-RQMC,8,0.001,minus,36.05139164528124,48.01230500799401,0.360595703125,0.0026867000269703567,rqmc,False,4096,3148452000,0.0,6.661338147750939e-16,6.661338147750939e-16,0.9303046433167848,asset_1
AC-raw-RQMC,8,0.001,plus,36.295476896772655,48.08250476591133,0.363037109375,0.0032298999722115695,rqmc,False,4096,3148452000,0.0,6.661338147750939e-16,6.661338147750939e-16,0.9303046433167848,asset_1
AC-raw-RQMC,8,0.0025,minus,35.6120381925967,47.882549946824575,0.356201171875,0.0025510999839752913,rqmc,False,4096,3148452000,0.0,6.661338147750939e-16,6.661338147750939e-16,0.9303046433167848,asset_1
AC-raw-RQMC,8,0.0025,plus,36.46633657281663,48.13084699611163,0.36474609375,0.002638300007674843,rqmc,False,4096,3148452000,0.0,6.661338147750939e-16,6.661338147750939e-16,0.9303046433167848,asset_1
AC-raw-RQMC,8,0.005,minus,34.269569309393944,47.45867852013498,0.3427734375,0.002549300028476864,rqmc,False,4096,3148452000,0.0,6.661338147750939e-16,6.661338147750939e-16,0.9303046433167848,asset_1
AC-raw-RQMC,8,0.005,plus,36.46633657281663,48.13084699611163,0.36474609375,0.0025292999926023185,rqmc,False,4096,3148452000,0.0,6.661338147750939e-16,6.661338147750939e-16,0.9303046433167848,asset_1
AC-raw-RQMC,8,0.01,minus,27.996578346064712,44.8966208226187,0.280029296875,0.002333400014322251,rqmc,False,4096,3148452000,0.0,6.661338147750939e-16,6.661338147750939e-16,0.9303046433167848,asset_1
AC-raw-RQMC,8,0.01,plus,36.46633657281663,48.13084699611163,0.36474609375,0.002889900002628565,rqmc,False,4096,3148452000,0.0,6.661338147750939e-16,6.661338147750939e-16,0.9303046433167848,asset_1
AC-raw-RQMC,8,0.001,minus,35.343544415956146,47.80109340749979,0.353515625,0.0023358999751508236,rqmc,False,4096,3148452000,0.0,6.661338147750939e-16,6.661338147750939e-16,0.9303046433167848,asset_2
AC-raw-RQMC,8,0.001,plus,36.783647399755466,48.218890244147964,0.367919921875,0.002281899971421808,rqmc,False,4096,3148452000,0.0,6.661338147750939e-16,6.661338147750939e-16,0.9303046433167848,asset_2
AC-raw-RQMC,8,0.0025,minus,34.04989258305167,47.38533501172592,0.340576171875,0.0032129999599419534,rqmc,False,4096,3148452000,0.0,6.661338147750939e-16,6.661338147750939e-16,0.9303046433167848,asset_2
AC-raw-RQMC,8,0.0025,plus,37.68676283027368,48.4572253085274,0.376953125,0.0019215000211261213,rqmc,False,4096,3148452000,0.0,6.661338147750939e-16,6.661338147750939e-16,0.9303046433167848,asset_2
AC-raw-RQMC,8,0.005,minus,31.65785711843586,46.51210520876645,0.316650390625,0.002739699964877218,rqmc,False,4096,3148452000,0.0,6.661338147750939e-16,6.661338147750939e-16,0.9303046433167848,asset_2
AC-raw-RQMC,8,0.005,plus,39.27331696496785,48.83267039980691,0.392822265625,0.002456100017298013,rqmc,False,4096,3148452000,0.0,6.661338147750939e-16,6.661338147750939e-16,0.9303046433167848,asset_2
AC-raw-RQMC,8,0.01,minus,26.214756010177418,43.978856213490864,0.26220703125,0.003048699989449233,rqmc,False,4096,3148452000,0.0,6.661338147750939e-16,6.661338147750939e-16,0.9303046433167848,asset_2
AC-raw-RQMC,8,0.01,plus,40.68901142361803,49.12200860236886,0.406982421875,0.003464599954895675,rqmc,False,4096,3148452000,0.0,6.661338147750939e-16,6.661338147750939e-16,0.9303046433167848,asset_2
AC-raw-RQMC,8,0.001,minus,34.806556862675045,47.633221337254895,0.34814453125,0.003595300018787384,rqmc,False,4096,3148452000,0.0,6.661338147750939e-16,6.661338147750939e-16,0.9303046433167848,asset_3
AC-raw-RQMC,8,0.001,plus,37.515903154229704,48.41351734499575,0.375244140625,0.0025674000498838723,rqmc,False,4096,3148452000,0.0,6.661338147750939e-16,6.661338147750939e-16,0.9303046433167848,asset_3
AC-raw-RQMC,8,0.0025,minus,32.56097254895407,46.85806078640895,0.32568359375,0.004009000025689602,rqmc,False,4096,3148452000,0.0,6.661338147750939e-16,6.661338147750939e-16,0.9303046433167848,asset_3
AC-raw-RQMC,8,0.0025,plus,39.46858516616098,48.87511956643186,0.394775390625,0.003752400050871074,rqmc,False,4096,3148452000,0.0,6.661338147750939e-16,6.661338147750939e-16,0.9303046433167848,asset_3
AC-raw-RQMC,8,0.005,minus,28.680017050240657,45.22507245367549,0.286865234375,0.0027741999947465956,rqmc,False,4096,3148452000,0.0,6.661338147750939e-16,6.661338147750939e-16,0.9303046433167848,asset_3
AC-raw-RQMC,8,0.005,plus,42.22674850801391,49.38840276957228,0.42236328125,0.003191600029822439,rqmc,False,4096,3148452000,0.0,6.661338147750939e-16,6.661338147750939e-16,0.9303046433167848,asset_3
AC-raw-RQMC,8,0.01,minus,20.942514577962967,40.68896338327251,0.20947265625,0.00281360000371933,rqmc,False,4096,3148452000,0.0,6.661338147750939e-16,6.661338147750939e-16,0.9303046433167848,asset_3
AC-raw-RQMC,8,0.01,plus,46.156521057025614,49.84764218716485,0.461669921875,0.00406399997882545,rqmc,False,4096,3148452000,0.0,6.661338147750939e-16,6.661338147750939e-16,0.9303046433167848,asset_3
AC-raw-RQMC,9,0.0,base,36.100208695579525,48.02645243407754,0.361083984375,0.0036962999729439616,rqmc,False,4096,1043311169,0.0,6.661338147750939e-16,6.661338147750939e-16,0.9303046433167848,
AC-raw-RQMC,9,0.001,minus,35.88053196923725,47.96236477534582,0.35888671875,0.002749800041783601,rqmc,False,4096,1043311169,0.0,6.661338147750939e-16,6.661338147750939e-16,0.9303046433167848,asset_1
AC-raw-RQMC,9,0.001,plus,36.22225132132523,48.061585795750396,0.3623046875,0.0029249999788589776,rqmc,False,4096,1043311169,0.0,6.661338147750939e-16,6.661338147750939e-16,0.9303046433167848,asset_1
AC-raw-RQMC,9,0.0025,minus,35.46558704170185,47.838323156696816,0.354736328125,0.0034138000337406993,rqmc,False,4096,1043311169,0.0,6.661338147750939e-16,6.661338147750939e-16,0.9303046433167848,asset_1
AC-raw-RQMC,9,0.0025,plus,36.31988542192179,48.08945094991973,0.36328125,0.00336019997484982,rqmc,False,4096,1043311169,0.0,6.661338147750939e-16,6.661338147750939e-16,0.9303046433167848,asset_1
AC-raw-RQMC,9,0.005,minus,34.123118158499096,47.40990858104913,0.34130859375,0.0022329000057652593,rqmc,False,4096,1043311169,0.0,6.661338147750939e-16,6.661338147750939e-16,0.9303046433167848,asset_1
AC-raw-RQMC,9,0.005,plus,36.36870247222007,48.103303143722904,0.36376953125,0.003048999991733581,rqmc,False,4096,1043311169,0.0,6.661338147750939e-16,6.661338147750939e-16,0.9303046433167848,asset_1
AC-raw-RQMC,9,0.01,minus,27.92335277061729,44.860669253674686,0.279296875,0.0033361000241711736,rqmc,False,4096,1043311169,0.0,6.661338147750939e-16,6.661338147750939e-16,0.9303046433167848,asset_1
AC-raw-RQMC,9,0.01,plus,36.36870247222007,48.103303143722904,0.36376953125,0.004036300000734627,rqmc,False,4096,1043311169,0.0,6.661338147750939e-16,6.661338147750939e-16,0.9303046433167848,asset_1
AC-raw-RQMC,9,0.001,minus,35.36795294110529,47.80856660617719,0.353759765625,0.002162699995096773,rqmc,False,4096,1043311169,0.0,6.661338147750939e-16,6.661338147750939e-16,0.9303046433167848,asset_2
AC-raw-RQMC,9,0.001,plus,36.954507075799455,48.26536735933535,0.36962890625,0.002732300024945289,rqmc,False,4096,1043311169,0.0,6.661338147750939e-16,6.661338147750939e-16,0.9303046433167848,asset_2
AC-raw-RQMC,9,0.0025,minus,34.098709633349955,47.40173137847005,0.341064453125,0.002524699957575649,rqmc,False,4096,1043311169,0.0,6.661338147750939e-16,6.661338147750939e-16,0.9303046433167848,asset_2
AC-raw-RQMC,9,0.0025,plus,37.979665132063374,48.53066184824433,0.3798828125,0.003271699999459088,rqmc,False,4096,1043311169,0.0,6.661338147750939e-16,6.661338147750939e-16,0.9303046433167848,asset_2
AC-raw-RQMC,9,0.005,minus,31.779899744181566,46.560030112127514,0.31787109375,0.003140399989206344,rqmc,False,4096,1043311169,0.0,6.661338147750939e-16,6.661338147750939e-16,0.9303046433167848,asset_2
AC-raw-RQMC,9,0.005,plus,39.17568286437128,48.81113896449773,0.391845703125,0.004179999988991767,rqmc,False,4096,1043311169,0.0,6.661338147750939e-16,6.661338147750939e-16,0.9303046433167848,asset_2
AC-raw-RQMC,9,0.01,minus,25.848628132940306,43.77890910780934,0.258544921875,0.002693599963095039,rqmc,False,4096,1043311169,0.0,6.661338147750939e-16,6.661338147750939e-16,0.9303046433167848,asset_2
AC-raw-RQMC,9,0.01,plus,40.98191372540772,49.17656986237275,0.409912109375,0.0033620999893173575,rqmc,False,4096,1043311169,0.0,6.661338147750939e-16,6.661338147750939e-16,0.9303046433167848,asset_2
AC-raw-RQMC,9,0.001,minus,34.56247161118364,47.554714994861996,0.345703125,0.0034100000048056245,rqmc,False,4096,1043311169,0.0,6.661338147750939e-16,6.661338147750939e-16,0.9303046433167848,asset_3
AC-raw-RQMC,9,0.001,plus,37.54031167937884,48.41980067757602,0.37548828125,0.0038341000326909125,rqmc,False,4096,1043311169,0.0,6.661338147750939e-16,6.661338147750939e-16,0.9303046433167848,asset_3
AC-raw-RQMC,9,0.0025,minus,32.390112872910095,46.79414309830938,0.323974609375,0.0040188999846577644,rqmc,False,4096,1043311169,0.0,6.661338147750939e-16,6.661338147750939e-16,0.9303046433167848,asset_3
AC-raw-RQMC,9,0.0025,plus,39.419768115862695,48.864583904172015,0.394287109375,0.004239700036123395,rqmc,False,4096,1043311169,0.0,6.661338147750939e-16,6.661338147750939e-16,0.9303046433167848,asset_3
AC-raw-RQMC,9,0.005,minus,28.68001705024066,45.22507245367549,0.286865234375,0.0050218000542372465,rqmc,False,4096,1043311169,0.0,6.661338147750939e-16,6.661338147750939e-16,0.9303046433167848,asset_3
AC-raw-RQMC,9,0.005,plus,42.055888831969924,49.361240716366645,0.420654296875,0.0037903999909758568,rqmc,False,4096,1043311169,0.0,6.661338147750939e-16,6.661338147750939e-16,0.9303046433167848,asset_3
AC-raw-RQMC,9,0.01,minus,20.942514577962967,40.68896338327251,0.20947265625,0.0035862000077031553,rqmc,False,4096,1043311169,0.0,6.661338147750939e-16,6.661338147750939e-16,0.9303046433167848,asset_3
AC-raw-RQMC,9,0.01,plus,46.20533810732388,49.85137196397827,0.462158203125,0.0037970999837853014,rqmc,False,4096,1043311169,0.0,6.661338147750939e-16,6.661338147750939e-16,0.9303046433167848,asset_3
AC-raw-RQMC,10,0.0,base,36.222251321325224,48.06158579575039,0.3623046875,0.003864999976940453,rqmc,False,4096,3213542079,0.0,6.661338147750939e-16,6.661338147750939e-16,0.9303046433167848,
AC-raw-RQMC,10,0.001,minus,36.05139164528124,48.01230500799401,0.360595703125,0.004600699990987778,rqmc,False,4096,3213542079,0.0,6.661338147750939e-16,6.661338147750939e-16,0.9303046433167848,asset_1
AC-raw-RQMC,10,0.001,plus,36.39311099736921,48.110209165084896,0.364013671875,0.0042814999469555914,rqmc,False,4096,3213542079,0.0,6.661338147750939e-16,6.661338147750939e-16,0.9303046433167848,asset_1
AC-raw-RQMC,10,0.0025,minus,35.56322114229842,47.86786202099478,0.355712890625,0.0035532000474631786,rqmc,False,4096,3213542079,0.0,6.661338147750939e-16,6.661338147750939e-16,0.9303046433167848,asset_1
AC-raw-RQMC,10,0.0025,plus,36.417519522518354,48.11710181044114,0.3642578125,0.005027799983508885,rqmc,False,4096,3213542079,0.0,6.661338147750939e-16,6.661338147750939e-16,0.9303046433167848,asset_1
AC-raw-RQMC,10,0.005,minus,34.00107553275339,47.36888264776419,0.340087890625,0.008266300021205097,rqmc,False,4096,3213542079,0.0,6.661338147750939e-16,6.661338147750939e-16,0.9303046433167848,asset_1
AC-raw-RQMC,10,0.005,plus,36.46633657281664,48.13084699611162,0.36474609375,0.004226300050504506,rqmc,False,4096,3213542079,0.0,6.661338147750939e-16,6.661338147750939e-16,0.9303046433167848,asset_1
AC-raw-RQMC,10,0.01,minus,27.94776129576643,44.87266959072347,0.279541015625,0.00495299999602139,rqmc,False,4096,3213542079,0.0,6.661338147750939e-16,6.661338147750939e-16,0.9303046433167848,asset_1
AC-raw-RQMC,10,0.01,plus,36.46633657281664,48.13084699611162,0.36474609375,0.00393960002111271,rqmc,False,4096,3213542079,0.0,6.661338147750939e-16,6.661338147750939e-16,0.9303046433167848,asset_1
AC-raw-RQMC,10,0.001,minus,35.197093265061305,47.755967609684404,0.35205078125,0.004087299981620163,rqmc,False,4096,3213542079,0.0,6.661338147750939e-16,6.661338147750939e-16,0.9303046433167848,asset_2
AC-raw-RQMC,10,0.001,plus,36.978915600948596,48.27195391391007,0.369873046875,0.003451300028245896,rqmc,False,4096,3213542079,0.0,6.661338147750939e-16,6.661338147750939e-16,0.9303046433167848,asset_2
AC-raw-RQMC,10,0.0025,minus,33.92784995730598,47.34409897928209,0.33935546875,0.004525199998170137,rqmc,False,4096,3213542079,0.0,6.661338147750939e-16,6.661338147750939e-16,0.9303046433167848,asset_2
AC-raw-RQMC,10,0.0025,plus,37.808805456019385,48.488052460047754,0.378173828125,0.004049500043038279,rqmc,False,4096,3213542079,0.0,6.661338147750939e-16,6.661338147750939e-16,0.9303046433167848,asset_2
AC-raw-RQMC,10,0.005,minus,31.340546291497027,46.38576565352116,0.3134765625,0.003159899963065982,rqmc,False,4096,3213542079,0.0,6.661338147750939e-16,6.661338147750939e-16,0.9303046433167848,asset_2
AC-raw-RQMC,10,0.005,plus,39.224499914669565,48.82193028117792,0.392333984375,0.003991600009612739,rqmc,False,4096,3213542079,0.0,6.661338147750939e-16,6.661338147750939e-16,0.9303046433167848,asset_2
AC-raw-RQMC,10,0.01,minus,26.141530434729997,43.93918370644453,0.261474609375,0.004616099991835654,rqmc,False,4096,3213542079,0.0,6.661338147750939e-16,6.661338147750939e-16,0.9303046433167848,asset_2
AC-raw-RQMC,10,0.01,plus,40.76223699906545,49.13581832623224,0.40771484375,0.0034259000094607472,rqmc,False,4096,3213542079,0.0,6.661338147750939e-16,6.661338147750939e-16,0.9303046433167848,asset_2
AC-raw-RQMC,10,0.001,minus,34.90419096327162,47.66423760056901,0.34912109375,0.003950199985411018,rqmc,False,4096,3213542079,0.0,6.661338147750939e-16,6.661338147750939e-16,0.9303046433167848,asset_3
AC-raw-RQMC,10,0.001,plus,37.467086103931415,48.40091129618016,0.374755859375,0.0040553000289946795,rqmc,False,4096,3213542079,0.0,6.661338147750939e-16,6.661338147750939e-16,0.9303046433167848,asset_3
AC-raw-RQMC,10,0.0025,minus,32.78064927529634,46.939198707169375,0.327880859375,0.003823600010946393,rqmc,False,4096,3213542079,0.0,6.661338147750939e-16,6.661338147750939e-16,0.9303046433167848,asset_3
AC-raw-RQMC,10,0.0025,plus,39.395359590713554,48.859296926076695,0.39404296875,0.0037201999803073704,rqmc,False,4096,3213542079,0.0,6.661338147750939e-16,6.661338147750939e-16,0.9303046433167848,asset_3
AC-raw-RQMC,10,0.005,minus,28.7044255753898,45.236567747922116,0.287109375,0.004040899977553636,rqmc,False,4096,3213542079,0.0,6.661338147750939e-16,6.661338147750939e-16,0.9303046433167848,asset_3
AC-raw-RQMC,10,0.005,plus,42.37319965890876,49.41120228991092,0.423828125,0.003667999990284443,rqmc,False,4096,3213542079,0.0,6.661338147750939e-16,6.661338147750939e-16,0.9303046433167848,asset_3
AC-raw-RQMC,10,0.01,minus,21.308642455200083,40.947918867285246,0.213134765625,0.004011400043964386,rqmc,False,4096,3213542079,0.0,6.661338147750939e-16,6.661338147750939e-16,0.9303046433167848,asset_3
AC-raw-RQMC,10,0.01,plus,46.32738073306959,49.86048602965653,0.46337890625,0.004653899988625199,rqmc,False,4096,3213542079,0.0,6.661338147750939e-16,6.661338147750939e-16,0.9303046433167848,asset_3
AC-raw-RQMC,11,0.0,base,35.904940494386395,47.96953954623909,0.359130859375,0.0036686000530608,rqmc,False,4096,1120599214,0.0,6.661338147750939e-16,6.661338147750939e-16,0.9303046433167848,
AC-raw-RQMC,11,0.001,minus,35.78289786864069,47.933530630156085,0.35791015625,0.0033838999806903303,rqmc,False,4096,1120599214,0.0,6.661338147750939e-16,6.661338147750939e-16,0.9303046433167848,asset_1
AC-raw-RQMC,11,0.001,plus,36.075800170430384,48.019385447059484,0.36083984375,0.0046258000074885786,rqmc,False,4096,1120599214,0.0,6.661338147750939e-16,6.661338147750939e-16,0.9303046433167848,asset_1
AC-raw-RQMC,11,0.0025,minus,35.46558704170185,47.838323156696816,0.354736328125,0.004189100000075996,rqmc,False,4096,1120599214,0.0,6.661338147750939e-16,6.661338147750939e-16,0.9303046433167848,asset_1
AC-raw-RQMC,11,0.0025,plus,36.17343427102695,48.04757274214778,0.36181640625,0.0032155000371858478,rqmc,False,4096,1120599214,0.0,6.661338147750939e-16,6.661338147750939e-16,0.9303046433167848,asset_1
AC-raw-RQMC,11,0.005,minus,33.95225848245511,47.35237422821692,0.339599609375,0.00428340001963079,rqmc,False,4096,1120599214,0.0,6.661338147750939e-16,6.661338147750939e-16,0.9303046433167848,asset_1
AC-raw-RQMC,11,0.005,plus,36.22225132132523,48.061585795750396,0.3623046875,0.004997300042305142,rqmc,False,4096,1120599214,0.0,6.661338147750939e-16,6.661338147750939e-16,0.9303046433167848,asset_1
AC-raw-RQMC,11,0.01,minus,28.24066359755612,45.01539154731596,0.282470703125,0.004233399988152087,rqmc,False,4096,1120599214,0.0,6.661338147750939e-16,6.661338147750939e-16,0.9303046433167848,asset_1
AC-raw-RQMC,11,0.01,plus,36.22225132132523,48.061585795750396,0.3623046875,0.0040154000162146986,rqmc,False,4096,1120599214,0.0,6.661338147750939e-16,6.661338147750939e-16,0.9303046433167848,asset_1
AC-raw-RQMC,11,0.001,minus,35.12386768961388,47.73322017365565,0.351318359375,0.003305800026282668,rqmc,False,4096,1120599214,0.0,6.661338147750939e-16,6.661338147750939e-16,0.9303046433167848,asset_2
AC-raw-RQMC,11,0.001,plus,36.46633657281663,48.13084699611163,0.36474609375,0.0034232999896630645,rqmc,False,4096,1120599214,0.0,6.661338147750939e-16,6.661338147750939e-16,0.9303046433167848,asset_2
AC-raw-RQMC,11,0.0025,minus,33.8302158567094,47.31085755058893,0.33837890625,0.003553599992301315,rqmc,False,4096,1120599214,0.0,6.661338147750939e-16,6.661338147750939e-16,0.9303046433167848,asset_2
AC-raw-RQMC,11,0.0025,plus,37.49149462908056,48.40722088623804,0.375,0.0034645000123418868,rqmc,False,4096,1120599214,0.0,6.661338147750939e-16,6.661338147750939e-16,0.9303046433167848,asset_2
AC-raw-RQMC,11,0.005,minus,31.60904006813758,46.492831692775766,0.316162109375,0.002875500009395182,rqmc,False,4096,1120599214,0.0,6.661338147750939e-16,6.661338147750939e-16,0.9303046433167848,asset_2
AC-raw-RQMC,11,0.005,plus,39.10245728892386,48.79485591878148,0.39111328125,0.0036951000220142305,rqmc,False,4096,1120599214,0.0,6.661338147750939e-16,6.661338147750939e-16,0.9303046433167848,asset_2
AC-raw-RQMC,11,0.01,minus,26.16593895987914,43.952425412612506,0.26171875,0.0031849000370129943,rqmc,False,4096,1120599214,0.0,6.661338147750939e-16,6.661338147750939e-16,0.9303046433167848,asset_2
AC-raw-RQMC,11,0.01,plus,40.76223699906545,49.13581832623223,0.40771484375,0.003443600027821958,rqmc,False,4096,1120599214,0.0,6.661338147750939e-16,6.661338147750939e-16,0.9303046433167848,asset_2
AC-raw-RQMC,11,0.001,minus,34.83096538782419,47.640996059051666,0.348388671875,0.003474899975117296,rqmc,False,4096,1120599214,0.0,6.661338147750939e-16,6.661338147750939e-16,0.9303046433167848,asset_3
AC-raw-RQMC,11,0.001,plus,37.320634953036574,48.3627777099696,0.373291015625,0.0034672999754548073,rqmc,False,4096,1120599214,0.0,6.661338147750939e-16,6.661338147750939e-16,0.9303046433167848,asset_3
AC-raw-RQMC,11,0.0025,minus,32.82946632559463,46.957070718526516,0.328369140625,0.00346539996098727,rqmc,False,4096,1120599214,0.0,6.661338147750939e-16,6.661338147750939e-16,0.9303046433167848,asset_3
AC-raw-RQMC,11,0.0025,plus,39.444176641011836,48.86985811624612,0.39453125,0.0035791999544017017,rqmc,False,4096,1120599214,0.0,6.661338147750939e-16,6.661338147750939e-16,0.9303046433167848,asset_3
AC-raw-RQMC,11,0.005,minus,28.55797442449495,45.16735419450404,0.28564453125,0.003548000007867813,rqmc,False,4096,1120599214,0.0,6.661338147750939e-16,6.661338147750939e-16,0.9303046433167848,asset_3
AC-raw-RQMC,11,0.005,plus,41.9826632565225,49.3494141268868,0.419921875,0.00344469997799024,rqmc,False,4096,1120599214,0.0,6.661338147750939e-16,6.661338147750939e-16,0.9303046433167848,asset_3
AC-raw-RQMC,11,0.01,minus,21.113374254006956,40.81042262356452,0.211181640625,0.003246600041165948,rqmc,False,4096,1120599214,0.0,6.661338147750939e-16,6.661338147750939e-16,0.9303046433167848,asset_3
AC-raw-RQMC,11,0.01,plus,46.05888695642905,49.840038316185975,0.460693359375,0.0035084999981336296,rqmc,False,4096,1120599214,0.0,6.661338147750939e-16,6.661338147750939e-16,0.9303046433167848,asset_3
AC-raw-RQMC,12,0.0,base,36.0269831201321,48.00521111092886,0.3603515625,0.0030765000265091658,rqmc,False,4096,2915193971,0.0,6.661338147750939e-16,6.661338147750939e-16,0.9303046433167848,
AC-raw-RQMC,12,0.001,minus,35.83171491893897,47.94797472724033,0.3583984375,0.002722500008530915,rqmc,False,4096,2915193971,0.0,6.661338147750939e-16,6.661338147750939e-16,0.9303046433167848,asset_1
AC-raw-RQMC,12,0.001,plus,36.12461722072866,48.03350597498563,0.361328125,0.0035734999692067504,rqmc,False,4096,2915193971,0.0,6.661338147750939e-16,6.661338147750939e-16,0.9303046433167848,asset_1
AC-raw-RQMC,12,0.0025,minus,35.39236146625443,47.81602617406496,0.35400390625,0.004278199980035424,rqmc,False,4096,2915193971,0.0,6.661338147750939e-16,6.661338147750939e-16,0.9303046433167848,asset_1
AC-raw-RQMC,12,0.0025,plus,36.222251321325224,48.06158579575039,0.3623046875,0.004311800003051758,rqmc,False,4096,2915193971,0.0,6.661338147750939e-16,6.661338147750939e-16,0.9303046433167848,asset_1
AC-raw-RQMC,12,0.005,minus,34.19634373394652,47.434356352382146,0.342041015625,0.002751899999566376,rqmc,False,4096,2915193971,0.0,6.661338147750939e-16,6.661338147750939e-16,0.9303046433167848,asset_1
AC-raw-RQMC,12,0.005,plus,36.29547689677265,48.08250476591133,0.363037109375,0.0033395999926142395,rqmc,False,4096,2915193971,0.0,6.661338147750939e-16,6.661338147750939e-16,0.9303046433167848,asset_1
AC-raw-RQMC,12,0.01,minus,27.94776129576643,44.87266959072347,0.279541015625,0.0025237000081688166,rqmc,False,4096,2915193971,0.0,6.661338147750939e-16,6.661338147750939e-16,0.9303046433167848,asset_1
AC-raw-RQMC,12,0.01,plus,36.29547689677265,48.08250476591133,0.363037109375,0.0040979000041261315,rqmc,False,4096,2915193971,0.0,6.661338147750939e-16,6.661338147750939e-16,0.9303046433167848,asset_1
AC-raw-RQMC,12,0.001,minus,35.1970932650613,47.7559676096844,0.35205078125,0.003417600004468113,rqmc,False,4096,2915193971,0.0,6.661338147750939e-16,6.661338147750939e-16,0.9303046433167848,asset_2
AC-raw-RQMC,12,0.001,plus,36.759238874606325,48.21219755722308,0.36767578125,0.0031476999865844846,rqmc,False,4096,2915193971,0.0,6.661338147750939e-16,6.661338147750939e-16,0.9303046433167848,asset_2
AC-raw-RQMC,12,0.0025,minus,34.02548405790254,47.37711583303868,0.34033203125,0.003234200004953891,rqmc,False,4096,2915193971,0.0,6.661338147750939e-16,6.661338147750939e-16,0.9303046433167848,asset_2
AC-raw-RQMC,12,0.0025,plus,37.58912872967712,48.432327984628536,0.3759765625,0.0036722999648191035,rqmc,False,4096,2915193971,0.0,6.661338147750939e-16,6.661338147750939e-16,0.9303046433167848,asset_2
AC-raw-RQMC,12,0.005,minus,31.609040068137578,46.492831692775766,0.316162109375,0.003294499998446554,rqmc,False,4096,2915193971,0.0,6.661338147750939e-16,6.661338147750939e-16,0.9303046433167848,asset_2
AC-raw-RQMC,12,0.005,plus,39.34654254041527,48.84868465523222,0.3935546875,0.003111800004262477,rqmc,False,4096,2915193971,0.0,6.661338147750939e-16,6.661338147750939e-16,0.9303046433167848,asset_2
AC-raw-RQMC,12,0.01,minus,26.16593895987914,43.952425412612506,0.26171875,0.002680299978237599,rqmc,False,4096,2915193971,0.0,6.661338147750939e-16,6.661338147750939e-16,0.9303046433167848,asset_2
AC-raw-RQMC,12,0.01,plus,40.81105404936373,49.1449620240381,0.408203125,0.0023846999974921346,rqmc,False,4096,2915193971,0.0,6.661338147750939e-16,6.661338147750939e-16,0.9303046433167848,asset_2
AC-raw-RQMC,12,0.001,minus,34.73333128722763,47.609814453543805,0.347412109375,0.0033810000168159604,rqmc,False,4096,2915193971,0.0,6.661338147750939e-16,6.661338147750939e-16,0.9303046433167848,asset_3
AC-raw-RQMC,12,0.001,plus,37.271817902738285,48.34996122976306,0.372802734375,0.00396619999082759,rqmc,False,4096,2915193971,0.0,6.661338147750939e-16,6.661338147750939e-16,0.9303046433167848,asset_3
AC-raw-RQMC,12,0.0025,minus,32.60978959925236,46.87619256118778,0.326171875,0.003125899995211512,rqmc,False,4096,2915193971,0.0,6.661338147750939e-16,6.661338147750939e-16,0.9303046433167848,asset_3
AC-raw-RQMC,12,0.0025,plus,39.32213401526613,48.843359354158366,0.393310546875,0.0027741999947465956,rqmc,False,4096,2915193971,0.0,6.661338147750939e-16,6.661338147750939e-16,0.9303046433167848,asset_3
AC-raw-RQMC,12,0.005,minus,28.826468201135505,45.29380310622465,0.288330078125,0.0025551000144332647,rqmc,False,4096,2915193971,0.0,6.661338147750939e-16,6.661338147750939e-16,0.9303046433167848,asset_3
AC-raw-RQMC,12,0.005,plus,42.104705882268206,49.36906318169254,0.421142578125,0.002603399974759668,rqmc,False,4096,2915193971,0.0,6.661338147750939e-16,6.661338147750939e-16,0.9303046433167848,asset_3
AC-raw-RQMC,12,0.01,minus,20.99133162826125,40.72377615448736,0.2099609375,0.003333900007419288,rqmc,False,4096,2915193971,0.0,6.661338147750939e-16,6.661338147750939e-16,0.9303046433167848,asset_3
AC-raw-RQMC,12,0.01,plus,46.278563682771306,49.856876461267035,0.462890625,0.0027197999879717827,rqmc,False,4096,2915193971,0.0,6.661338147750939e-16,6.661338147750939e-16,0.9303046433167848,asset_3
AC-raw-RQMC,13,0.0,base,36.29547689677264,48.08250476591133,0.363037109375,0.003447399998549372,rqmc,False,4096,4289691964,0.0,6.661338147750939e-16,6.661338147750939e-16,0.9303046433167848,
AC-raw-RQMC,13,0.001,minus,36.05139164528124,48.01230500799401,0.360595703125,0.003794000018388033,rqmc,False,4096,4289691964,0.0,6.661338147750939e-16,6.661338147750939e-16,0.9303046433167848,asset_1
AC-raw-RQMC,13,0.001,plus,36.393110997369206,48.110209165084896,0.364013671875,0.002660199999809265,rqmc,False,4096,4289691964,0.0,6.661338147750939e-16,6.661338147750939e-16,0.9303046433167848,asset_1
AC-raw-RQMC,13,0.0025,minus,35.68526376804412,47.904480093307086,0.35693359375,0.004073599993716925,rqmc,False,4096,4289691964,0.0,6.661338147750939e-16,6.661338147750939e-16,0.9303046433167848,asset_1
AC-raw-RQMC,13,0.0025,plus,36.44192804766749,48.12398108553907,0.364501953125,0.0031556999892927706,rqmc,False,4096,4289691964,0.0,6.661338147750939e-16,6.661338147750939e-16,0.9303046433167848,asset_1
AC-raw-RQMC,13,0.005,minus,34.098709633349955,47.40173137847005,0.341064453125,0.0029170000343583524,rqmc,False,4096,4289691964,0.0,6.661338147750939e-16,6.661338147750939e-16,0.9303046433167848,asset_1
AC-raw-RQMC,13,0.005,plus,36.51515362311491,48.14453874654056,0.365234375,0.002907999965827912,rqmc,False,4096,4289691964,0.0,6.661338147750939e-16,6.661338147750939e-16,0.9303046433167848,asset_1
AC-raw-RQMC,13,0.01,minus,28.19184654725784,44.99176844634972,0.281982421875,0.0026721000322140753,rqmc,False,4096,4289691964,0.0,6.661338147750939e-16,6.661338147750939e-16,0.9303046433167848,asset_1
AC-raw-RQMC,13,0.01,plus,36.51515362311491,48.14453874654056,0.365234375,0.002494000014849007,rqmc,False,4096,4289691964,0.0,6.661338147750939e-16,6.661338147750939e-16,0.9303046433167848,asset_1
AC-raw-RQMC,13,0.001,minus,35.343544415956146,47.80109340749978,0.353515625,0.003934899985324591,rqmc,False,4096,4289691964,0.0,6.661338147750939e-16,6.661338147750939e-16,0.9303046433167848,asset_2
AC-raw-RQMC,13,0.001,plus,36.85687297520289,48.23888861240036,0.36865234375,0.002535700041335076,rqmc,False,4096,4289691964,0.0,6.661338147750939e-16,6.661338147750939e-16,0.9303046433167848,asset_2
AC-raw-RQMC,13,0.0025,minus,33.95225848245512,47.35237422821691,0.339599609375,0.003257000003941357,rqmc,False,4096,4289691964,0.0,6.661338147750939e-16,6.661338147750939e-16,0.9303046433167848,asset_2
AC-raw-RQMC,13,0.0025,plus,37.7599884057211,48.475760831482496,0.377685546875,0.003614499990362674,rqmc,False,4096,4289691964,0.0,6.661338147750939e-16,6.661338147750939e-16,0.9303046433167848,asset_2
AC-raw-RQMC,13,0.005,minus,31.60904006813758,46.492831692775766,0.316162109375,0.0027254000306129456,rqmc,False,4096,4289691964,0.0,6.661338147750939e-16,6.661338147750939e-16,0.9303046433167848,asset_2
AC-raw-RQMC,13,0.005,plus,39.29772549011699,48.83802127041392,0.39306640625,0.0025665999855846167,rqmc,False,4096,4289691964,0.0,6.661338147750939e-16,6.661338147750939e-16,0.9303046433167848,asset_2
AC-raw-RQMC,13,0.01,minus,26.092713384431715,43.91264760332697,0.260986328125,0.0028544000233523548,rqmc,False,4096,4289691964,0.0,6.661338147750939e-16,6.661338147750939e-16,0.9303046433167848,asset_2
AC-raw-RQMC,13,0.01,plus,40.95750520025858,49.1720920581465,0.40966796875,0.002484500000718981,rqmc,False,4096,4289691964,0.0,6.661338147750939e-16,6.661338147750939e-16,0.9303046433167848,asset_2
AC-raw-RQMC,13,0.001,minus,35.00182506386818,47.69503378374149,0.35009765625,0.0027422999846749008,rqmc,False,4096,4289691964,0.0,6.661338147750939e-16,6.661338147750939e-16,0.9303046433167848,asset_3
AC-raw-RQMC,13,0.001,plus,37.54031167937884,48.41980067757602,0.37548828125,0.0025606999988667667,rqmc,False,4096,4289691964,0.0,6.661338147750939e-16,6.661338147750939e-16,0.9303046433167848,asset_3
AC-raw-RQMC,13,0.0025,minus,32.65860664955064,46.894266494227274,0.32666015625,0.0024022000143304467,rqmc,False,4096,4289691964,0.0,6.661338147750939e-16,6.661338147750939e-16,0.9303046433167848,asset_3
AC-raw-RQMC,13,0.0025,plus,39.71267041765239,48.92703306525032,0.397216796875,0.0022579000215046108,rqmc,False,4096,4289691964,0.0,6.661338147750939e-16,6.661338147750939e-16,0.9303046433167848,asset_3
AC-raw-RQMC,13,0.005,minus,28.875285251433787,45.31658495747935,0.288818359375,0.0034336000098846853,rqmc,False,4096,4289691964,0.0,6.661338147750939e-16,6.661338147750939e-16,0.9303046433167848,asset_3
AC-raw-RQMC,13,0.005,plus,42.32438260861048,49.40365186811131,0.42333984375,0.002432399953249842,rqmc,False,4096,4289691964,0.0,6.661338147750939e-16,6.661338147750939e-16,0.9303046433167848,asset_3
AC-raw-RQMC,13,0.01,minus,21.01574015341039,40.741149444434896,0.210205078125,0.0030125000048428774,rqmc,False,4096,4289691964,0.0,6.661338147750939e-16,6.661338147750939e-16,0.9303046433167848,asset_3
AC-raw-RQMC,13,0.01,plus,46.425014833666154,49.86756098180967,0.46435546875,0.0024409000179730356,rqmc,False,4096,4289691964,0.0,6.661338147750939e-16,6.661338147750939e-16,0.9303046433167848,asset_3
AC-raw-RQMC,14,0.0,base,35.929349019535536,47.97670082310664,0.359375,0.003001500037498772,rqmc,False,4096,3628348512,0.0,6.661338147750939e-16,6.661338147750939e-16,0.9303046433167848,
AC-raw-RQMC,14,0.001,minus,35.68526376804412,47.904480093307086,0.35693359375,0.002082000020891428,rqmc,False,4096,3628348512,0.0,6.661338147750939e-16,6.661338147750939e-16,0.9303046433167848,asset_1
AC-raw-RQMC,14,0.001,plus,36.0269831201321,48.00521111092886,0.3603515625,0.002655999967828393,rqmc,False,4096,3628348512,0.0,6.661338147750939e-16,6.661338147750939e-16,0.9303046433167848,asset_1
AC-raw-RQMC,14,0.0025,minus,35.29472736565786,47.786106092183985,0.35302734375,0.002887899987399578,rqmc,False,4096,3628348512,0.0,6.661338147750939e-16,6.661338147750939e-16,0.9303046433167848,asset_1
AC-raw-RQMC,14,0.0025,plus,36.12461722072866,48.03350597498563,0.361328125,0.0027559000300243497,rqmc,False,4096,3628348512,0.0,6.661338147750939e-16,6.661338147750939e-16,0.9303046433167848,asset_1
AC-raw-RQMC,14,0.005,minus,34.02548405790253,47.37711583303868,0.34033203125,0.0029803000506944954,rqmc,False,4096,3628348512,0.0,6.661338147750939e-16,6.661338147750939e-16,0.9303046433167848,asset_1
AC-raw-RQMC,14,0.005,plus,36.17343427102694,48.04757274214777,0.36181640625,0.00244609999936074,rqmc,False,4096,3628348512,0.0,6.661338147750939e-16,6.661338147750939e-16,0.9303046433167848,asset_1
AC-raw-RQMC,14,0.01,minus,27.94776129576643,44.87266959072347,0.279541015625,0.0022640000097453594,rqmc,False,4096,3628348512,0.0,6.661338147750939e-16,6.661338147750939e-16,0.9303046433167848,asset_1
AC-raw-RQMC,14,0.01,plus,36.19784279617608,48.054585980202944,0.362060546875,0.0021347999572753906,rqmc,False,4096,3628348512,0.0,6.661338147750939e-16,6.661338147750939e-16,0.9303046433167848,asset_1
AC-raw-RQMC,14,0.001,minus,35.17268473991216,47.748398815564734,0.351806640625,0.003174399957060814,rqmc,False,4096,3628348512,0.0,6.661338147750939e-16,6.661338147750939e-16,0.9303046433167848,asset_2
AC-raw-RQMC,14,0.001,plus,36.588379198562336,48.164976280741335,0.365966796875,0.0025747999898158014,rqmc,False,4096,3628348512,0.0,6.661338147750939e-16,6.661338147750939e-16,0.9303046433167848,asset_2
AC-raw-RQMC,14,0.0025,minus,33.879032907007684,47.32750636630291,0.3388671875,0.0028951999847777188,rqmc,False,4096,3628348512,0.0,6.661338147750939e-16,6.661338147750939e-16,0.9303046433167848,asset_2
AC-raw-RQMC,14,0.0025,plus,37.71117135542282,48.46341690018496,0.377197265625,0.002092599985189736,rqmc,False,4096,3628348512,0.0,6.661338147750939e-16,6.661338147750939e-16,0.9303046433167848,asset_2
AC-raw-RQMC,14,0.005,minus,31.511405967541016,46.454106733608356,0.315185546875,0.002901200030464679,rqmc,False,4096,3628348512,0.0,6.661338147750939e-16,6.661338147750939e-16,0.9303046433167848,asset_2
AC-raw-RQMC,14,0.005,plus,39.029231713476435,48.77845748554566,0.390380859375,0.002897300000768155,rqmc,False,4096,3628348512,0.0,6.661338147750939e-16,6.661338147750939e-16,0.9303046433167848,asset_2
AC-raw-RQMC,14,0.01,minus,26.16593895987914,43.952425412612506,0.26171875,0.003270899993367493,rqmc,False,4096,3628348512,0.0,6.661338147750939e-16,6.661338147750939e-16,0.9303046433167848,asset_2
AC-raw-RQMC,14,0.01,plus,40.76223699906545,49.13581832623224,0.40771484375,0.0036958999698981643,rqmc,False,4096,3628348512,0.0,6.661338147750939e-16,6.661338147750939e-16,0.9303046433167848,asset_2
AC-raw-RQMC,14,0.001,minus,34.660105711780204,47.58628334981862,0.3466796875,0.0025464999489486217,rqmc,False,4096,3628348512,0.0,6.661338147750939e-16,6.661338147750939e-16,0.9303046433167848,asset_3
AC-raw-RQMC,14,0.001,plus,37.467086103931415,48.40091129618016,0.374755859375,0.002119300013873726,rqmc,False,4096,3628348512,0.0,6.661338147750939e-16,6.661338147750939e-16,0.9303046433167848,asset_3
AC-raw-RQMC,14,0.0025,minus,32.58538107410322,46.86713390820657,0.325927734375,0.003743699984624982,rqmc,False,4096,3628348512,0.0,6.661338147750939e-16,6.661338147750939e-16,0.9303046433167848,asset_3
AC-raw-RQMC,14,0.0025,plus,39.126865814073,48.80029641580171,0.391357421875,0.0027079000137746334,rqmc,False,4096,3628348512,0.0,6.661338147750939e-16,6.661338147750939e-16,0.9303046433167848,asset_3
AC-raw-RQMC,14,0.005,minus,28.655608525091516,45.213561056666045,0.28662109375,0.0027873999788425863,rqmc,False,4096,3628348512,0.0,6.661338147750939e-16,6.661338147750939e-16,0.9303046433167848,asset_3
AC-raw-RQMC,14,0.005,plus,41.93384620622422,49.34146777160508,0.41943359375,0.0024998000008054078,rqmc,False,4096,3628348512,0.0,6.661338147750939e-16,6.661338147750939e-16,0.9303046433167848,asset_3
AC-raw-RQMC,14,0.01,minus,20.893697527664685,40.654062167968895,0.208984375,0.002942899998743087,rqmc,False,4096,3628348512,0.0,6.661338147750939e-16,6.661338147750939e-16,0.9303046433167848,asset_3
AC-raw-RQMC,14,0.01,plus,46.05888695642904,49.840038316185975,0.460693359375,0.0037630999577231705,rqmc,False,4096,3628348512,0.0,6.661338147750939e-16,6.661338147750939e-16,0.9303046433167848,asset_3
AC-raw-RQMC,15,0.0,base,36.07580017043038,48.019385447059484,0.36083984375,0.0033505999599583447,rqmc,False,4096,2964585181,0.0,6.661338147750939e-16,6.661338147750939e-16,0.9303046433167848,
AC-raw-RQMC,15,0.001,minus,35.83171491893897,47.94797472724033,0.3583984375,0.0026305000064894557,rqmc,False,4096,2964585181,0.0,6.661338147750939e-16,6.661338147750939e-16,0.9303046433167848,asset_1
AC-raw-RQMC,15,0.001,plus,36.17343427102694,48.04757274214777,0.36181640625,0.0033685999806039035,rqmc,False,4096,2964585181,0.0,6.661338147750939e-16,6.661338147750939e-16,0.9303046433167848,asset_1
AC-raw-RQMC,15,0.0025,minus,35.39236146625443,47.81602617406496,0.35400390625,0.004022400011308491,rqmc,False,4096,2964585181,0.0,6.661338147750939e-16,6.661338147750939e-16,0.9303046433167848,asset_1
AC-raw-RQMC,15,0.0025,plus,36.222251321325224,48.06158579575039,0.3623046875,0.00283279997529462,rqmc,False,4096,2964585181,0.0,6.661338147750939e-16,6.661338147750939e-16,0.9303046433167848,asset_1
AC-raw-RQMC,15,0.005,minus,34.02548405790254,47.37711583303868,0.34033203125,0.002780500042717904,rqmc,False,4096,2964585181,0.0,6.661338147750939e-16,6.661338147750939e-16,0.9303046433167848,asset_1
AC-raw-RQMC,15,0.005,plus,36.29547689677265,48.08250476591133,0.363037109375,0.002023399982135743,rqmc,False,4096,2964585181,0.0,6.661338147750939e-16,6.661338147750939e-16,0.9303046433167848,asset_1
AC-raw-RQMC,15,0.01,minus,28.04539539636299,44.92050621942111,0.280517578125,0.0019228000310249627,rqmc,False,4096,2964585181,0.0,6.661338147750939e-16,6.661338147750939e-16,0.9303046433167848,asset_1
AC-raw-RQMC,15,0.01,plus,36.31988542192179,48.08945094991973,0.36328125,0.0028105000383220613,rqmc,False,4096,2964585181,0.0,6.661338147750939e-16,6.661338147750939e-16,0.9303046433167848,asset_1
AC-raw-RQMC,15,0.001,minus,35.24591031535958,47.771064176776505,0.3525390625,0.0023778000031597912,rqmc,False,4096,2964585181,0.0,6.661338147750939e-16,6.661338147750939e-16,0.9303046433167848,asset_2
AC-raw-RQMC,15,0.001,plus,36.83246445005375,48.23223576622403,0.368408203125,0.0021730000153183937,rqmc,False,4096,2964585181,0.0,6.661338147750939e-16,6.661338147750939e-16,0.9303046433167848,asset_2
AC-raw-RQMC,15,0.0025,minus,34.02548405790254,47.37711583303868,0.34033203125,0.002097299962770194,rqmc,False,4096,2964585181,0.0,6.661338147750939e-16,6.661338147750939e-16,0.9303046433167848,asset_2
AC-raw-RQMC,15,0.0025,plus,37.88203103146681,48.50639192220331,0.37890625,0.0023960000253282487,rqmc,False,4096,2964585181,0.0,6.661338147750939e-16,6.661338147750939e-16,0.9303046433167848,asset_2
AC-raw-RQMC,15,0.005,minus,31.584631542988436,46.483172707752175,0.31591796875,0.002932499977760017,rqmc,False,4096,2964585181,0.0,6.661338147750939e-16,6.661338147750939e-16,0.9303046433167848,asset_2
AC-raw-RQMC,15,0.005,plus,39.20009138952042,48.816541024712535,0.39208984375,0.0024893999798223376,rqmc,False,4096,2964585181,0.0,6.661338147750939e-16,6.661338147750939e-16,0.9303046433167848,asset_2
AC-raw-RQMC,15,0.01,minus,25.897445183238588,43.805798301002106,0.259033203125,0.0029837999609299004,rqmc,False,4096,2964585181,0.0,6.661338147750939e-16,6.661338147750939e-16,0.9303046433167848,asset_2
AC-raw-RQMC,15,0.01,plus,40.95750520025858,49.1720920581465,0.40966796875,0.0025208000442944467,rqmc,False,4096,2964585181,0.0,6.661338147750939e-16,6.661338147750939e-16,0.9303046433167848,asset_2
AC-raw-RQMC,15,0.001,minus,34.75773981237677,47.6176305412718,0.34765625,0.0027754000038839877,rqmc,False,4096,2964585181,0.0,6.661338147750939e-16,6.661338147750939e-16,0.9303046433167848,asset_3
AC-raw-RQMC,15,0.001,plus,37.54031167937883,48.41980067757602,0.37548828125,0.0036054999800398946,rqmc,False,4096,2964585181,0.0,6.661338147750939e-16,6.661338147750939e-16,0.9303046433167848,asset_3
AC-raw-RQMC,15,0.0025,minus,32.65860664955064,46.894266494227274,0.32666015625,0.0037800000282004476,rqmc,False,4096,2964585181,0.0,6.661338147750939e-16,6.661338147750939e-16,0.9303046433167848,asset_3
AC-raw-RQMC,15,0.0025,plus,39.419768115862695,48.864583904172015,0.394287109375,0.003765299974475056,rqmc,False,4096,2964585181,0.0,6.661338147750939e-16,6.661338147750939e-16,0.9303046433167848,asset_3
AC-raw-RQMC,15,0.005,minus,28.68001705024066,45.22507245367549,0.286865234375,0.0034783000010065734,rqmc,False,4096,2964585181,0.0,6.661338147750939e-16,6.661338147750939e-16,0.9303046433167848,asset_3
AC-raw-RQMC,15,0.005,plus,42.12911440741735,49.372955844901696,0.42138671875,0.0037551000132225454,rqmc,False,4096,2964585181,0.0,6.661338147750939e-16,6.661338147750939e-16,0.9303046433167848,asset_3
AC-raw-RQMC,15,0.01,minus,20.82047195221726,40.60154401326301,0.208251953125,0.004707799991592765,rqmc,False,4096,2964585181,0.0,6.661338147750939e-16,6.661338147750939e-16,0.9303046433167848,asset_3
AC-raw-RQMC,15,0.01,plus,46.10770400672733,49.84386430821356,0.461181640625,0.002863000030629337,rqmc,False,4096,2964585181,0.0,6.661338147750939e-16,6.661338147750939e-16,0.9303046433167848,asset_3
AC-Smooth-RQMC,0,0.0,base,36.14594726554667,8.635046984182459,0.3615414738378067,0.004003700043540448,rqmc,True,4096,2159189034,0.0,6.661338147750939e-16,6.661338147750939e-16,0.9303046433167848,
AC-Smooth-RQMC,0,0.001,minus,35.96713109207397,8.654306890067259,0.3597529064383025,0.004689500026870519,rqmc,True,4096,2159189034,0.0,6.661338147750939e-16,6.661338147750939e-16,0.9303046433167848,asset_1
AC-Smooth-RQMC,0,0.001,plus,36.2611287770123,8.624661369604206,0.3626935502547899,0.004485499986913055,rqmc,True,4096,2159189034,0.0,6.661338147750939e-16,6.661338147750939e-16,0.9303046433167848,asset_1
AC-Smooth-RQMC,0,0.0025,minus,35.52533089837069,8.714689564748259,0.35533390222740546,0.004258700006175786,rqmc,True,4096,2159189034,0.0,6.661338147750939e-16,6.661338147750939e-16,0.9303046433167848,asset_1
AC-Smooth-RQMC,0,0.0025,plus,36.35552795301862,8.618932129700346,0.363637756170094,0.00343729997985065,rqmc,True,4096,2159189034,0.0,6.661338147750939e-16,6.661338147750939e-16,0.9303046433167848,asset_1
AC-Smooth-RQMC,0,0.005,minus,34.12361145592415,8.93470129161991,0.34131352784335167,0.003224999993108213,rqmc,True,4096,2159189034,0.0,6.661338147750939e-16,6.661338147750939e-16,0.9303046433167848,asset_1
AC-Smooth-RQMC,0,0.005,plus,36.40867943606673,8.61787588672118,0.3641693915807447,0.00413080002181232,rqmc,True,4096,2159189034,0.0,6.661338147750939e-16,6.661338147750939e-16,0.9303046433167848,asset_1
AC-Smooth-RQMC,0,0.01,minus,28.123451241309,9.565400337821345,0.2812983136530002,0.004749000014271587,rqmc,True,4096,2159189034,0.0,6.661338147750939e-16,6.661338147750939e-16,0.9303046433167848,asset_1
AC-Smooth-RQMC,0,0.01,plus,36.41998410926014,8.616553920710409,0.3642824639586125,0.004190600011497736,rqmc,True,4096,2159189034,0.0,6.661338147750939e-16,6.661338147750939e-16,0.9303046433167848,asset_1
AC-Smooth-RQMC,0,0.001,minus,35.34622257771068,8.443230710580412,0.35354241269325903,0.0053956000483594835,rqmc,True,4096,2159189034,0.0,6.661338147750939e-16,6.661338147750939e-16,0.9303046433167848,asset_2
AC-Smooth-RQMC,0,0.001,plus,36.88597685407508,8.846847699462556,0.3689434485641731,0.005232399969827384,rqmc,True,4096,2159189034,0.0,6.661338147750939e-16,6.661338147750939e-16,0.9303046433167848,asset_2
AC-Smooth-RQMC,0,0.0025,minus,34.04193684925923,8.202531071181795,0.34049659648859076,0.005463600042276084,rqmc,True,4096,2159189034,0.0,6.661338147750939e-16,6.661338147750939e-16,0.9303046433167848,asset_2
AC-Smooth-RQMC,0,0.0025,plus,37.882356322590724,9.2007062869555,0.37890950364919895,0.004691499983891845,rqmc,True,4096,2159189034,0.0,6.661338147750939e-16,6.661338147750939e-16,0.9303046433167848,asset_2
AC-Smooth-RQMC,0,0.005,minus,31.61842853702391,7.931655205266344,0.3162560153626702,0.005017799965571612,rqmc,True,4096,2159189034,0.0,6.661338147750939e-16,6.661338147750939e-16,0.9303046433167848,asset_2
AC-Smooth-RQMC,0,0.005,plus,39.23479198008408,9.836101224808743,0.39243692837786326,0.004706699983216822,rqmc,True,4096,2159189034,0.0,6.661338147750939e-16,6.661338147750939e-16,0.9303046433167848,asset_2
AC-Smooth-RQMC,0,0.01,minus,26.086130615826004,7.702009462275885,0.26092048550518543,0.004877600003965199,rqmc,True,4096,2159189034,0.0,6.661338147750939e-16,6.661338147750939e-16,0.9303046433167848,asset_2
AC-Smooth-RQMC,0,0.01,plus,40.897727462880354,11.008050706969822,0.4090700557636384,0.006297799991443753,rqmc,True,4096,2159189034,0.0,6.661338147750939e-16,6.661338147750939e-16,0.9303046433167848,asset_2
AC-Smooth-RQMC,0,0.001,minus,34.74756964844906,8.627377850120347,0.34755452528855213,0.004017699975520372,rqmc,True,4096,2159189034,0.0,6.661338147750939e-16,6.661338147750939e-16,0.9303046433167848,asset_3
AC-Smooth-RQMC,0,0.001,plus,37.48335363212233,8.665409883394778,0.3749185715616425,0.0037883000331930816,rqmc,True,4096,2159189034,0.0,6.661338147750939e-16,6.661338147750939e-16,0.9303046433167848,asset_3
AC-Smooth-RQMC,0,0.0025,minus,32.556681016531236,8.645395206150182,0.3256406686899434,0.003946800017729402,rqmc,True,4096,2159189034,0.0,6.661338147750939e-16,6.661338147750939e-16,0.9303046433167848,asset_3
AC-Smooth-RQMC,0,0.0025,plus,39.363270389345516,8.7729749450395,0.3937220039383256,0.0035994999925605953,rqmc,True,4096,2159189034,0.0,6.661338147750939e-16,6.661338147750939e-16,0.9303046433167848,asset_3
AC-Smooth-RQMC,0,0.005,minus,28.72346543447305,8.673670564806208,0.287299816784913,0.004440200049430132,rqmc,True,4096,2159189034,0.0,6.661338147750939e-16,6.661338147750939e-16,0.9303046433167848,asset_3
AC-Smooth-RQMC,0,0.005,plus,42.1219360454721,9.154480086833324,0.421314918845619,0.003511300019454211,rqmc,True,4096,2159189034,0.0,6.661338147750939e-16,6.661338147750939e-16,0.9303046433167848,asset_3
AC-Smooth-RQMC,0,0.01,minus,20.92641402170456,8.321268073113057,0.20931161416147737,0.004648100002668798,rqmc,True,4096,2159189034,0.0,6.661338147750939e-16,6.661338147750939e-16,0.9303046433167848,asset_3
AC-Smooth-RQMC,0,0.01,plus,46.137293448164456,10.525552750893077,0.4614776021663763,0.004560599976684898,rqmc,True,4096,2159189034,0.0,6.661338147750939e-16,6.661338147750939e-16,0.9303046433167848,asset_3
AC-Smooth-RQMC,1,0.0,base,36.144804962228676,8.632531117981717,0.36153004821318213,0.00414999999338761,rqmc,True,4096,4145761959,0.0,6.661338147750939e-16,6.661338147750939e-16,0.9303046433167848,
AC-Smooth-RQMC,1,0.001,minus,35.96481956256917,8.653269611803452,0.3597297858992875,0.004992300004232675,rqmc,True,4096,4145761959,0.0,6.661338147750939e-16,6.661338147750939e-16,0.9303046433167848,asset_1
AC-Smooth-RQMC,1,0.001,plus,36.260653654299944,8.622361809562861,0.3626887979497965,0.00431429996388033,rqmc,True,4096,4145761959,0.0,6.661338147750939e-16,6.661338147750939e-16,0.9303046433167848,asset_1
AC-Smooth-RQMC,1,0.0025,minus,35.523631903118456,8.711855052668705,0.35531690842051966,0.0038420999771915376,rqmc,True,4096,4145761959,0.0,6.661338147750939e-16,6.661338147750939e-16,0.9303046433167848,asset_1
AC-Smooth-RQMC,1,0.0025,plus,36.354712508404006,8.615574169610316,0.3636295998740191,0.0040324999717995524,rqmc,True,4096,4145761959,0.0,6.661338147750939e-16,6.661338147750939e-16,0.9303046433167848,asset_1
AC-Smooth-RQMC,1,0.005,minus,34.121680275621536,8.931772472941745,0.3412942116592239,0.004779000009875745,rqmc,True,4096,4145761959,0.0,6.661338147750939e-16,6.661338147750939e-16,0.9303046433167848,asset_1
AC-Smooth-RQMC,1,0.005,plus,36.40670413377635,8.614826142107246,0.3641496340766435,0.004605599970091134,rqmc,True,4096,4145761959,0.0,6.661338147750939e-16,6.661338147750939e-16,0.9303046433167848,asset_1
AC-Smooth-RQMC,1,0.01,minus,28.122559990690124,9.563015881534266,0.28128939912490825,0.005305800004862249,rqmc,True,4096,4145761959,0.0,6.661338147750939e-16,6.661338147750939e-16,0.9303046433167848,asset_1
AC-Smooth-RQMC,1,0.01,plus,36.416469840320445,8.614654279210692,0.3642473132966977,0.0038714000256732106,rqmc,True,4096,4145761959,0.0,6.661338147750939e-16,6.661338147750939e-16,0.9303046433167848,asset_1
AC-Smooth-RQMC,1,0.001,minus,35.3462289831321,8.442709038464379,0.3535424767620047,0.004469499981496483,rqmc,True,4096,4145761959,0.0,6.661338147750939e-16,6.661338147750939e-16,0.9303046433167848,asset_2
AC-Smooth-RQMC,1,0.001,plus,36.885976865787725,8.848059197120513,0.3689434486813261,0.004071099974680692,rqmc,True,4096,4145761959,0.0,6.661338147750939e-16,6.661338147750939e-16,0.9303046433167848,asset_2
AC-Smooth-RQMC,1,0.0025,minus,34.04203527095325,8.202708061534501,0.34049758092881177,0.003984999959357083,rqmc,True,4096,4145761959,0.0,6.661338147750939e-16,6.661338147750939e-16,0.9303046433167848,asset_2
AC-Smooth-RQMC,1,0.0025,plus,37.88124668103644,9.200103670788867,0.3788984047163083,0.0038545000134035945,rqmc,True,4096,4145761959,0.0,6.661338147750939e-16,6.661338147750939e-16,0.9303046433167848,asset_2
AC-Smooth-RQMC,1,0.005,minus,31.619114500923715,7.933761154608958,0.3162628765578552,0.004283100017346442,rqmc,True,4096,4145761959,0.0,6.661338147750939e-16,6.661338147750939e-16,0.9303046433167848,asset_2
AC-Smooth-RQMC,1,0.005,plus,39.23546720959119,9.837328128694008,0.392443682204769,0.004025199974421412,rqmc,True,4096,4145761959,0.0,6.661338147750939e-16,6.661338147750939e-16,0.9303046433167848,asset_2
AC-Smooth-RQMC,1,0.01,minus,26.087001927371176,7.705607172863124,0.26092920059730623,0.0037884999765083194,rqmc,True,4096,4145761959,0.0,6.661338147750939e-16,6.661338147750939e-16,0.9303046433167848,asset_2
AC-Smooth-RQMC,1,0.01,plus,40.896198258177414,11.006083812558009,0.4090547602474346,0.0040077000157907605,rqmc,True,4096,4145761959,0.0,6.661338147750939e-16,6.661338147750939e-16,0.9303046433167848,asset_2
AC-Smooth-RQMC,1,0.001,minus,34.74898454946562,8.628341467004114,0.3475686775085813,0.0036250000121071935,rqmc,True,4096,4145761959,0.0,6.661338147750939e-16,6.661338147750939e-16,0.9303046433167848,asset_3
AC-Smooth-RQMC,1,0.001,plus,37.483426592224674,8.66561328448965,0.3749193013281842,0.0037516000447794795,rqmc,True,4096,4145761959,0.0,6.661338147750939e-16,6.661338147750939e-16,0.9303046433167848,asset_3
AC-Smooth-RQMC,1,0.0025,minus,32.556297368324906,8.645101700120343,0.32563683133753063,0.003977000014856458,rqmc,True,4096,4145761959,0.0,6.661338147750939e-16,6.661338147750939e-16,0.9303046433167848,asset_3
AC-Smooth-RQMC,1,0.0025,plus,39.36414229348936,8.77571325267253,0.39373072495777744,0.004965299973264337,rqmc,True,4096,4145761959,0.0,6.661338147750939e-16,6.661338147750939e-16,0.9303046433167848,asset_3
AC-Smooth-RQMC,1,0.005,minus,28.723344282610228,8.672916815418155,0.28729860499143806,0.0040136000025086105,rqmc,True,4096,4145761959,0.0,6.661338147750939e-16,6.661338147750939e-16,0.9303046433167848,asset_3
AC-Smooth-RQMC,1,0.005,plus,42.12260085619505,9.155987377078889,0.4213215684610471,0.004047499969601631,rqmc,True,4096,4145761959,0.0,6.661338147750939e-16,6.661338147750939e-16,0.9303046433167848,asset_3
AC-Smooth-RQMC,1,0.01,minus,20.92715179936983,8.321995989083446,0.20931899361186238,0.004298599960748106,rqmc,True,4096,4145761959,0.0,6.661338147750939e-16,6.661338147750939e-16,0.9303046433167848,asset_3
AC-Smooth-RQMC,1,0.01,plus,46.13707749277009,10.524623975929998,0.46147544212251335,0.004229199956171215,rqmc,True,4096,4145761959,0.0,6.661338147750939e-16,6.661338147750939e-16,0.9303046433167848,asset_3
AC-Smooth-RQMC,2,0.0,base,36.14561092182116,8.632542570371296,0.36153810963751776,0.004314699966926128,rqmc,True,4096,1757888678,0.0,6.661338147750939e-16,6.661338147750939e-16,0.9303046433167848,
AC-Smooth-RQMC,2,0.001,minus,35.966731610302574,8.651579714411039,0.3597489107143188,0.004324700043071061,rqmc,True,4096,1757888678,0.0,6.661338147750939e-16,6.661338147750939e-16,0.9303046433167848,asset_1
AC-Smooth-RQMC,2,0.001,plus,36.26116225257419,8.622211124489276,0.36269388508635186,0.004110499983653426,rqmc,True,4096,1757888678,0.0,6.661338147750939e-16,6.661338147750939e-16,0.9303046433167848,asset_1
AC-Smooth-RQMC,2,0.0025,minus,35.525357679181965,8.71114726149849,0.35533417009627355,0.003055600041989237,rqmc,True,4096,1757888678,0.0,6.661338147750939e-16,6.661338147750939e-16,0.9303046433167848,asset_1
AC-Smooth-RQMC,2,0.0025,plus,36.3554559783084,8.615723496845057,0.3636370362597089,0.00419300002977252,rqmc,True,4096,1757888678,0.0,6.661338147750939e-16,6.661338147750939e-16,0.9303046433167848,asset_1
AC-Smooth-RQMC,2,0.005,minus,34.12328957153974,8.933230143890173,0.34131030826927633,0.004274599952623248,rqmc,True,4096,1757888678,0.0,6.661338147750939e-16,6.661338147750939e-16,0.9303046433167848,asset_1
AC-Smooth-RQMC,2,0.005,plus,36.40804758823434,8.614876464769683,0.3641630716690023,0.003453899989835918,rqmc,True,4096,1757888678,0.0,6.661338147750939e-16,6.661338147750939e-16,0.9303046433167848,asset_1
AC-Smooth-RQMC,2,0.01,minus,28.12456478234757,9.56533829867978,0.2813094515895801,0.003970799967646599,rqmc,True,4096,1757888678,0.0,6.661338147750939e-16,6.661338147750939e-16,0.9303046433167848,asset_1
AC-Smooth-RQMC,2,0.01,plus,36.4202401887008,8.615126965504878,0.36428502533396434,0.0037207999848760664,rqmc,True,4096,1757888678,0.0,6.661338147750939e-16,6.661338147750939e-16,0.9303046433167848,asset_1
AC-Smooth-RQMC,2,0.001,minus,35.34845174122563,8.444672327698285,0.353564709385519,0.005011299974285066,rqmc,True,4096,1757888678,0.0,6.661338147750939e-16,6.661338147750939e-16,0.9303046433167848,asset_2
AC-Smooth-RQMC,2,0.001,plus,36.886536130605144,8.846162316997386,0.368949042598256,0.004240799986291677,rqmc,True,4096,1757888678,0.0,6.661338147750939e-16,6.661338147750939e-16,0.9303046433167848,asset_2
AC-Smooth-RQMC,2,0.0025,minus,34.04467408498209,8.204859737587519,0.34052397505554927,0.003708900010678917,rqmc,True,4096,1757888678,0.0,6.661338147750939e-16,6.661338147750939e-16,0.9303046433167848,asset_2
AC-Smooth-RQMC,2,0.0025,plus,37.882458366898305,9.198038357836975,0.3789105243237739,0.003008800034876913,rqmc,True,4096,1757888678,0.0,6.661338147750939e-16,6.661338147750939e-16,0.9303046433167848,asset_2
AC-Smooth-RQMC,2,0.005,minus,31.62066185172246,7.932535498263682,0.31627835357618345,0.00413509999634698,rqmc,True,4096,1757888678,0.0,6.661338147750939e-16,6.661338147750939e-16,0.9303046433167848,asset_2
AC-Smooth-RQMC,2,0.005,plus,39.2380146204835,9.839059197434436,0.3924691620927827,0.003668599994853139,rqmc,True,4096,1757888678,0.0,6.661338147750939e-16,6.661338147750939e-16,0.9303046433167848,asset_2
AC-Smooth-RQMC,2,0.01,minus,26.090599466919443,7.709253413872347,0.26096518415421555,0.0037005000049248338,rqmc,True,4096,1757888678,0.0,6.661338147750939e-16,6.661338147750939e-16,0.9303046433167848,asset_2
AC-Smooth-RQMC,2,0.01,plus,40.896684335868564,11.004191543584513,0.4090596221270685,0.004489400016609579,rqmc,True,4096,1757888678,0.0,6.661338147750939e-16,6.661338147750939e-16,0.9303046433167848,asset_2
AC-Smooth-RQMC,2,0.001,minus,34.74872057557481,8.626307739124783,0.34756603717081846,0.0043500000028871,rqmc,True,4096,1757888678,0.0,6.661338147750939e-16,6.661338147750939e-16,0.9303046433167848,asset_3
AC-Smooth-RQMC,2,0.001,plus,37.4852431613007,8.666586973450082,0.37493747114003756,0.003492899995762855,rqmc,True,4096,1757888678,0.0,6.661338147750939e-16,6.661338147750939e-16,0.9303046433167848,asset_3
AC-Smooth-RQMC,2,0.0025,minus,32.55630515940945,8.643495109591088,0.32563690926605104,0.0034004999906755984,rqmc,True,4096,1757888678,0.0,6.661338147750939e-16,6.661338147750939e-16,0.9303046433167848,asset_3
AC-Smooth-RQMC,2,0.0025,plus,39.366048447529195,8.777258224613016,0.3937497908225025,0.0038312000106088817,rqmc,True,4096,1757888678,0.0,6.661338147750939e-16,6.661338147750939e-16,0.9303046433167848,asset_3
AC-Smooth-RQMC,2,0.005,minus,28.725133579544377,8.675086229829931,0.28731650202000264,0.0048328000120818615,rqmc,True,4096,1757888678,0.0,6.661338147750939e-16,6.661338147750939e-16,0.9303046433167848,asset_3
AC-Smooth-RQMC,2,0.005,plus,42.123489541114026,9.15707497259331,0.42133045732631935,0.004127599997445941,rqmc,True,4096,1757888678,0.0,6.661338147750939e-16,6.661338147750939e-16,0.9303046433167848,asset_3
AC-Smooth-RQMC,2,0.01,minus,20.92500958454938,8.31643446852844,0.2092975666038005,0.0038977000513114035,rqmc,True,4096,1757888678,0.0,6.661338147750939e-16,6.661338147750939e-16,0.9303046433167848,asset_3
AC-Smooth-RQMC,2,0.01,plus,46.13862096007297,10.53075355065377,0.46149088029707286,0.0038386000087484717,rqmc,True,4096,1757888678,0.0,6.661338147750939e-16,6.661338147750939e-16,0.9303046433167848,asset_3
AC-Smooth-RQMC,3,0.0,base,36.14788848345076,8.639726005743277,0.3615608904207207,0.003481700026895851,rqmc,True,4096,1830074249,0.0,6.661338147750939e-16,6.661338147750939e-16,0.9303046433167848,
AC-Smooth-RQMC,3,0.001,minus,35.968711985469525,8.659759341587046,0.3597687189586941,0.003933500032871962,rqmc,True,4096,1830074249,0.0,6.661338147750939e-16,6.661338147750939e-16,0.9303046433167848,asset_1
AC-Smooth-RQMC,3,0.001,plus,36.26322701833455,8.629149923646308,0.3627145374281108,0.003321500029414892,rqmc,True,4096,1830074249,0.0,6.661338147750939e-16,6.661338147750939e-16,0.9303046433167848,asset_1
AC-Smooth-RQMC,3,0.0025,minus,35.52771389087723,8.719628336474747,0.3553577375585597,0.0031967000104486942,rqmc,True,4096,1830074249,0.0,6.661338147750939e-16,6.661338147750939e-16,0.9303046433167848,asset_1
AC-Smooth-RQMC,3,0.0025,plus,36.35745543319552,8.6221825001651,0.3636570353445704,0.0038392000133171678,rqmc,True,4096,1830074249,0.0,6.661338147750939e-16,6.661338147750939e-16,0.9303046433167848,asset_1
AC-Smooth-RQMC,3,0.005,minus,34.1261925654962,8.940446888052653,0.3413393447946121,0.0038574999780394137,rqmc,True,4096,1830074249,0.0,6.661338147750939e-16,6.661338147750939e-16,0.9303046433167848,asset_1
AC-Smooth-RQMC,3,0.005,plus,36.41003055373113,8.61822940916497,0.3641829058225524,0.003560699988156557,rqmc,True,4096,1830074249,0.0,6.661338147750939e-16,6.661338147750939e-16,0.9303046433167848,asset_1
AC-Smooth-RQMC,3,0.01,minus,28.126654377754623,9.57152761867822,0.28133035228413483,0.0040630000294186175,rqmc,True,4096,1830074249,0.0,6.661338147750939e-16,6.661338147750939e-16,0.9303046433167848,asset_1
AC-Smooth-RQMC,3,0.01,plus,36.42104378773797,8.617848523241802,0.36429306314739174,0.004156099981628358,rqmc,True,4096,1830074249,0.0,6.661338147750939e-16,6.661338147750939e-16,0.9303046433167848,asset_1
AC-Smooth-RQMC,3,0.001,minus,35.34778395103113,8.446696876236466,0.3535580299686161,0.004053800017572939,rqmc,True,4096,1830074249,0.0,6.661338147750939e-16,6.661338147750939e-16,0.9303046433167848,asset_2
AC-Smooth-RQMC,3,0.001,plus,36.88880450220909,8.852876074301134,0.36897173146035384,0.004308099974878132,rqmc,True,4096,1830074249,0.0,6.661338147750939e-16,6.661338147750939e-16,0.9303046433167848,asset_2
AC-Smooth-RQMC,3,0.0025,minus,34.043522477831885,8.205250806820946,0.34051245637149563,0.0031426000059582293,rqmc,True,4096,1830074249,0.0,6.661338147750939e-16,6.661338147750939e-16,0.9303046433167848,asset_2
AC-Smooth-RQMC,3,0.0025,plus,37.887073349710164,9.208567897048992,0.3789566846215045,0.002925400040112436,rqmc,True,4096,1830074249,0.0,6.661338147750939e-16,6.661338147750939e-16,0.9303046433167848,asset_2
AC-Smooth-RQMC,3,0.005,minus,31.618306861162427,7.930357646855414,0.31625479832801984,0.002853900019545108,rqmc,True,4096,1830074249,0.0,6.661338147750939e-16,6.661338147750939e-16,0.9303046433167848,asset_2
AC-Smooth-RQMC,3,0.005,plus,39.23794320774006,9.841285551927026,0.39246844780334056,0.0039941000286489725,rqmc,True,4096,1830074249,0.0,6.661338147750939e-16,6.661338147750939e-16,0.9303046433167848,asset_2
AC-Smooth-RQMC,3,0.01,minus,26.089322912226244,7.707795209847815,0.2609524157112745,0.003783099993597716,rqmc,True,4096,1830074249,0.0,6.661338147750939e-16,6.661338147750939e-16,0.9303046433167848,asset_2
AC-Smooth-RQMC,3,0.01,plus,40.8959154878558,11.006883586522948,0.40905193190272193,0.004821399983484298,rqmc,True,4096,1830074249,0.0,6.661338147750939e-16,6.661338147750939e-16,0.9303046433167848,asset_2
AC-Smooth-RQMC,3,0.001,minus,34.75009547840891,8.632801550601751,0.34757978931828254,0.004222599964123219,rqmc,True,4096,1830074249,0.0,6.661338147750939e-16,6.661338147750939e-16,0.9303046433167848,asset_3
AC-Smooth-RQMC,3,0.001,plus,37.4842457162557,8.66961239694937,0.37492749442677026,0.004199400020297617,rqmc,True,4096,1830074249,0.0,6.661338147750939e-16,6.661338147750939e-16,0.9303046433167848,asset_3
AC-Smooth-RQMC,3,0.0025,minus,32.55894173568005,8.65124895199681,0.3256632810101294,0.0036828999873250723,rqmc,True,4096,1830074249,0.0,6.661338147750939e-16,6.661338147750939e-16,0.9303046433167848,asset_3
AC-Smooth-RQMC,3,0.0025,plus,39.364857344808286,8.779378402775725,0.3937378770931418,0.004054400022141635,rqmc,True,4096,1830074249,0.0,6.661338147750939e-16,6.661338147750939e-16,0.9303046433167848,asset_3
AC-Smooth-RQMC,3,0.005,minus,28.72395586527006,8.674665705057292,0.287304722205481,0.003857600037008524,rqmc,True,4096,1830074249,0.0,6.661338147750939e-16,6.661338147750939e-16,0.9303046433167848,asset_3
AC-Smooth-RQMC,3,0.005,plus,42.12216117235562,9.158266866095458,0.42131717062518004,0.0035086999996565282,rqmc,True,4096,1830074249,0.0,6.661338147750939e-16,6.661338147750939e-16,0.9303046433167848,asset_3
AC-Smooth-RQMC,3,0.01,minus,20.926267556507725,8.319967800622157,0.20931014917723606,0.0031009000376798213,rqmc,True,4096,1830074249,0.0,6.661338147750939e-16,6.661338147750939e-16,0.9303046433167848,asset_3
AC-Smooth-RQMC,3,0.01,plus,46.13816501496135,10.531104653862478,0.4614863198115934,0.004241099988576025,rqmc,True,4096,1830074249,0.0,6.661338147750939e-16,6.661338147750939e-16,0.9303046433167848,asset_3
AC-Smooth-RQMC,4,0.0,base,36.14722557228133,8.633194768904133,0.36155425980513717,0.0041180000407621264,rqmc,True,4096,609230738,0.0,6.661338147750939e-16,6.661338147750939e-16,0.9303046433167848,
AC-Smooth-RQMC,4,0.001,minus,35.96669727519175,8.653645894359576,0.35974856728531746,0.0037426999770104885,rqmc,True,4096,609230738,0.0,6.661338147750939e-16,6.661338147750939e-16,0.9303046433167848,asset_1
AC-Smooth-RQMC,4,0.001,plus,36.262646009010126,8.623215182411656,0.36270872601678095,0.004251800011843443,rqmc,True,4096,609230738,0.0,6.661338147750939e-16,6.661338147750939e-16,0.9303046433167848,asset_1
AC-Smooth-RQMC,4,0.0025,minus,35.52552735822519,8.71322350230291,0.35533586727164196,0.004476800037082285,rqmc,True,4096,609230738,0.0,6.661338147750939e-16,6.661338147750939e-16,0.9303046433167848,asset_1
AC-Smooth-RQMC,4,0.0025,plus,36.35728754824115,8.617073118705084,0.36365535611416067,0.0036492000217549503,rqmc,True,4096,609230738,0.0,6.661338147750939e-16,6.661338147750939e-16,0.9303046433167848,asset_1
AC-Smooth-RQMC,4,0.005,minus,34.12462196038432,8.934797187677798,0.3413236351803973,0.004244799958541989,rqmc,True,4096,609230738,0.0,6.661338147750939e-16,6.661338147750939e-16,0.9303046433167848,asset_1
AC-Smooth-RQMC,4,0.005,plus,36.41017882676068,8.616181132713917,0.36418438888922205,0.003721000044606626,rqmc,True,4096,609230738,0.0,6.661338147750939e-16,6.661338147750939e-16,0.9303046433167848,asset_1
AC-Smooth-RQMC,4,0.01,minus,28.12415394610977,9.566360166929677,0.28130534229517346,0.0032831999706104398,rqmc,True,4096,609230738,0.0,6.661338147750939e-16,6.661338147750939e-16,0.9303046433167848,asset_1
AC-Smooth-RQMC,4,0.01,plus,36.42111654441683,8.61726908977569,0.36429379087923713,0.003773899981752038,rqmc,True,4096,609230738,0.0,6.661338147750939e-16,6.661338147750939e-16,0.9303046433167848,asset_1
AC-Smooth-RQMC,4,0.001,minus,35.347492314146336,8.441730558752834,0.35355511293815683,0.003914900007657707,rqmc,True,4096,609230738,0.0,6.661338147750939e-16,6.661338147750939e-16,0.9303046433167848,asset_2
AC-Smooth-RQMC,4,0.001,plus,36.88689735755344,8.846011219756047,0.36895265568722324,0.003423499991185963,rqmc,True,4096,609230738,0.0,6.661338147750939e-16,6.661338147750939e-16,0.9303046433167848,asset_2
AC-Smooth-RQMC,4,0.0025,minus,34.04417683710795,8.203316519962184,0.3405190014487445,0.003514199983328581,rqmc,True,4096,609230738,0.0,6.661338147750939e-16,6.661338147750939e-16,0.9303046433167848,asset_2
AC-Smooth-RQMC,4,0.0025,plus,37.88423540107507,9.20063855386049,0.3789282986969451,0.0031522000208497047,rqmc,True,4096,609230738,0.0,6.661338147750939e-16,6.661338147750939e-16,0.9303046433167848,asset_2
AC-Smooth-RQMC,4,0.005,minus,31.6198731535049,7.931888784675465,0.3162704648047564,0.0036187999648973346,rqmc,True,4096,609230738,0.0,6.661338147750939e-16,6.661338147750939e-16,0.9303046433167848,asset_2
AC-Smooth-RQMC,4,0.005,plus,39.23746229084164,9.835316721944293,0.39246363754334174,0.0030247000395320356,rqmc,True,4096,609230738,0.0,6.661338147750939e-16,6.661338147750939e-16,0.9303046433167848,asset_2
AC-Smooth-RQMC,4,0.01,minus,26.090817641591816,7.710005713952394,0.26096736639589324,0.003583699988666922,rqmc,True,4096,609230738,0.0,6.661338147750939e-16,6.661338147750939e-16,0.9303046433167848,asset_2
AC-Smooth-RQMC,4,0.01,plus,40.89793905895364,11.00293155760462,0.40907217220440095,0.0031205000123009086,rqmc,True,4096,609230738,0.0,6.661338147750939e-16,6.661338147750939e-16,0.9303046433167848,asset_2
AC-Smooth-RQMC,4,0.001,minus,34.74941192482183,8.625833991793819,0.3475729522316928,0.0037718999665230513,rqmc,True,4096,609230738,0.0,6.661338147750939e-16,6.661338147750939e-16,0.9303046433167848,asset_3
AC-Smooth-RQMC,4,0.001,plus,37.48454688491661,8.664865528220133,0.37493050679661466,0.004004399990662932,rqmc,True,4096,609230738,0.0,6.661338147750939e-16,6.661338147750939e-16,0.9303046433167848,asset_3
AC-Smooth-RQMC,4,0.0025,minus,32.55849132049422,8.644903717724839,0.32565877583645314,0.003162400040309876,rqmc,True,4096,609230738,0.0,6.661338147750939e-16,6.661338147750939e-16,0.9303046433167848,asset_3
AC-Smooth-RQMC,4,0.0025,plus,39.36578005335596,8.776030323329502,0.3937471062718876,0.0033580000163055956,rqmc,True,4096,609230738,0.0,6.661338147750939e-16,6.661338147750939e-16,0.9303046433167848,asset_3
AC-Smooth-RQMC,4,0.005,minus,28.72343738344562,8.668936694424161,0.2872995362110017,0.004092799965292215,rqmc,True,4096,609230738,0.0,6.661338147750939e-16,6.661338147750939e-16,0.9303046433167848,asset_3
AC-Smooth-RQMC,4,0.005,plus,42.126354259278436,9.160268135294752,0.4213591110069017,0.0033269000123254955,rqmc,True,4096,609230738,0.0,6.661338147750939e-16,6.661338147750939e-16,0.9303046433167848,asset_3
AC-Smooth-RQMC,4,0.01,minus,20.927925161829435,8.319660222693802,0.20932672899091892,0.004202799987979233,rqmc,True,4096,609230738,0.0,6.661338147750939e-16,6.661338147750939e-16,0.9303046433167848,asset_3
AC-Smooth-RQMC,4,0.01,plus,46.1403741977672,10.530471525845835,0.4615084166514337,0.004012100049294531,rqmc,True,4096,609230738,0.0,6.661338147750939e-16,6.661338147750939e-16,0.9303046433167848,asset_3
AC-Smooth-RQMC,5,0.0,base,36.14474283678876,8.634168233803809,0.3615294268178444,0.0032169000478461385,rqmc,True,4096,1110755746,0.0,6.661338147750939e-16,6.661338147750939e-16,0.9303046433167848,
AC-Smooth-RQMC,5,0.001,minus,35.9654249572851,8.65364716571656,0.3597358412198535,0.003760899999178946,rqmc,True,4096,1110755746,0.0,6.661338147750939e-16,6.661338147750939e-16,0.9303046433167848,asset_1
AC-Smooth-RQMC,5,0.001,plus,36.259668526607825,8.623200264325169,0.36267894443800136,0.0038373999996110797,rqmc,True,4096,1110755746,0.0,6.661338147750939e-16,6.661338147750939e-16,0.9303046433167848,asset_1
AC-Smooth-RQMC,5,0.0025,minus,35.523615340204756,8.713224595512687,0.35531674275380787,0.0034715000074356794,rqmc,True,4096,1110755746,0.0,6.661338147750939e-16,6.661338147750939e-16,0.9303046433167848,asset_1
AC-Smooth-RQMC,5,0.0025,plus,36.35411190295453,8.616427847846921,0.36362359245698284,0.0032768999808467925,rqmc,True,4096,1110755746,0.0,6.661338147750939e-16,6.661338147750939e-16,0.9303046433167848,asset_1
AC-Smooth-RQMC,5,0.005,minus,34.12175818758656,8.933697933925952,0.3412949909556262,0.0023073000484146178,rqmc,True,4096,1110755746,0.0,6.661338147750939e-16,6.661338147750939e-16,0.9303046433167848,asset_1
AC-Smooth-RQMC,5,0.005,plus,36.40774441193845,8.61449612332849,0.3641600392182536,0.003793399955611676,rqmc,True,4096,1110755746,0.0,6.661338147750939e-16,6.661338147750939e-16,0.9303046433167848,asset_1
AC-Smooth-RQMC,5,0.01,minus,28.12222851973881,9.562603632926246,0.28128608366341573,0.0037013000110164285,rqmc,True,4096,1110755746,0.0,6.661338147750939e-16,6.661338147750939e-16,0.9303046433167848,asset_1
AC-Smooth-RQMC,5,0.01,plus,36.4181352441026,8.61502083724035,0.3642639711126767,0.004428200016263872,rqmc,True,4096,1110755746,0.0,6.661338147750939e-16,6.661338147750939e-16,0.9303046433167848,asset_1
AC-Smooth-RQMC,5,0.001,minus,35.34452708477704,8.442558534462142,0.35352545391750456,0.003762400010600686,rqmc,True,4096,1110755746,0.0,6.661338147750939e-16,6.661338147750939e-16,0.9303046433167848,asset_2
AC-Smooth-RQMC,5,0.001,plus,36.88446640190079,8.847019469032519,0.36892834061579804,0.004014900012407452,rqmc,True,4096,1110755746,0.0,6.661338147750939e-16,6.661338147750939e-16,0.9303046433167848,asset_2
AC-Smooth-RQMC,5,0.0025,minus,34.04087740090007,8.203058121567004,0.3404859996015204,0.003616599948145449,rqmc,True,4096,1110755746,0.0,6.661338147750939e-16,6.661338147750939e-16,0.9303046433167848,asset_2
AC-Smooth-RQMC,5,0.0025,plus,37.88211606272628,9.201995839669111,0.3789071005054977,0.0038019000203348696,rqmc,True,4096,1110755746,0.0,6.661338147750939e-16,6.661338147750939e-16,0.9303046433167848,asset_2
AC-Smooth-RQMC,5,0.005,minus,31.617488297739634,7.931687661983725,0.31624661083678784,0.003265200008172542,rqmc,True,4096,1110755746,0.0,6.661338147750939e-16,6.661338147750939e-16,0.9303046433167848,asset_2
AC-Smooth-RQMC,5,0.005,plus,39.23716210303131,9.84092182160257,0.39246063498422834,0.004630999988876283,rqmc,True,4096,1110755746,0.0,6.661338147750939e-16,6.661338147750939e-16,0.9303046433167848,asset_2
AC-Smooth-RQMC,5,0.01,minus,26.08588380682624,7.704037871164279,0.26091801685527355,0.0037513000424951315,rqmc,True,4096,1110755746,0.0,6.661338147750939e-16,6.661338147750939e-16,0.9303046433167848,asset_2
AC-Smooth-RQMC,5,0.01,plus,40.89628727420181,11.007053235792574,0.40905565060962146,0.004733600013423711,rqmc,True,4096,1110755746,0.0,6.661338147750939e-16,6.661338147750939e-16,0.9303046433167848,asset_2
AC-Smooth-RQMC,5,0.001,minus,34.74668388713393,8.626770859926046,0.3475456656659509,0.005686099990271032,rqmc,True,4096,1110755746,0.0,6.661338147750939e-16,6.661338147750939e-16,0.9303046433167848,asset_3
AC-Smooth-RQMC,5,0.001,plus,37.48252290131174,8.665486581547517,0.37491026236892955,0.003938000008929521,rqmc,True,4096,1110755746,0.0,6.661338147750939e-16,6.661338147750939e-16,0.9303046433167848,asset_3
AC-Smooth-RQMC,5,0.0025,minus,32.556860634200156,8.647568991796163,0.32564246527411567,0.005295799986924976,rqmc,True,4096,1110755746,0.0,6.661338147750939e-16,6.661338147750939e-16,0.9303046433167848,asset_3
AC-Smooth-RQMC,5,0.0025,plus,39.363463090517605,8.776658281416722,0.39372393138721096,0.004411400004755706,rqmc,True,4096,1110755746,0.0,6.661338147750939e-16,6.661338147750939e-16,0.9303046433167848,asset_3
AC-Smooth-RQMC,5,0.005,minus,28.724062966077575,8.675316886471595,0.28730579345652646,0.0032882000086829066,rqmc,True,4096,1110755746,0.0,6.661338147750939e-16,6.661338147750939e-16,0.9303046433167848,asset_3
AC-Smooth-RQMC,5,0.005,plus,42.12230573330511,9.157738473438652,0.4213186165626279,0.004944799991790205,rqmc,True,4096,1110755746,0.0,6.661338147750939e-16,6.661338147750939e-16,0.9303046433167848,asset_3
AC-Smooth-RQMC,5,0.01,minus,20.927001767165557,8.321504103047086,0.2093174929494546,0.0059779000002890825,rqmc,True,4096,1110755746,0.0,6.661338147750939e-16,6.661338147750939e-16,0.9303046433167848,asset_3
AC-Smooth-RQMC,5,0.01,plus,46.13720796531303,10.5293083874221,0.4614767471439345,0.007518200029153377,rqmc,True,4096,1110755746,0.0,6.661338147750939e-16,6.661338147750939e-16,0.9303046433167848,asset_3
AC-Smooth-RQMC,6,0.0,base,36.14346086780229,8.632689540904098,0.36151660421968757,0.006009800010360777,rqmc,True,4096,49015525,0.0,6.661338147750939e-16,6.661338147750939e-16,0.9303046433167848,
AC-Smooth-RQMC,6,0.001,minus,35.96314673571143,8.652632851141215,0.3597130538357126,0.004229900019709021,rqmc,True,4096,49015525,0.0,6.661338147750939e-16,6.661338147750939e-16,0.9303046433167848,asset_1
AC-Smooth-RQMC,6,0.001,plus,36.25849350180252,8.622840957379928,0.3626671915242712,0.0038488999707624316,rqmc,True,4096,49015525,0.0,6.661338147750939e-16,6.661338147750939e-16,0.9303046433167848,asset_1
AC-Smooth-RQMC,6,0.0025,minus,35.52186315289548,8.712221847178322,0.35529921690567934,0.0045915000373497605,rqmc,True,4096,49015525,0.0,6.661338147750939e-16,6.661338147750939e-16,0.9303046433167848,asset_1
AC-Smooth-RQMC,6,0.0025,plus,36.35263429737667,8.617109380105758,0.3636088130490883,0.003819800040218979,rqmc,True,4096,49015525,0.0,6.661338147750939e-16,6.661338147750939e-16,0.9303046433167848,asset_1
AC-Smooth-RQMC,6,0.005,minus,34.12099738632199,8.930855449862468,0.3412873812170166,0.003906700003426522,rqmc,True,4096,49015525,0.0,6.661338147750939e-16,6.661338147750939e-16,0.9303046433167848,asset_1
AC-Smooth-RQMC,6,0.005,plus,36.405289260669896,8.615256665067738,0.3641354821357788,0.005507300025783479,rqmc,True,4096,49015525,0.0,6.661338147750939e-16,6.661338147750939e-16,0.9303046433167848,asset_1
AC-Smooth-RQMC,6,0.01,minus,28.121874821933986,9.560100616147055,0.28128254588296386,0.004620800027623773,rqmc,True,4096,49015525,0.0,6.661338147750939e-16,6.661338147750939e-16,0.9303046433167848,asset_1
AC-Smooth-RQMC,6,0.01,plus,36.41726060362973,8.614239337244063,0.3642552227237269,0.004974000039510429,rqmc,True,4096,49015525,0.0,6.661338147750939e-16,6.661338147750939e-16,0.9303046433167848,asset_1
AC-Smooth-RQMC,6,0.001,minus,35.34412029335846,8.441912426935147,0.3535213850804663,0.004423700040206313,rqmc,True,4096,49015525,0.0,6.661338147750939e-16,6.661338147750939e-16,0.9303046433167848,asset_2
AC-Smooth-RQMC,6,0.001,plus,36.8833975125576,8.84574484071357,0.3689176492974694,0.005530600028578192,rqmc,True,4096,49015525,0.0,6.661338147750939e-16,6.661338147750939e-16,0.9303046433167848,asset_2
AC-Smooth-RQMC,6,0.0025,minus,34.0417915680638,8.20550409111725,0.34049514334704956,0.0038545000134035945,rqmc,True,4096,49015525,0.0,6.661338147750939e-16,6.661338147750939e-16,0.9303046433167848,asset_2
AC-Smooth-RQMC,6,0.0025,plus,37.88084479158859,9.201384873612195,0.3788943849100981,0.004783299984410405,rqmc,True,4096,49015525,0.0,6.661338147750939e-16,6.661338147750939e-16,0.9303046433167848,asset_2
AC-Smooth-RQMC,6,0.005,minus,31.61692889698382,7.931506186190792,0.31624101556016565,0.00373070000205189,rqmc,True,4096,49015525,0.0,6.661338147750939e-16,6.661338147750939e-16,0.9303046433167848,asset_2
AC-Smooth-RQMC,6,0.005,plus,39.235990593992874,9.840222126201725,0.3924489172361428,0.00329070002771914,rqmc,True,4096,49015525,0.0,6.661338147750939e-16,6.661338147750939e-16,0.9303046433167848,asset_2
AC-Smooth-RQMC,6,0.01,minus,26.087092942618785,7.706038402595461,0.2609301109562608,0.003202799998689443,rqmc,True,4096,49015525,0.0,6.661338147750939e-16,6.661338147750939e-16,0.9303046433167848,asset_2
AC-Smooth-RQMC,6,0.01,plus,40.894278295905565,11.003151274166587,0.4090355562690639,0.0025961000355891883,rqmc,True,4096,49015525,0.0,6.661338147750939e-16,6.661338147750939e-16,0.9303046433167848,asset_2
AC-Smooth-RQMC,6,0.001,minus,34.745111121489785,8.625435953518968,0.3475299344415121,0.004190700012259185,rqmc,True,4096,49015525,0.0,6.661338147750939e-16,6.661338147750939e-16,0.9303046433167848,asset_3
AC-Smooth-RQMC,6,0.001,plus,37.481229126082354,8.664998561151908,0.3748973216815597,0.0038700999575667083,rqmc,True,4096,49015525,0.0,6.661338147750939e-16,6.661338147750939e-16,0.9303046433167848,asset_3
AC-Smooth-RQMC,6,0.0025,minus,32.5551495439302,8.64666916633311,0.3256253504896136,0.004540699999779463,rqmc,True,4096,49015525,0.0,6.661338147750939e-16,6.661338147750939e-16,0.9303046433167848,asset_3
AC-Smooth-RQMC,6,0.0025,plus,39.362873464417,8.777191749872802,0.3937180337885712,0.00408029998652637,rqmc,True,4096,49015525,0.0,6.661338147750939e-16,6.661338147750939e-16,0.9303046433167848,asset_3
AC-Smooth-RQMC,6,0.005,minus,28.722346288473425,8.676517278499738,0.2872886227860071,0.005589800013694912,rqmc,True,4096,49015525,0.0,6.661338147750939e-16,6.661338147750939e-16,0.9303046433167848,asset_3
AC-Smooth-RQMC,6,0.005,plus,42.12197939982844,9.157517244266042,0.4213153524875367,0.004403800005093217,rqmc,True,4096,49015525,0.0,6.661338147750939e-16,6.661338147750939e-16,0.9303046433167848,asset_3
AC-Smooth-RQMC,6,0.01,minus,20.924179291929974,8.31925198262781,0.20928926179399343,0.004287399991881102,rqmc,True,4096,49015525,0.0,6.661338147750939e-16,6.661338147750939e-16,0.9303046433167848,asset_3
AC-Smooth-RQMC,6,0.01,plus,46.13709160266809,10.529598285233972,0.46147558325350324,0.003951999999117106,rqmc,True,4096,49015525,0.0,6.661338147750939e-16,6.661338147750939e-16,0.9303046433167848,asset_3
AC-Smooth-RQMC,7,0.0,base,36.14250403004047,8.633395985637982,0.3615070336713744,0.004955800017341971,rqmc,True,4096,1793435561,0.0,6.661338147750939e-16,6.661338147750939e-16,0.9303046433167848,
AC-Smooth-RQMC,7,0.001,minus,35.96259307344557,8.653143603378926,0.35970751595700834,0.004041299980599433,rqmc,True,4096,1793435561,0.0,6.661338147750939e-16,6.661338147750939e-16,0.9303046433167848,asset_1
AC-Smooth-RQMC,7,0.001,plus,36.25759865812387,8.622671824216008,0.36265824105743033,0.0037725999718531966,rqmc,True,4096,1793435561,0.0,6.661338147750939e-16,6.661338147750939e-16,0.9303046433167848,asset_1
AC-Smooth-RQMC,7,0.0025,minus,35.520934137092766,8.712921121630083,0.3552899246400744,0.004047999973408878,rqmc,True,4096,1793435561,0.0,6.661338147750939e-16,6.661338147750939e-16,0.9303046433167848,asset_1
AC-Smooth-RQMC,7,0.0025,plus,36.35208726466741,8.616524600946148,0.3636033414809899,0.00430699996650219,rqmc,True,4096,1793435561,0.0,6.661338147750939e-16,6.661338147750939e-16,0.9303046433167848,asset_1
AC-Smooth-RQMC,7,0.005,minus,34.119878643307786,8.933258414157473,0.34127619124887915,0.0038896999903954566,rqmc,True,4096,1793435561,0.0,6.661338147750939e-16,6.661338147750939e-16,0.9303046433167848,asset_1
AC-Smooth-RQMC,7,0.005,plus,36.40366713378901,8.614293097074569,0.36411925718699106,0.0038871000288054347,rqmc,True,4096,1793435561,0.0,6.661338147750939e-16,6.661338147750939e-16,0.9303046433167848,asset_1
AC-Smooth-RQMC,7,0.01,minus,28.12031358896111,9.562620148495201,0.28126693001140096,0.00408179999794811,rqmc,True,4096,1793435561,0.0,6.661338147750939e-16,6.661338147750939e-16,0.9303046433167848,asset_1
AC-Smooth-RQMC,7,0.01,plus,36.41453481442899,8.614553951112756,0.3642279586479574,0.004641400009859353,rqmc,True,4096,1793435561,0.0,6.661338147750939e-16,6.661338147750939e-16,0.9303046433167848,asset_1
AC-Smooth-RQMC,7,0.001,minus,35.345163149637784,8.445523304640352,0.35353181600909733,0.004258500004652888,rqmc,True,4096,1793435561,0.0,6.661338147750939e-16,6.661338147750939e-16,0.9303046433167848,asset_2
AC-Smooth-RQMC,7,0.001,plus,36.88284904114443,8.846890022065717,0.36891216333906807,0.0037891999818384647,rqmc,True,4096,1793435561,0.0,6.661338147750939e-16,6.661338147750939e-16,0.9303046433167848,asset_2
AC-Smooth-RQMC,7,0.0025,minus,34.03996253910486,8.203568112612105,0.34047684890810054,0.004432699992321432,rqmc,True,4096,1793435561,0.0,6.661338147750939e-16,6.661338147750939e-16,0.9303046433167848,asset_2
AC-Smooth-RQMC,7,0.0025,plus,37.87943016387223,9.201083754200772,0.378880235423691,0.004683599981945008,rqmc,True,4096,1793435561,0.0,6.661338147750939e-16,6.661338147750939e-16,0.9303046433167848,asset_2
AC-Smooth-RQMC,7,0.005,minus,31.616906961620224,7.932366453862033,0.31624079615676687,0.0038483000244013965,rqmc,True,4096,1793435561,0.0,6.661338147750939e-16,6.661338147750939e-16,0.9303046433167848,asset_2
AC-Smooth-RQMC,7,0.005,plus,39.23589551221064,9.842791819139345,0.3924479662026167,0.003348900005221367,rqmc,True,4096,1793435561,0.0,6.661338147750939e-16,6.661338147750939e-16,0.9303046433167848,asset_2
AC-Smooth-RQMC,7,0.01,minus,26.08607747467169,7.706801862084377,0.26091995397308554,0.003537299984600395,rqmc,True,4096,1793435561,0.0,6.661338147750939e-16,6.661338147750939e-16,0.9303046433167848,asset_2
AC-Smooth-RQMC,7,0.01,plus,40.89334296452594,11.005303772417019,0.4090262008333623,0.0035371999838389456,rqmc,True,4096,1793435561,0.0,6.661338147750939e-16,6.661338147750939e-16,0.9303046433167848,asset_2
AC-Smooth-RQMC,7,0.001,minus,34.74468729349529,8.626471806892472,0.34752569520006527,0.0032825999660417438,rqmc,True,4096,1793435561,0.0,6.661338147750939e-16,6.661338147750939e-16,0.9303046433167848,asset_3
AC-Smooth-RQMC,7,0.001,plus,37.48147760290924,8.66724742909826,0.3748998070135264,0.0033245999948121607,rqmc,True,4096,1793435561,0.0,6.661338147750939e-16,6.661338147750939e-16,0.9303046433167848,asset_3
AC-Smooth-RQMC,7,0.0025,minus,32.55400444969217,8.645702923126828,0.32561389694945725,0.0049202999798581,rqmc,True,4096,1793435561,0.0,6.661338147750939e-16,6.661338147750939e-16,0.9303046433167848,asset_3
AC-Smooth-RQMC,7,0.0025,plus,39.36174892225959,8.77558666838338,0.3937067858158456,0.004414500028360635,rqmc,True,4096,1793435561,0.0,6.661338147750939e-16,6.661338147750939e-16,0.9303046433167848,asset_3
AC-Smooth-RQMC,7,0.005,minus,28.72228700595997,8.676763489256741,0.2872880298263834,0.005160300002899021,rqmc,True,4096,1793435561,0.0,6.661338147750939e-16,6.661338147750939e-16,0.9303046433167848,asset_3
AC-Smooth-RQMC,7,0.005,plus,42.120764311661375,9.156777889100017,0.4213031988493007,0.003896899987012148,rqmc,True,4096,1793435561,0.0,6.661338147750939e-16,6.661338147750939e-16,0.9303046433167848,asset_3
AC-Smooth-RQMC,7,0.01,minus,20.926457109749514,8.323589123870965,0.209312045139677,0.004213800013530999,rqmc,True,4096,1793435561,0.0,6.661338147750939e-16,6.661338147750939e-16,0.9303046433167848,asset_3
AC-Smooth-RQMC,7,0.01,plus,46.136451212169916,10.52838096649253,0.461469177895723,0.004176900023594499,rqmc,True,4096,1793435561,0.0,6.661338147750939e-16,6.661338147750939e-16,0.9303046433167848,asset_3
AC-Smooth-RQMC,8,0.0,base,36.14397811079935,8.634240120857244,0.3615217778230827,0.003764200024306774,rqmc,True,4096,3148452000,0.0,6.661338147750939e-16,6.661338147750939e-16,0.9303046433167848,
AC-Smooth-RQMC,8,0.001,minus,35.96474765149119,8.652996112461656,0.3597290666253693,0.005734100006520748,rqmc,True,4096,3148452000,0.0,6.661338147750939e-16,6.661338147750939e-16,0.9303046433167848,asset_1
AC-Smooth-RQMC,8,0.001,plus,36.259164348187426,8.62414098162502,0.3626739015100115,0.004835999978240579,rqmc,True,4096,3148452000,0.0,6.661338147750939e-16,6.661338147750939e-16,0.9303046433167848,asset_1
AC-Smooth-RQMC,8,0.0025,minus,35.52366198395825,8.711881246371384,0.3553172092971593,0.004172599990852177,rqmc,True,4096,3148452000,0.0,6.661338147750939e-16,6.661338147750939e-16,0.9303046433167848,asset_1
AC-Smooth-RQMC,8,0.0025,plus,36.35371060033278,8.617127836018932,0.3636195785203648,0.005131400015670806,rqmc,True,4096,3148452000,0.0,6.661338147750939e-16,6.661338147750939e-16,0.9303046433167848,asset_1
AC-Smooth-RQMC,8,0.005,minus,34.12184286649247,8.932512143384352,0.3412958379367891,0.004127199994400144,rqmc,True,4096,3148452000,0.0,6.661338147750939e-16,6.661338147750939e-16,0.9303046433167848,asset_1
AC-Smooth-RQMC,8,0.005,plus,36.40705383404419,8.615907340760506,0.36415313187265674,0.004278199980035424,rqmc,True,4096,3148452000,0.0,6.661338147750939e-16,6.661338147750939e-16,0.9303046433167848,asset_1
AC-Smooth-RQMC,8,0.01,minus,28.123224999957767,9.562938216846005,0.28129605072623365,0.003508900001179427,rqmc,True,4096,3148452000,0.0,6.661338147750939e-16,6.661338147750939e-16,0.9303046433167848,asset_1
AC-Smooth-RQMC,8,0.01,plus,36.41802464406216,8.615686630008767,0.3642628648613635,0.004848999960813671,rqmc,True,4096,3148452000,0.0,6.661338147750939e-16,6.661338147750939e-16,0.9303046433167848,asset_1
AC-Smooth-RQMC,8,0.001,minus,35.34438466549615,8.442988032448683,0.35352402940160144,0.004932600015308708,rqmc,True,4096,3148452000,0.0,6.661338147750939e-16,6.661338147750939e-16,0.9303046433167848,asset_2
AC-Smooth-RQMC,8,0.001,plus,36.88578250149836,8.849366583901846,0.36894150459749503,0.004284600028768182,rqmc,True,4096,3148452000,0.0,6.661338147750939e-16,6.661338147750939e-16,0.9303046433167848,asset_2
AC-Smooth-RQMC,8,0.0025,minus,34.041077431128656,8.203604910384758,0.3404880003575975,0.005501799983903766,rqmc,True,4096,3148452000,0.0,6.661338147750939e-16,6.661338147750939e-16,0.9303046433167848,asset_2
AC-Smooth-RQMC,8,0.0025,plus,37.8840230630049,9.205213599624951,0.3789261748345304,0.005444099952001125,rqmc,True,4096,3148452000,0.0,6.661338147750939e-16,6.661338147750939e-16,0.9303046433167848,asset_2
AC-Smooth-RQMC,8,0.005,minus,31.61698762470526,7.930641096376578,0.31624160297061055,0.0041025999817065895,rqmc,True,4096,3148452000,0.0,6.661338147750939e-16,6.661338147750939e-16,0.9303046433167848,asset_2
AC-Smooth-RQMC,8,0.005,plus,39.23869367281937,9.84324620581908,0.39247595415664877,0.0043382000294514,rqmc,True,4096,3148452000,0.0,6.661338147750939e-16,6.661338147750939e-16,0.9303046433167848,asset_2
AC-Smooth-RQMC,8,0.01,minus,26.08680329647914,7.704581632666762,0.26092721383776923,0.004610200005117804,rqmc,True,4096,3148452000,0.0,6.661338147750939e-16,6.661338147750939e-16,0.9303046433167848,asset_2
AC-Smooth-RQMC,8,0.01,plus,40.89705781972653,11.00692721800924,0.4090633578129387,0.0037616000045090914,rqmc,True,4096,3148452000,0.0,6.661338147750939e-16,6.661338147750939e-16,0.9303046433167848,asset_2
AC-Smooth-RQMC,8,0.001,minus,34.74797429575927,8.630506445559726,0.34755857267964263,0.0037388000055216253,rqmc,True,4096,3148452000,0.0,6.661338147750939e-16,6.661338147750939e-16,0.9303046433167848,asset_3
AC-Smooth-RQMC,8,0.001,plus,37.48171008558414,8.665135847132133,0.3749021323676888,0.004125999985262752,rqmc,True,4096,3148452000,0.0,6.661338147750939e-16,6.661338147750939e-16,0.9303046433167848,asset_3
AC-Smooth-RQMC,8,0.0025,minus,32.55790482142871,8.651722520846771,0.3256529095152584,0.004227500001434237,rqmc,True,4096,3148452000,0.0,6.661338147750939e-16,6.661338147750939e-16,0.9303046433167848,asset_3
AC-Smooth-RQMC,8,0.0025,plus,39.36272976920041,8.775389048411744,0.39371659651041646,0.003906300000380725,rqmc,True,4096,3148452000,0.0,6.661338147750939e-16,6.661338147750939e-16,0.9303046433167848,asset_3
AC-Smooth-RQMC,8,0.005,minus,28.724017020429322,8.676915167988826,0.287305333895811,0.004908300004899502,rqmc,True,4096,3148452000,0.0,6.661338147750939e-16,6.661338147750939e-16,0.9303046433167848,asset_3
AC-Smooth-RQMC,8,0.005,plus,42.12094044244654,9.155682906419925,0.42130496055672506,0.003898700000718236,rqmc,True,4096,3148452000,0.0,6.661338147750939e-16,6.661338147750939e-16,0.9303046433167848,asset_3
AC-Smooth-RQMC,8,0.01,minus,20.926245003120904,8.32219631573073,0.20930992359220296,0.004411500005517155,rqmc,True,4096,3148452000,0.0,6.661338147750939e-16,6.661338147750939e-16,0.9303046433167848,asset_3
AC-Smooth-RQMC,8,0.01,plus,46.13568839874783,10.527498802524123,0.4614615480309734,0.004482100019231439,rqmc,True,4096,3148452000,0.0,6.661338147750939e-16,6.661338147750939e-16,0.9303046433167848,asset_3
AC-Smooth-RQMC,9,0.0,base,36.146493681366394,8.634444649562173,0.3615469392356103,0.008004000002983958,rqmc,True,4096,1043311169,0.0,6.661338147750939e-16,6.661338147750939e-16,0.9303046433167848,
AC-Smooth-RQMC,9,0.001,minus,35.96687858226259,8.654428982866088,0.35975038076734156,0.004522500035818666,rqmc,True,4096,1043311169,0.0,6.661338147750939e-16,6.661338147750939e-16,0.9303046433167848,asset_1
AC-Smooth-RQMC,9,0.001,plus,36.26195719937803,8.624022113301008,0.3627018363578173,0.004510400001890957,rqmc,True,4096,1043311169,0.0,6.661338147750939e-16,6.661338147750939e-16,0.9303046433167848,asset_1
AC-Smooth-RQMC,9,0.0025,minus,35.525290230520945,8.714255806634085,0.3553334954566484,0.0049501999747008085,rqmc,True,4096,1043311169,0.0,6.661338147750939e-16,6.661338147750939e-16,0.9303046433167848,asset_1
AC-Smooth-RQMC,9,0.0025,plus,36.355236150551924,8.618974838627782,0.36363483748344005,0.007457399973645806,rqmc,True,4096,1043311169,0.0,6.661338147750939e-16,6.661338147750939e-16,0.9303046433167848,asset_1
AC-Smooth-RQMC,9,0.005,minus,34.12385192345309,8.935025784393872,0.3413159330641689,0.0044804000062868,rqmc,True,4096,1043311169,0.0,6.661338147750939e-16,6.661338147750939e-16,0.9303046433167848,asset_1
AC-Smooth-RQMC,9,0.005,plus,36.4084757684092,8.616477741620034,0.3641673544421262,0.004309699987061322,rqmc,True,4096,1043311169,0.0,6.661338147750939e-16,6.661338147750939e-16,0.9303046433167848,asset_1
AC-Smooth-RQMC,9,0.01,minus,28.12443770224013,9.56665580303134,0.28130818050021,0.0040685999556444585,rqmc,True,4096,1043311169,0.0,6.661338147750939e-16,6.661338147750939e-16,0.9303046433167848,asset_1
AC-Smooth-RQMC,9,0.01,plus,36.41944793829522,8.616575975998856,0.3642771010325986,0.003995499981101602,rqmc,True,4096,1043311169,0.0,6.661338147750939e-16,6.661338147750939e-16,0.9303046433167848,asset_1
AC-Smooth-RQMC,9,0.001,minus,35.346896816943755,8.443186706030913,0.35354915661517805,0.004267400014214218,rqmc,True,4096,1043311169,0.0,6.661338147750939e-16,6.661338147750939e-16,0.9303046433167848,asset_2
AC-Smooth-RQMC,9,0.001,plus,36.88679200741165,8.848049950810163,0.3689516019468066,0.004893100005574524,rqmc,True,4096,1043311169,0.0,6.661338147750939e-16,6.661338147750939e-16,0.9303046433167848,asset_2
AC-Smooth-RQMC,9,0.0025,minus,34.04135228074154,8.202117688340131,0.3404907494772539,0.005522799969185144,rqmc,True,4096,1043311169,0.0,6.661338147750939e-16,6.661338147750939e-16,0.9303046433167848,asset_2
AC-Smooth-RQMC,9,0.0025,plus,37.884087468394085,9.202139288173596,0.3789268190345332,0.004773100023157895,rqmc,True,4096,1043311169,0.0,6.661338147750939e-16,6.661338147750939e-16,0.9303046433167848,asset_2
AC-Smooth-RQMC,9,0.005,minus,31.61775365931704,7.930768096047401,0.31624926505456474,0.003623700002208352,rqmc,True,4096,1043311169,0.0,6.661338147750939e-16,6.661338147750939e-16,0.9303046433167848,asset_2
AC-Smooth-RQMC,9,0.005,plus,39.238015326004835,9.839890210308754,0.3924691691495966,0.005129400000441819,rqmc,True,4096,1043311169,0.0,6.661338147750939e-16,6.661338147750939e-16,0.9303046433167848,asset_2
AC-Smooth-RQMC,9,0.01,minus,26.087477171248448,7.704858731470222,0.26093395411422365,0.004558399959933013,rqmc,True,4096,1043311169,0.0,6.661338147750939e-16,6.661338147750939e-16,0.9303046433167848,asset_2
AC-Smooth-RQMC,9,0.01,plus,40.89726202602992,11.004576084512816,0.4090654003392378,0.004725800012238324,rqmc,True,4096,1043311169,0.0,6.661338147750939e-16,6.661338147750939e-16,0.9303046433167848,asset_2
AC-Smooth-RQMC,9,0.001,minus,34.74972351179623,8.628915975499108,0.34757606880830727,0.004784399992786348,rqmc,True,4096,1043311169,0.0,6.661338147750939e-16,6.661338147750939e-16,0.9303046433167848,asset_3
AC-Smooth-RQMC,9,0.001,plus,37.484273006275686,8.665736659802104,0.3749277673888807,0.0044636999955400825,rqmc,True,4096,1043311169,0.0,6.661338147750939e-16,6.661338147750939e-16,0.9303046433167848,asset_3
AC-Smooth-RQMC,9,0.0025,minus,32.55699921863952,8.645419242213071,0.32564385143290375,0.004503200005274266,rqmc,True,4096,1043311169,0.0,6.661338147750939e-16,6.661338147750939e-16,0.9303046433167848,asset_3
AC-Smooth-RQMC,9,0.0025,plus,39.36353835712407,8.773466174047915,0.3937246842240264,0.004340299987234175,rqmc,True,4096,1043311169,0.0,6.661338147750939e-16,6.661338147750939e-16,0.9303046433167848,asset_3
AC-Smooth-RQMC,9,0.005,minus,28.72501417977848,8.675314805912862,0.28731530775147174,0.004233799991197884,rqmc,True,4096,1043311169,0.0,6.661338147750939e-16,6.661338147750939e-16,0.9303046433167848,asset_3
AC-Smooth-RQMC,9,0.005,plus,42.12269420690455,9.156119726231967,0.42132250217991873,0.0038281999877654016,rqmc,True,4096,1043311169,0.0,6.661338147750939e-16,6.661338147750939e-16,0.9303046433167848,asset_3
AC-Smooth-RQMC,9,0.01,minus,20.925931365210886,8.317856405011588,0.20930678650157963,0.007178100000601262,rqmc,True,4096,1043311169,0.0,6.661338147750939e-16,6.661338147750939e-16,0.9303046433167848,asset_3
AC-Smooth-RQMC,9,0.01,plus,46.13726982747916,10.52788775924334,0.46147736590593713,0.003332399995997548,rqmc,True,4096,1043311169,0.0,6.661338147750939e-16,6.661338147750939e-16,0.9303046433167848,asset_3
AC-Smooth-RQMC,10,0.0,base,36.14593087895466,8.635216645747132,0.3615413099347119,0.004044000001158565,rqmc,True,4096,3213542079,0.0,6.661338147750939e-16,6.661338147750939e-16,0.9303046433167848,
AC-Smooth-RQMC,10,0.001,minus,35.966541254139166,8.655359439635877,0.35974700672084015,0.003952600003685802,rqmc,True,4096,3213542079,0.0,6.661338147750939e-16,6.661338147750939e-16,0.9303046433167848,asset_1
AC-Smooth-RQMC,10,0.001,plus,36.261211130935095,8.62519092919925,0.362694373980847,0.003974599996581674,rqmc,True,4096,3213542079,0.0,6.661338147750939e-16,6.661338147750939e-16,0.9303046433167848,asset_1
AC-Smooth-RQMC,10,0.0025,minus,35.52491169384943,8.714051895425037,0.3553297092311799,0.004202500043902546,rqmc,True,4096,3213542079,0.0,6.661338147750939e-16,6.661338147750939e-16,0.9303046433167848,asset_1
AC-Smooth-RQMC,10,0.0025,plus,36.35533617663771,8.618569843681792,0.36363583797121835,0.004080399987287819,rqmc,True,4096,3213542079,0.0,6.661338147750939e-16,6.661338147750939e-16,0.9303046433167848,asset_1
AC-Smooth-RQMC,10,0.005,minus,34.12313247561759,8.934667956669399,0.3413087369536648,0.004041499982122332,rqmc,True,4096,3213542079,0.0,6.661338147750939e-16,6.661338147750939e-16,0.9303046433167848,asset_1
AC-Smooth-RQMC,10,0.005,plus,36.4082959633335,8.61621650780127,0.364165555983461,0.004371499991975725,rqmc,True,4096,3213542079,0.0,6.661338147750939e-16,6.661338147750939e-16,0.9303046433167848,asset_1
AC-Smooth-RQMC,10,0.01,minus,28.123226053220705,9.564207351230467,0.2812960612612525,0.004412100010085851,rqmc,True,4096,3213542079,0.0,6.661338147750939e-16,6.661338147750939e-16,0.9303046433167848,asset_1
AC-Smooth-RQMC,10,0.01,plus,36.419090967365946,8.615412164643345,0.3642735305134769,0.004553199978545308,rqmc,True,4096,3213542079,0.0,6.661338147750939e-16,6.661338147750939e-16,0.9303046433167848,asset_1
AC-Smooth-RQMC,10,0.001,minus,35.34580377813499,8.442904307038848,0.35353822374740795,0.005114200001116842,rqmc,True,4096,3213542079,0.0,6.661338147750939e-16,6.661338147750939e-16,0.9303046433167848,asset_2
AC-Smooth-RQMC,10,0.001,plus,36.885286315853435,8.846474377001424,0.36893654161539235,0.00434849999146536,rqmc,True,4096,3213542079,0.0,6.661338147750939e-16,6.661338147750939e-16,0.9303046433167848,asset_2
AC-Smooth-RQMC,10,0.0025,minus,34.04379500837996,8.205618218987045,0.3405151822952428,0.004093199968338013,rqmc,True,4096,3213542079,0.0,6.661338147750939e-16,6.661338147750939e-16,0.9303046433167848,asset_2
AC-Smooth-RQMC,10,0.0025,plus,37.881893686011395,9.20090637128921,0.3789048762338621,0.004092199960723519,rqmc,True,4096,3213542079,0.0,6.661338147750939e-16,6.661338147750939e-16,0.9303046433167848,asset_2
AC-Smooth-RQMC,10,0.005,minus,31.619194902885056,7.932911754223585,0.31626368075986944,0.0037470999523065984,rqmc,True,4096,3213542079,0.0,6.661338147750939e-16,6.661338147750939e-16,0.9303046433167848,asset_2
AC-Smooth-RQMC,10,0.005,plus,39.23575565696666,9.837446139586541,0.39244656733289945,0.0042507000034675,rqmc,True,4096,3213542079,0.0,6.661338147750939e-16,6.661338147750939e-16,0.9303046433167848,asset_2
AC-Smooth-RQMC,10,0.01,minus,26.089215726044618,7.7077674347495595,0.26095134360629413,0.004665799962822348,rqmc,True,4096,3213542079,0.0,6.661338147750939e-16,6.661338147750939e-16,0.9303046433167848,asset_2
AC-Smooth-RQMC,10,0.01,plus,40.895681978119555,11.004541838322691,0.40904959627561616,0.00398400000995025,rqmc,True,4096,3213542079,0.0,6.661338147750939e-16,6.661338147750939e-16,0.9303046433167848,asset_2
AC-Smooth-RQMC,10,0.001,minus,34.74743192747972,8.626559211872474,0.3475531477664231,0.004277900035958737,rqmc,True,4096,3213542079,0.0,6.661338147750939e-16,6.661338147750939e-16,0.9303046433167848,asset_3
AC-Smooth-RQMC,10,0.001,plus,37.48233047487011,8.665064697107486,0.374908337667972,0.004174400004558265,rqmc,True,4096,3213542079,0.0,6.661338147750939e-16,6.661338147750939e-16,0.9303046433167848,asset_3
AC-Smooth-RQMC,10,0.0025,minus,32.55562397152867,8.644869705768889,0.3256300958418912,0.004075600008945912,rqmc,True,4096,3213542079,0.0,6.661338147750939e-16,6.661338147750939e-16,0.9303046433167848,asset_3
AC-Smooth-RQMC,10,0.0025,plus,39.364278975213985,8.776739709963257,0.39373209208510174,0.003967299999203533,rqmc,True,4096,3213542079,0.0,6.661338147750939e-16,6.661338147750939e-16,0.9303046433167848,asset_3
AC-Smooth-RQMC,10,0.005,minus,28.72379150135697,8.674584115693646,0.2873030781934719,0.006460300006438047,rqmc,True,4096,3213542079,0.0,6.661338147750939e-16,6.661338147750939e-16,0.9303046433167848,asset_3
AC-Smooth-RQMC,10,0.005,plus,42.124509393392614,9.159854140818897,0.42134065816275595,0.0030192999984137714,rqmc,True,4096,3213542079,0.0,6.661338147750939e-16,6.661338147750939e-16,0.9303046433167848,asset_3
AC-Smooth-RQMC,10,0.01,minus,20.924612888334075,8.317412538441841,0.2092935987416971,0.00408319995040074,rqmc,True,4096,3213542079,0.0,6.661338147750939e-16,6.661338147750939e-16,0.9303046433167848,asset_3
AC-Smooth-RQMC,10,0.01,plus,46.13723343535109,10.527226346712434,0.46147700190209684,0.004994799965061247,rqmc,True,4096,3213542079,0.0,6.661338147750939e-16,6.661338147750939e-16,0.9303046433167848,asset_3
AC-Smooth-RQMC,11,0.0,base,36.14485818141678,8.632885241759228,0.361530580525797,0.00555449997773394,rqmc,True,4096,1120599214,0.0,6.661338147750939e-16,6.661338147750939e-16,0.9303046433167848,
AC-Smooth-RQMC,11,0.001,minus,35.9658761072818,8.651583724645183,0.35974035374330543,0.006964900007005781,rqmc,True,4096,1120599214,0.0,6.661338147750939e-16,6.661338147750939e-16,0.9303046433167848,asset_1
AC-Smooth-RQMC,11,0.001,plus,36.260465107483014,8.622916800506948,0.3626869120538873,0.005548099987208843,rqmc,True,4096,1120599214,0.0,6.661338147750939e-16,6.661338147750939e-16,0.9303046433167848,asset_1
AC-Smooth-RQMC,11,0.0025,minus,35.523833988752884,8.711854323883593,0.3553189297353181,0.005780200008302927,rqmc,True,4096,1120599214,0.0,6.661338147750939e-16,6.661338147750939e-16,0.9303046433167848,asset_1
AC-Smooth-RQMC,11,0.0025,plus,36.35458570544648,8.61645177842084,0.363628331556777,0.005633699998725206,rqmc,True,4096,1120599214,0.0,6.661338147750939e-16,6.661338147750939e-16,0.9303046433167848,asset_1
AC-Smooth-RQMC,11,0.005,minus,34.12255329578428,8.931801738759479,0.3413029438413966,0.006374099990352988,rqmc,True,4096,1120599214,0.0,6.661338147750939e-16,6.661338147750939e-16,0.9303046433167848,asset_1
AC-Smooth-RQMC,11,0.005,plus,36.407560943426944,8.613587768912792,0.3641582041169194,0.004619200015440583,rqmc,True,4096,1120599214,0.0,6.661338147750939e-16,6.661338147750939e-16,0.9303046433167848,asset_1
AC-Smooth-RQMC,11,0.01,minus,28.122707266736263,9.563334568614849,0.2812908722194821,0.0038944000261835754,rqmc,True,4096,1120599214,0.0,6.661338147750939e-16,6.661338147750939e-16,0.9303046433167848,asset_1
AC-Smooth-RQMC,11,0.01,plus,36.418602441221495,8.613591193410961,0.3642686441437553,0.008315500046592206,rqmc,True,4096,1120599214,0.0,6.661338147750939e-16,6.661338147750939e-16,0.9303046433167848,asset_1
AC-Smooth-RQMC,11,0.001,minus,35.34616225380002,8.44273269820103,0.35354180931730084,0.004895000020042062,rqmc,True,4096,1120599214,0.0,6.661338147750939e-16,6.661338147750939e-16,0.9303046433167848,asset_2
AC-Smooth-RQMC,11,0.001,plus,36.88527831952922,8.844201748667194,0.36893646163400967,0.0052217000047676265,rqmc,True,4096,1120599214,0.0,6.661338147750939e-16,6.661338147750939e-16,0.9303046433167848,asset_2
AC-Smooth-RQMC,11,0.0025,minus,34.04131430700386,8.200511720840508,0.3404903696537293,0.0037014999543316662,rqmc,True,4096,1120599214,0.0,6.661338147750939e-16,6.661338147750939e-16,0.9303046433167848,asset_2
AC-Smooth-RQMC,11,0.0025,plus,37.880958841881544,9.197647787460317,0.3788955256717636,0.0057903999695554376,rqmc,True,4096,1120599214,0.0,6.661338147750939e-16,6.661338147750939e-16,0.9303046433167848,asset_2
AC-Smooth-RQMC,11,0.005,minus,31.617564025687507,7.928982963322938,0.3162473682880641,0.004220000002533197,rqmc,True,4096,1120599214,0.0,6.661338147750939e-16,6.661338147750939e-16,0.9303046433167848,asset_2
AC-Smooth-RQMC,11,0.005,plus,39.236812163966704,9.836982828529502,0.39245713479970573,0.004818500019609928,rqmc,True,4096,1120599214,0.0,6.661338147750939e-16,6.661338147750939e-16,0.9303046433167848,asset_2
AC-Smooth-RQMC,11,0.01,minus,26.088415352599874,7.705710141168808,0.2609433380561087,0.0031429000082425773,rqmc,True,4096,1120599214,0.0,6.661338147750939e-16,6.661338147750939e-16,0.9303046433167848,asset_2
AC-Smooth-RQMC,11,0.01,plus,40.89609508736267,11.004883521058899,0.4090537283052325,0.004916300007607788,rqmc,True,4096,1120599214,0.0,6.661338147750939e-16,6.661338147750939e-16,0.9303046433167848,asset_2
AC-Smooth-RQMC,11,0.001,minus,34.746796141404374,8.625247684170999,0.3475467884633169,0.00430099997902289,rqmc,True,4096,1120599214,0.0,6.661338147750939e-16,6.661338147750939e-16,0.9303046433167848,asset_3
AC-Smooth-RQMC,11,0.001,plus,37.4829545686778,8.664628961442915,0.3749145800218764,0.00508790003368631,rqmc,True,4096,1120599214,0.0,6.661338147750939e-16,6.661338147750939e-16,0.9303046433167848,asset_3
AC-Smooth-RQMC,11,0.0025,minus,32.554893053411675,8.6432573952115,0.32562278500255054,0.003970300022047013,rqmc,True,4096,1120599214,0.0,6.661338147750939e-16,6.661338147750939e-16,0.9303046433167848,asset_3
AC-Smooth-RQMC,11,0.0025,plus,39.362210364697766,8.772943154098646,0.3937114012870619,0.004815399996004999,rqmc,True,4096,1120599214,0.0,6.661338147750939e-16,6.661338147750939e-16,0.9303046433167848,asset_3
AC-Smooth-RQMC,11,0.005,minus,28.723601948316833,8.67463110135643,0.28730118223304796,0.0047651000204496086,rqmc,True,4096,1120599214,0.0,6.661338147750939e-16,6.661338147750939e-16,0.9303046433167848,asset_3
AC-Smooth-RQMC,11,0.005,plus,42.12236135593878,9.156000740916603,0.42131917291515086,0.003863500023726374,rqmc,True,4096,1120599214,0.0,6.661338147750939e-16,6.661338147750939e-16,0.9303046433167848,asset_3
AC-Smooth-RQMC,11,0.01,minus,20.926010003950015,8.32017843425184,0.2093075730673718,0.004885300004389137,rqmc,True,4096,1120599214,0.0,6.661338147750939e-16,6.661338147750939e-16,0.9303046433167848,asset_3
AC-Smooth-RQMC,11,0.01,plus,46.13819521777596,10.529575078865877,0.46148662190825795,0.0045702000497840345,rqmc,True,4096,1120599214,0.0,6.661338147750939e-16,6.661338147750939e-16,0.9303046433167848,asset_3
AC-Smooth-RQMC,12,0.0,base,36.146313337143944,8.633673352166864,0.3615451353842545,0.0047414000146090984,rqmc,True,4096,2915193971,0.0,6.661338147750939e-16,6.661338147750939e-16,0.9303046433167848,
AC-Smooth-RQMC,12,0.001,minus,35.966689360489426,8.653214706050798,0.3597484881203389,0.004553200036752969,rqmc,True,4096,2915193971,0.0,6.661338147750939e-16,6.661338147750939e-16,0.9303046433167848,asset_1
AC-Smooth-RQMC,12,0.001,plus,36.26145133384283,8.623872092273864,0.36269677655485183,0.004752299981191754,rqmc,True,4096,2915193971,0.0,6.661338147750939e-16,6.661338147750939e-16,0.9303046433167848,asset_1
AC-Smooth-RQMC,12,0.0025,minus,35.525396539499454,8.71214954686049,0.35533455878760745,0.004310999996960163,rqmc,True,4096,2915193971,0.0,6.661338147750939e-16,6.661338147750939e-16,0.9303046433167848,asset_1
AC-Smooth-RQMC,12,0.0025,plus,36.35566557695137,8.617045674548297,0.3636391327216369,0.0035773999989032745,rqmc,True,4096,2915193971,0.0,6.661338147750939e-16,6.661338147750939e-16,0.9303046433167848,asset_1
AC-Smooth-RQMC,12,0.005,minus,34.12431179731841,8.933001590747972,0.34132053284609815,0.004253000020980835,rqmc,True,4096,2915193971,0.0,6.661338147750939e-16,6.661338147750939e-16,0.9303046433167848,asset_1
AC-Smooth-RQMC,12,0.005,plus,36.40773079711274,8.614701471212618,0.3641599030391097,0.004303599998820573,rqmc,True,4096,2915193971,0.0,6.661338147750939e-16,6.661338147750939e-16,0.9303046433167848,asset_1
AC-Smooth-RQMC,12,0.01,minus,28.124082022920945,9.565112785587125,0.2813046229001193,0.004305099952034652,rqmc,True,4096,2915193971,0.0,6.661338147750939e-16,6.661338147750939e-16,0.9303046433167848,asset_1
AC-Smooth-RQMC,12,0.01,plus,36.41931069420878,8.614976991337006,0.36427572828038046,0.003291799977887422,rqmc,True,4096,2915193971,0.0,6.661338147750939e-16,6.661338147750939e-16,0.9303046433167848,asset_1
AC-Smooth-RQMC,12,0.001,minus,35.34762803733639,8.443722039634762,0.35355647047796085,0.004127599997445941,rqmc,True,4096,2915193971,0.0,6.661338147750939e-16,6.661338147750939e-16,0.9303046433167848,asset_2
AC-Smooth-RQMC,12,0.001,plus,36.88745620064134,8.847825917726668,0.3689582453859013,0.0040760000119917095,rqmc,True,4096,2915193971,0.0,6.661338147750939e-16,6.661338147750939e-16,0.9303046433167848,asset_2
AC-Smooth-RQMC,12,0.0025,minus,34.044249412604856,8.204669608007155,0.34051972736835934,0.004115000017918646,rqmc,True,4096,2915193971,0.0,6.661338147750939e-16,6.661338147750939e-16,0.9303046433167848,asset_2
AC-Smooth-RQMC,12,0.0025,plus,37.88434647056278,9.200564938935191,0.37892940964379596,0.004055500030517578,rqmc,True,4096,2915193971,0.0,6.661338147750939e-16,6.661338147750939e-16,0.9303046433167848,asset_2
AC-Smooth-RQMC,12,0.005,minus,31.62167280972527,7.936328993940682,0.3162884654496844,0.004710800014436245,rqmc,True,4096,2915193971,0.0,6.661338147750939e-16,6.661338147750939e-16,0.9303046433167848,asset_2
AC-Smooth-RQMC,12,0.005,plus,39.23760626576453,9.834834101936709,0.39246507761919414,0.003920499992091209,rqmc,True,4096,2915193971,0.0,6.661338147750939e-16,6.661338147750939e-16,0.9303046433167848,asset_2
AC-Smooth-RQMC,12,0.01,minus,26.091928830472824,7.711411257138906,0.2609784808055614,0.005189700052142143,rqmc,True,4096,2915193971,0.0,6.661338147750939e-16,6.661338147750939e-16,0.9303046433167848,asset_2
AC-Smooth-RQMC,12,0.01,plus,40.89663343777845,11.00233403259843,0.4090591130306992,0.004486999998334795,rqmc,True,4096,2915193971,0.0,6.661338147750939e-16,6.661338147750939e-16,0.9303046433167848,asset_2
AC-Smooth-RQMC,12,0.001,minus,34.74899458548386,8.627744848374478,0.3475687778915315,0.0045831999741494656,rqmc,True,4096,2915193971,0.0,6.661338147750939e-16,6.661338147750939e-16,0.9303046433167848,asset_3
AC-Smooth-RQMC,12,0.001,plus,37.484563074680835,8.666145869336605,0.3749306687309852,0.003543200029525906,rqmc,True,4096,2915193971,0.0,6.661338147750939e-16,6.661338147750939e-16,0.9303046433167848,asset_3
AC-Smooth-RQMC,12,0.0025,minus,32.557783049543644,8.646581087463186,0.32565169152015433,0.002973099995870143,rqmc,True,4096,2915193971,0.0,6.661338147750939e-16,6.661338147750939e-16,0.9303046433167848,asset_3
AC-Smooth-RQMC,12,0.0025,plus,39.36640411135609,8.778384176306691,0.39375334826763525,0.0043314999784342945,rqmc,True,4096,2915193971,0.0,6.661338147750939e-16,6.661338147750939e-16,0.9303046433167848,asset_3
AC-Smooth-RQMC,12,0.005,minus,28.722078483763354,8.670262552946964,0.287285944131361,0.004150499997194856,rqmc,True,4096,2915193971,0.0,6.661338147750939e-16,6.661338147750939e-16,0.9303046433167848,asset_3
AC-Smooth-RQMC,12,0.005,plus,42.124707780896614,9.159806687159499,0.4213426424878606,0.004048999981023371,rqmc,True,4096,2915193971,0.0,6.661338147750939e-16,6.661338147750939e-16,0.9303046433167848,asset_3
AC-Smooth-RQMC,12,0.01,minus,20.926004594882812,8.318962724903608,0.20930751896442867,0.004391699971165508,rqmc,True,4096,2915193971,0.0,6.661338147750939e-16,6.661338147750939e-16,0.9303046433167848,asset_3
AC-Smooth-RQMC,12,0.01,plus,46.1393757680949,10.53152007365718,0.46149843008965974,0.00340330001199618,rqmc,True,4096,2915193971,0.0,6.661338147750939e-16,6.661338147750939e-16,0.9303046433167848,asset_3
AC-Smooth-RQMC,13,0.0,base,36.14576335214601,8.6389228914688,0.3615396342865717,0.004538899986073375,rqmc,True,4096,4289691964,0.0,6.661338147750939e-16,6.661338147750939e-16,0.9303046433167848,
AC-Smooth-RQMC,13,0.001,minus,35.966160112345726,8.658841842897258,0.3597431944382424,0.004701300000306219,rqmc,True,4096,4289691964,0.0,6.661338147750939e-16,6.661338147750939e-16,0.9303046433167848,asset_1
AC-Smooth-RQMC,13,0.001,plus,36.260726477477235,8.628493923280688,0.36268952634677704,0.00435589998960495,rqmc,True,4096,4289691964,0.0,6.661338147750939e-16,6.661338147750939e-16,0.9303046433167848,asset_1
AC-Smooth-RQMC,13,0.0025,minus,35.52490546328568,8.718579698285684,0.35532964691140756,0.004040699976030737,rqmc,True,4096,4289691964,0.0,6.661338147750939e-16,6.661338147750939e-16,0.9303046433167848,asset_1
AC-Smooth-RQMC,13,0.0025,plus,36.35506122479289,8.62234555668418,0.3636330878290107,0.004408899985719472,rqmc,True,4096,4289691964,0.0,6.661338147750939e-16,6.661338147750939e-16,0.9303046433167848,asset_1
AC-Smooth-RQMC,13,0.005,minus,34.12254450465094,8.939547262835122,0.3413028559101195,0.0033282999647781253,rqmc,True,4096,4289691964,0.0,6.661338147750939e-16,6.661338147750939e-16,0.9303046433167848,asset_1
AC-Smooth-RQMC,13,0.005,plus,36.40788277476621,8.619439392558707,0.36416142316042294,0.002731800021138042,rqmc,True,4096,4289691964,0.0,6.661338147750939e-16,6.661338147750939e-16,0.9303046433167848,asset_1
AC-Smooth-RQMC,13,0.01,minus,28.123204166684975,9.568356128787698,0.28129584234624316,0.0037850000080652535,rqmc,True,4096,4289691964,0.0,6.661338147750939e-16,6.661338147750939e-16,0.9303046433167848,asset_1
AC-Smooth-RQMC,13,0.01,plus,36.419007350119855,8.619908685420269,0.3642726941513207,0.003411600016988814,rqmc,True,4096,4289691964,0.0,6.661338147750939e-16,6.661338147750939e-16,0.9303046433167848,asset_1
AC-Smooth-RQMC,13,0.001,minus,35.34591049349473,8.44696433630221,0.3535392911431011,0.004455799993593246,rqmc,True,4096,4289691964,0.0,6.661338147750939e-16,6.661338147750939e-16,0.9303046433167848,asset_2
AC-Smooth-RQMC,13,0.001,plus,36.88567299531114,8.85120060483998,0.3689404092871956,0.003907900012563914,rqmc,True,4096,4289691964,0.0,6.661338147750939e-16,6.661338147750939e-16,0.9303046433167848,asset_2
AC-Smooth-RQMC,13,0.0025,minus,34.04270731214108,8.208610125392392,0.3405043028652918,0.003862300014588982,rqmc,True,4096,4289691964,0.0,6.661338147750939e-16,6.661338147750939e-16,0.9303046433167848,asset_2
AC-Smooth-RQMC,13,0.0025,plus,37.88128947626663,9.203815205346388,0.37889883276569614,0.003326500009279698,rqmc,True,4096,4289691964,0.0,6.661338147750939e-16,6.661338147750939e-16,0.9303046433167848,asset_2
AC-Smooth-RQMC,13,0.005,minus,31.616252325200563,7.932407467726516,0.3162342483074532,0.0036442999844439328,rqmc,True,4096,4289691964,0.0,6.661338147750939e-16,6.661338147750939e-16,0.9303046433167848,asset_2
AC-Smooth-RQMC,13,0.005,plus,39.235461220542206,9.839302076504875,0.39244362230069235,0.0034956999588757753,rqmc,True,4096,4289691964,0.0,6.661338147750939e-16,6.661338147750939e-16,0.9303046433167848,asset_2
AC-Smooth-RQMC,13,0.01,minus,26.08543556418097,7.7057167653707825,0.2609135334119316,0.004348799993749708,rqmc,True,4096,4289691964,0.0,6.661338147750939e-16,6.661338147750939e-16,0.9303046433167848,asset_2
AC-Smooth-RQMC,13,0.01,plus,40.895479921817724,11.005443755041187,0.4090475752542102,0.00444629997946322,rqmc,True,4096,4289691964,0.0,6.661338147750939e-16,6.661338147750939e-16,0.9303046433167848,asset_2
AC-Smooth-RQMC,13,0.001,minus,34.747246794332725,8.63100313753092,0.3475512960149577,0.0031586000113748014,rqmc,True,4096,4289691964,0.0,6.661338147750939e-16,6.661338147750939e-16,0.9303046433167848,asset_3
AC-Smooth-RQMC,13,0.001,plus,37.48227383738946,8.66917419122806,0.3749077711646769,0.004143600002862513,rqmc,True,4096,4289691964,0.0,6.661338147750939e-16,6.661338147750939e-16,0.9303046433167848,asset_3
AC-Smooth-RQMC,13,0.0025,minus,32.55587331450981,8.648957117917483,0.3256325898373655,0.004468500032089651,rqmc,True,4096,4289691964,0.0,6.661338147750939e-16,6.661338147750939e-16,0.9303046433167848,asset_3
AC-Smooth-RQMC,13,0.0025,plus,39.36356290799845,8.780006593494722,0.3937249297884667,0.0038128000451251864,rqmc,True,4096,4289691964,0.0,6.661338147750939e-16,6.661338147750939e-16,0.9303046433167848,asset_3
AC-Smooth-RQMC,13,0.005,minus,28.72205124285542,8.674293252931522,0.2872856716604826,0.003483799984678626,rqmc,True,4096,4289691964,0.0,6.661338147750939e-16,6.661338147750939e-16,0.9303046433167848,asset_3
AC-Smooth-RQMC,13,0.005,plus,42.121895474508236,9.160145274873194,0.4213145130439405,0.004368900030385703,rqmc,True,4096,4289691964,0.0,6.661338147750939e-16,6.661338147750939e-16,0.9303046433167848,asset_3
AC-Smooth-RQMC,13,0.01,minus,20.92626814893459,8.321331175733421,0.20931015510284876,0.0028794000390917063,rqmc,True,4096,4289691964,0.0,6.661338147750939e-16,6.661338147750939e-16,0.9303046433167848,asset_3
AC-Smooth-RQMC,13,0.01,plus,46.135645850738605,10.529336689407664,0.4614611224543561,0.003352500032633543,rqmc,True,4096,4289691964,0.0,6.661338147750939e-16,6.661338147750939e-16,0.9303046433167848,asset_3
AC-Smooth-RQMC,14,0.0,base,36.14611025455512,8.63612618874718,0.36154310409765034,0.003689900040626526,rqmc,True,4096,3628348512,0.0,6.661338147750939e-16,6.661338147750939e-16,0.9303046433167848,
AC-Smooth-RQMC,14,0.001,minus,35.96630737616769,8.655614997168861,0.35974466741054667,0.004735399968922138,rqmc,True,4096,3628348512,0.0,6.661338147750939e-16,6.661338147750939e-16,0.9303046433167848,asset_1
AC-Smooth-RQMC,14,0.001,plus,36.26100595487366,8.625862707991178,0.3626923217547675,0.004294699989259243,rqmc,True,4096,3628348512,0.0,6.661338147750939e-16,6.661338147750939e-16,0.9303046433167848,asset_1
AC-Smooth-RQMC,14,0.0025,minus,35.52435008758813,8.714759283448972,0.3553240918944993,0.003857900039292872,rqmc,True,4096,3628348512,0.0,6.661338147750939e-16,6.661338147750939e-16,0.9303046433167848,asset_1
AC-Smooth-RQMC,14,0.0025,plus,36.35575033208006,8.620335374709738,0.36363998046520046,0.004422300029546022,rqmc,True,4096,3628348512,0.0,6.661338147750939e-16,6.661338147750939e-16,0.9303046433167848,asset_1
AC-Smooth-RQMC,14,0.005,minus,34.12344003983882,8.93584381292973,0.3413118132936216,0.0052075000130571425,rqmc,True,4096,3628348512,0.0,6.661338147750939e-16,6.661338147750939e-16,0.9303046433167848,asset_1
AC-Smooth-RQMC,14,0.005,plus,36.408039280398526,8.619197376781662,0.36416298857179685,0.0038019000203348696,rqmc,True,4096,3628348512,0.0,6.661338147750939e-16,6.661338147750939e-16,0.9303046433167848,asset_1
AC-Smooth-RQMC,14,0.01,minus,28.124078559988497,9.566059890408809,0.28130458826293875,0.004343300010077655,rqmc,True,4096,3628348512,0.0,6.661338147750939e-16,6.661338147750939e-16,0.9303046433167848,asset_1
AC-Smooth-RQMC,14,0.01,plus,36.41986456808273,8.61784840548858,0.3642812682756458,0.005141899979207665,rqmc,True,4096,3628348512,0.0,6.661338147750939e-16,6.661338147750939e-16,0.9303046433167848,asset_1
AC-Smooth-RQMC,14,0.001,minus,35.34534577755349,8.44320273022126,0.35353364270256654,0.00561980000929907,rqmc,True,4096,3628348512,0.0,6.661338147750939e-16,6.661338147750939e-16,0.9303046433167848,asset_2
AC-Smooth-RQMC,14,0.001,plus,36.88667919537116,8.850537721778704,0.36895047357047484,0.00542709999717772,rqmc,True,4096,3628348512,0.0,6.661338147750939e-16,6.661338147750939e-16,0.9303046433167848,asset_2
AC-Smooth-RQMC,14,0.0025,minus,34.040424957429806,8.203151673808355,0.3404814741403984,0.004444000020157546,rqmc,True,4096,3628348512,0.0,6.661338147750939e-16,6.661338147750939e-16,0.9303046433167848,asset_2
AC-Smooth-RQMC,14,0.0025,plus,37.883311712864625,9.204659200353666,0.37891905971934914,0.006754099973477423,rqmc,True,4096,3628348512,0.0,6.661338147750939e-16,6.661338147750939e-16,0.9303046433167848,asset_2
AC-Smooth-RQMC,14,0.005,minus,31.6147589882983,7.9279062186672125,0.31621931155062644,0.00706279999576509,rqmc,True,4096,3628348512,0.0,6.661338147750939e-16,6.661338147750939e-16,0.9303046433167848,asset_2
AC-Smooth-RQMC,14,0.005,plus,39.23706800676277,9.840020555303774,0.3924596938080749,0.005806099972687662,rqmc,True,4096,3628348512,0.0,6.661338147750939e-16,6.661338147750939e-16,0.9303046433167848,asset_2
AC-Smooth-RQMC,14,0.01,minus,26.086860283257224,7.7055462099043766,0.26092778383483095,0.003887199971359223,rqmc,True,4096,3628348512,0.0,6.661338147750939e-16,6.661338147750939e-16,0.9303046433167848,asset_2
AC-Smooth-RQMC,14,0.01,plus,40.89638904573631,11.00621904621376,0.40905666855584677,0.005106399999931455,rqmc,True,4096,3628348512,0.0,6.661338147750939e-16,6.661338147750939e-16,0.9303046433167848,asset_2
AC-Smooth-RQMC,14,0.001,minus,34.74959789794849,8.630987281065169,0.34757481238486065,0.004509199992753565,rqmc,True,4096,3628348512,0.0,6.661338147750939e-16,6.661338147750939e-16,0.9303046433167848,asset_3
AC-Smooth-RQMC,14,0.001,plus,37.48282177787904,8.665329723578632,0.3749132518126379,0.0050469000125303864,rqmc,True,4096,3628348512,0.0,6.661338147750939e-16,6.661338147750939e-16,0.9303046433167848,asset_3
AC-Smooth-RQMC,14,0.0025,minus,32.55833534500417,8.64923885164533,0.3256572157277045,0.005850100016687065,rqmc,True,4096,3628348512,0.0,6.661338147750939e-16,6.661338147750939e-16,0.9303046433167848,asset_3
AC-Smooth-RQMC,14,0.0025,plus,39.362241869775026,8.772962163263815,0.39371171640930736,0.0042195999994874,rqmc,True,4096,3628348512,0.0,6.661338147750939e-16,6.661338147750939e-16,0.9303046433167848,asset_3
AC-Smooth-RQMC,14,0.005,minus,28.72512806535578,8.677254392098156,0.2873164468656071,0.005816199991386384,rqmc,True,4096,3628348512,0.0,6.661338147750939e-16,6.661338147750939e-16,0.9303046433167848,asset_3
AC-Smooth-RQMC,14,0.005,plus,42.120665229780855,9.15448170110141,0.4213022078057171,0.004491700034122914,rqmc,True,4096,3628348512,0.0,6.661338147750939e-16,6.661338147750939e-16,0.9303046433167848,asset_3
AC-Smooth-RQMC,14,0.01,minus,20.925874323832716,8.319257298869934,0.20930621595839305,0.004535100015345961,rqmc,True,4096,3628348512,0.0,6.661338147750939e-16,6.661338147750939e-16,0.9303046433167848,asset_3
AC-Smooth-RQMC,14,0.01,plus,46.13759318720284,10.528324109899794,0.46148060023675214,0.005488099996000528,rqmc,True,4096,3628348512,0.0,6.661338147750939e-16,6.661338147750939e-16,0.9303046433167848,asset_3
AC-Smooth-RQMC,15,0.0,base,36.14566343624958,8.63205446248812,0.36153863490093685,0.0045559999998658895,rqmc,True,4096,2964585181,0.0,6.661338147750939e-16,6.661338147750939e-16,0.9303046433167848,
AC-Smooth-RQMC,15,0.001,minus,35.96610269380569,8.652042870961079,0.35974262012258157,0.004736300033982843,rqmc,True,4096,2964585181,0.0,6.661338147750939e-16,6.661338147750939e-16,0.9303046433167848,asset_1
AC-Smooth-RQMC,15,0.001,plus,36.2607506596251,8.621791774030338,0.3626897682231157,0.005155500024557114,rqmc,True,4096,2964585181,0.0,6.661338147750939e-16,6.661338147750939e-16,0.9303046433167848,asset_1
AC-Smooth-RQMC,15,0.0025,minus,35.52422755419303,8.711343851733277,0.35532286628256754,0.00428469997132197,rqmc,True,4096,2964585181,0.0,6.661338147750939e-16,6.661338147750939e-16,0.9303046433167848,asset_1
AC-Smooth-RQMC,15,0.0025,plus,36.35408889332953,8.616302760788436,0.36362336230853287,0.004468000028282404,rqmc,True,4096,2964585181,0.0,6.661338147750939e-16,6.661338147750939e-16,0.9303046433167848,asset_1
AC-Smooth-RQMC,15,0.005,minus,34.12266353602474,8.931858392530406,0.3413040464938937,0.004295699996873736,rqmc,True,4096,2964585181,0.0,6.661338147750939e-16,6.661338147750939e-16,0.9303046433167848,asset_1
AC-Smooth-RQMC,15,0.005,plus,36.40673194448003,8.614608708256135,0.36414991224677207,0.004703700018581003,rqmc,True,4096,2964585181,0.0,6.661338147750939e-16,6.661338147750939e-16,0.9303046433167848,asset_1
AC-Smooth-RQMC,15,0.01,minus,28.12327375634616,9.563444209391292,0.281296538400727,0.004029400006402284,rqmc,True,4096,2964585181,0.0,6.661338147750939e-16,6.661338147750939e-16,0.9303046433167848,asset_1
AC-Smooth-RQMC,15,0.01,plus,36.418376391145316,8.61284673883488,0.36426638313017334,0.003918699978385121,rqmc,True,4096,2964585181,0.0,6.661338147750939e-16,6.661338147750939e-16,0.9303046433167848,asset_1
AC-Smooth-RQMC,15,0.001,minus,35.34568419116909,8.439771632198518,0.35353702760645234,0.0037718999665230513,rqmc,True,4096,2964585181,0.0,6.661338147750939e-16,6.661338147750939e-16,0.9303046433167848,asset_2
AC-Smooth-RQMC,15,0.001,plus,36.88725274315267,8.847460902905649,0.36895621034944814,0.003585800004657358,rqmc,True,4096,2964585181,0.0,6.661338147750939e-16,6.661338147750939e-16,0.9303046433167848,asset_2
AC-Smooth-RQMC,15,0.0025,minus,34.04124027980524,8.200648410614567,0.340489629213804,0.004346399975474924,rqmc,True,4096,2964585181,0.0,6.661338147750939e-16,6.661338147750939e-16,0.9303046433167848,asset_2
AC-Smooth-RQMC,15,0.0025,plus,37.884346181140806,9.202088052858734,0.3789294067489196,0.003459799976553768,rqmc,True,4096,2964585181,0.0,6.661338147750939e-16,6.661338147750939e-16,0.9303046433167848,asset_2
AC-Smooth-RQMC,15,0.005,minus,31.616558835289112,7.927819380242834,0.3162373141036916,0.004037200007587671,rqmc,True,4096,2964585181,0.0,6.661338147750939e-16,6.661338147750939e-16,0.9303046433167848,asset_2
AC-Smooth-RQMC,15,0.005,plus,39.2396828415869,9.84162654837195,0.39248584808836556,0.003591099986806512,rqmc,True,4096,2964585181,0.0,6.661338147750939e-16,6.661338147750939e-16,0.9303046433167848,asset_2
AC-Smooth-RQMC,15,0.01,minus,26.087552570619806,7.706015737069708,0.26093470827898924,0.003501800005324185,rqmc,True,4096,2964585181,0.0,6.661338147750939e-16,6.661338147750939e-16,0.9303046433167848,asset_2
AC-Smooth-RQMC,15,0.01,plus,40.89874779070362,11.006759782762922,0.40908026135660047,0.0032341000041924417,rqmc,True,4096,2964585181,0.0,6.661338147750939e-16,6.661338147750939e-16,0.9303046433167848,asset_2
AC-Smooth-RQMC,15,0.001,minus,34.749211821218964,8.627781486936922,0.3475709507417065,0.003485599998384714,rqmc,True,4096,2964585181,0.0,6.661338147750939e-16,6.661338147750939e-16,0.9303046433167848,asset_3
AC-Smooth-RQMC,15,0.001,plus,37.4833446787367,8.663587511329979,0.37491848200747435,0.0044587000156752765,rqmc,True,4096,2964585181,0.0,6.661338147750939e-16,6.661338147750939e-16,0.9303046433167848,asset_3
AC-Smooth-RQMC,15,0.0025,minus,32.55851122097765,8.647498617871712,0.3256589748864339,0.004726000013761222,rqmc,True,4096,2964585181,0.0,6.661338147750939e-16,6.661338147750939e-16,0.9303046433167848,asset_3
AC-Smooth-RQMC,15,0.0025,plus,39.3627257374043,8.77102765911031,0.3937165561833087,0.004153999965637922,rqmc,True,4096,2964585181,0.0,6.661338147750939e-16,6.661338147750939e-16,0.9303046433167848,asset_3
AC-Smooth-RQMC,15,0.005,minus,28.72588803247594,8.67596525809855,0.2873240482608803,0.005261300015263259,rqmc,True,4096,2964585181,0.0,6.661338147750939e-16,6.661338147750939e-16,0.9303046433167848,asset_3
AC-Smooth-RQMC,15,0.005,plus,42.120288032291796,9.150267513891789,0.4212984349751111,0.004375400021672249,rqmc,True,4096,2964585181,0.0,6.661338147750939e-16,6.661338147750939e-16,0.9303046433167848,asset_3
AC-Smooth-RQMC,15,0.01,minus,20.928255870985595,8.321435618487365,0.2093300368327318,0.0046236999914981425,rqmc,True,4096,2964585181,0.0,6.661338147750939e-16,6.661338147750939e-16,0.9303046433167848,asset_3
AC-Smooth-RQMC,15,0.01,plus,46.13628856279439,10.524833808984491,0.4614675510329791,0.004670800000894815,rqmc,True,4096,2964585181,0.0,6.661338147750939e-16,6.661338147750939e-16,0.9303046433167848,asset_3
