scenario,method,replication,asset,asset_index,bump,bump_label,active_asset,runtime_seconds,pricing_seed,bridge_bank_seed,greek,estimate_raw,estimate_reported,reported_unit
near-KI,M0,0,asset_1,1,0.001,0.10% spot,True,0.12745849997736514,2491452401,242366888,Delta,181.12950776024928,1.385640734365907,PV per 1% relative spot move
near-KI,M0,0,asset_1,1,0.001,0.10% spot,True,0.12745849997736514,2491452401,242366888,Gamma,11792.816791856156,0.6901451207014019,PV per squared 1% relative spot move
near-KI,M0,0,asset_1,1,0.0025,0.25% spot,True,0.11171230004401878,2491452401,242366888,Delta,111.0344066823838,0.8494132111202362,PV per 1% relative spot move
near-KI,M0,0,asset_1,1,0.0025,0.25% spot,True,0.11171230004401878,2491452401,242366888,Gamma,-2484.5263847465017,-0.14540069535132713,PV per squared 1% relative spot move
near-KI,M0,0,asset_1,1,0.005,0.50% spot,True,0.11026919999858364,2491452401,242366888,Delta,103.66640629368975,0.7930480081467266,PV per 1% relative spot move
near-KI,M0,0,asset_1,1,0.005,0.50% spot,True,0.11026919999858364,2491452401,242366888,Gamma,-4275.995256810859,-0.2502419324167135,PV per squared 1% relative spot move
near-KI,M0,0,asset_1,1,0.01,1.00% spot,True,0.10621450003236532,2491452401,242366888,Delta,108.73614535755087,0.8318315119852642,PV per 1% relative spot move
near-KI,M0,0,asset_1,1,0.01,1.00% spot,True,0.10621450003236532,2491452401,242366888,Gamma,229.66266877872462,0.013440433533602912,PV per squared 1% relative spot move
near-KI,M0,0,asset_2,2,0.001,0.10% spot,False,0.10361129994271323,2491452401,242366888,Delta,2.991929908667146,0.029919299086671458,PV per 1% relative spot move
near-KI,M0,0,asset_2,2,0.001,0.10% spot,False,0.10361129994271323,2491452401,242366888,Gamma,-1.4210854715202004e-08,-1.4210854715202004e-12,PV per squared 1% relative spot move
near-KI,M0,0,asset_2,2,0.0025,0.25% spot,False,0.11892499995883554,2491452401,242366888,Delta,3.5333827718204702,0.0353338277182047,PV per 1% relative spot move
near-KI,M0,0,asset_2,2,0.0025,0.25% spot,False,0.11892499995883554,2491452401,242366888,Gamma,433.1622905237964,0.04331622905237964,PV per squared 1% relative spot move
near-KI,M0,0,asset_2,2,0.005,0.50% spot,False,0.11916160001419485,2491452401,242366888,Delta,3.2381505779937925,0.032381505779937925,PV per 1% relative spot move
near-KI,M0,0,asset_2,2,0.005,0.50% spot,False,0.11916160001419485,2491452401,242366888,Gamma,89.74003843263745,0.008974003843263745,PV per squared 1% relative spot move
near-KI,M0,0,asset_2,2,0.01,1.00% spot,False,0.12017990002641454,2491452401,242366888,Delta,3.085157602851041,0.030851576028510408,PV per 1% relative spot move
near-KI,M0,0,asset_2,2,0.01,1.00% spot,False,0.12017990002641454,2491452401,242366888,Gamma,5.131044955817288,0.0005131044955817288,PV per squared 1% relative spot move
near-KI,M0,0,asset_3,3,0.001,0.10% spot,False,0.12101679999614134,2491452401,242366888,Delta,3.5963111216261723,0.03596311121626172,PV per 1% relative spot move
near-KI,M0,0,asset_3,3,0.001,0.10% spot,False,0.12101679999614134,2491452401,242366888,Gamma,-54.69470593766346,-0.005469470593766346,PV per squared 1% relative spot move
near-KI,M0,0,asset_3,3,0.0025,0.25% spot,False,0.11803670000517741,2491452401,242366888,Delta,6.835654211943165,0.06835654211943165,PV per 1% relative spot move
near-KI,M0,0,asset_3,3,0.0025,0.25% spot,False,0.11803670000517741,2491452401,242366888,Gamma,1183.7793482800407,0.11837793482800407,PV per squared 1% relative spot move
near-KI,M0,0,asset_3,3,0.005,0.50% spot,False,0.10800439998274669,2491452401,242366888,Delta,5.21220254411503,0.0521220254411503,PV per 1% relative spot move
near-KI,M0,0,asset_3,3,0.005,0.50% spot,False,0.10800439998274669,2491452401,242366888,Gamma,266.93529945532646,0.026693529945532646,PV per squared 1% relative spot move
near-KI,M0,0,asset_3,3,0.01,1.00% spot,False,0.1150777000002563,2491452401,242366888,Delta,4.531775986821174,0.04531775986821174,PV per 1% relative spot move
near-KI,M0,0,asset_3,3,0.01,1.00% spot,False,0.1150777000002563,2491452401,242366888,Gamma,75.86976888092067,0.007586976888092067,PV per squared 1% relative spot move
near-KI,M0,0,parallel,0,0.001,0.10% parallel spot,False,0.10957719996804371,2491452401,242366888,Parallel Gamma,6956.207538593162,0.6956207538593162,PV per squared 1% parallel relative spot move
near-KI,M0,0,parallel,0,0.0025,0.25% parallel spot,False,0.12960169999860227,2491452401,242366888,Parallel Gamma,201.76594305894469,0.02017659430589447,PV per squared 1% parallel relative spot move
near-KI,M0,0,parallel,0,0.005,0.50% parallel spot,False,0.10940479999408126,2491452401,242366888,Parallel Gamma,-2079.2591527538207,-0.20792591527538207,PV per squared 1% parallel relative spot move
near-KI,M0,0,parallel,0,0.01,1.00% parallel spot,False,0.10447910003131256,2491452401,242366888,Parallel Gamma,323.58043724968866,0.032358043724968866,PV per squared 1% parallel relative spot move
near-KI,M0,0,asset_1,1,0.0025,0.25 vol points,True,0.1104904999374412,2491452401,242366888,Vega,-49.33605117294064,-0.4933605117294064,PV per 1 volatility point
near-KI,M0,0,asset_1,1,0.005,0.50 vol points,True,0.12842270004330203,2491452401,242366888,Vega,-37.81455053609193,-0.3781455053609193,PV per 1 volatility point
near-KI,M0,0,asset_1,1,0.01,1.00 vol points,True,0.12333440000656992,2491452401,242366888,Vega,-28.905558265841336,-0.28905558265841336,PV per 1 volatility point
near-KI,M0,0,asset_2,2,0.0025,0.25 vol points,False,0.10342310002306476,2491452401,242366888,Vega,-8.303841574709736,-0.08303841574709736,PV per 1 volatility point
near-KI,M0,0,asset_2,2,0.005,0.50 vol points,False,0.11866470001405105,2491452401,242366888,Vega,-7.99120734054668,-0.0799120734054668,PV per 1 volatility point
near-KI,M0,0,asset_2,2,0.01,1.00 vol points,False,0.1309120999649167,2491452401,242366888,Vega,-7.987167599750933,-0.07987167599750933,PV per 1 volatility point
near-KI,M0,0,asset_3,3,0.0025,0.25 vol points,False,0.14230219996534288,2491452401,242366888,Vega,-10.622957219223395,-0.10622957219223395,PV per 1 volatility point
near-KI,M0,0,asset_3,3,0.005,0.50 vol points,False,0.13030680001247674,2491452401,242366888,Vega,-8.91200244832362,-0.0891200244832362,PV per 1 volatility point
near-KI,M0,0,asset_3,3,0.01,1.00 vol points,False,0.11502309993375093,2491452401,242366888,Vega,-9.034069977455772,-0.09034069977455772,PV per 1 volatility point
near-KI,M0,0,parallel,0,0.0025,0.25 parallel vol points,False,0.11777840001741424,2491452401,242366888,Parallel Vega,-68.23954652141424,-0.6823954652141424,PV per 1 parallel volatility point
near-KI,M0,0,parallel,0,0.005,0.50 parallel vol points,False,0.1168154000188224,2491452401,242366888,Parallel Vega,-54.76243027337375,-0.5476243027337375,PV per 1 parallel volatility point
near-KI,M0,0,parallel,0,0.01,1.00 parallel vol points,False,0.11526150000281632,2491452401,242366888,Parallel Vega,-45.967745534699134,-0.45967745534699134,PV per 1 parallel volatility point
near-KI,M0,1,asset_1,1,0.001,0.10% spot,True,0.12073900003451854,3032680152,242366888,Delta,122.81979039176859,0.9395713964970298,PV per 1% relative spot move
near-KI,M0,1,asset_1,1,0.001,0.10% spot,True,0.12073900003451854,3032680152,242366888,Gamma,-77597.16624455946,-4.541180161547231,PV per squared 1% relative spot move
near-KI,M0,1,asset_1,1,0.0025,0.25% spot,True,0.12642069993307814,3032680152,242366888,Delta,99.3118924073172,0.7597359769159766,PV per 1% relative spot move
near-KI,M0,1,asset_1,1,0.0025,0.25% spot,True,0.12642069993307814,3032680152,242366888,Gamma,-20558.187455986037,-1.2031165253929428,PV per squared 1% relative spot move
near-KI,M0,1,asset_1,1,0.005,0.50% spot,True,0.1406501000165008,3032680152,242366888,Delta,127.13350590765198,0.9725713201935376,PV per 1% relative spot move
near-KI,M0,1,asset_1,1,0.005,0.50% spot,True,0.1406501000165008,3032680152,242366888,Gamma,-4184.0530651814515,-0.24486124550708152,PV per squared 1% relative spot move
near-KI,M0,1,asset_1,1,0.01,1.00% spot,True,0.13043919997289777,3032680152,242366888,Delta,120.72173159286693,0.923521246685432,PV per 1% relative spot move
near-KI,M0,1,asset_1,1,0.01,1.00% spot,True,0.13043919997289777,3032680152,242366888,Gamma,648.1421096860122,0.037930896614099645,PV per squared 1% relative spot move
near-KI,M0,1,asset_2,2,0.001,0.10% spot,False,0.12312530004419386,3032680152,242366888,Delta,3.8813786186366883,0.03881378618636688,PV per 1% relative spot move
near-KI,M0,1,asset_2,2,0.001,0.10% spot,False,0.12312530004419386,3032680152,242366888,Gamma,-95.57905632107122,-0.009557905632107122,PV per squared 1% relative spot move
near-KI,M0,1,asset_2,2,0.0025,0.25% spot,False,0.14938449999317527,3032680152,242366888,Delta,3.816123228003221,0.03816123228003221,PV per 1% relative spot move
near-KI,M0,1,asset_2,2,0.0025,0.25% spot,False,0.14938449999317527,3032680152,242366888,Gamma,-99.77169395142482,-0.009977169395142482,PV per squared 1% relative spot move
near-KI,M0,1,asset_2,2,0.005,0.50% spot,False,0.16358039999613538,3032680152,242366888,Delta,3.7834189420976827,0.03783418942097683,PV per 1% relative spot move
near-KI,M0,1,asset_2,2,0.005,0.50% spot,False,0.16358039999613538,3032680152,242366888,Gamma,-74.41434060865504,-0.007441434060865504,PV per squared 1% relative spot move
near-KI,M0,1,asset_2,2,0.01,1.00% spot,False,0.12916170002426952,3032680152,242366888,Delta,3.6993033817552146,0.036993033817552146,PV per 1% relative spot move
near-KI,M0,1,asset_2,2,0.01,1.00% spot,False,0.12916170002426952,3032680152,242366888,Gamma,-56.4472040042574,-0.00564472040042574,PV per squared 1% relative spot move
near-KI,M0,1,asset_3,3,0.001,0.10% spot,False,0.12629949999973178,3032680152,242366888,Delta,3.398439910846207,0.03398439910846207,PV per 1% relative spot move
near-KI,M0,1,asset_3,3,0.001,0.10% spot,False,0.12629949999973178,3032680152,242366888,Gamma,-214.43641664120605,-0.021443641664120605,PV per squared 1% relative spot move
near-KI,M0,1,asset_3,3,0.0025,0.25% spot,False,0.12870140001177788,3032680152,242366888,Delta,3.4362114025242363,0.03436211402524236,PV per 1% relative spot move
near-KI,M0,1,asset_3,3,0.0025,0.25% spot,False,0.12870140001177788,3032680152,242366888,Gamma,-82.95688102180065,-0.008295688102180065,PV per squared 1% relative spot move
near-KI,M0,1,asset_3,3,0.005,0.50% spot,False,0.17547250003553927,3032680152,242366888,Delta,3.4433239580849317,0.03443323958084932,PV per 1% relative spot move
near-KI,M0,1,asset_3,3,0.005,0.50% spot,False,0.17547250003553927,3032680152,242366888,Gamma,-80.6081129218228,-0.00806081129218228,PV per squared 1% relative spot move
near-KI,M0,1,asset_3,3,0.01,1.00% spot,False,0.14742009999463335,3032680152,242366888,Delta,3.4683832194559727,0.03468383219455973,PV per 1% relative spot move
near-KI,M0,1,asset_3,3,0.01,1.00% spot,False,0.14742009999463335,3032680152,242366888,Gamma,-59.58738961169274,-0.005958738961169274,PV per squared 1% relative spot move
near-KI,M0,1,parallel,0,0.001,0.10% parallel spot,False,0.1383983999839984,3032680152,242366888,Parallel Gamma,-45101.500074764546,-4.5101500074764544,PV per squared 1% parallel relative spot move
near-KI,M0,1,parallel,0,0.0025,0.25% parallel spot,False,0.14159780001500621,3032680152,242366888,Parallel Gamma,-11756.340542410726,-1.1756340542410726,PV per squared 1% parallel relative spot move
near-KI,M0,1,parallel,0,0.005,0.50% parallel spot,False,0.1265694000176154,3032680152,242366888,Parallel Gamma,-2285.3876774172477,-0.22853876774172477,PV per squared 1% parallel relative spot move
near-KI,M0,1,parallel,0,0.01,1.00% parallel spot,False,0.11851770005887374,3032680152,242366888,Parallel Gamma,870.3795625342536,0.08703795625342536,PV per squared 1% parallel relative spot move
near-KI,M0,1,asset_1,1,0.0025,0.25 vol points,True,0.11758200003532693,3032680152,242366888,Vega,-27.327627161582768,-0.2732762716158277,PV per 1 volatility point
near-KI,M0,1,asset_1,1,0.005,0.50 vol points,True,0.12247589998878539,3032680152,242366888,Vega,-28.32425419499316,-0.2832425419499316,PV per 1 volatility point
near-KI,M0,1,asset_1,1,0.01,1.00 vol points,True,0.12173450004775077,3032680152,242366888,Vega,-34.96110467632576,-0.3496110467632576,PV per 1 volatility point
near-KI,M0,1,asset_2,2,0.0025,0.25 vol points,False,0.1193166000302881,3032680152,242366888,Vega,-9.57161437623597,-0.0957161437623597,PV per 1 volatility point
near-KI,M0,1,asset_2,2,0.005,0.50 vol points,False,0.11305750004248694,3032680152,242366888,Vega,-9.326397500065298,-0.09326397500065298,PV per 1 volatility point
near-KI,M0,1,asset_2,2,0.01,1.00 vol points,False,0.11716409999644384,3032680152,242366888,Vega,-9.408368189590277,-0.09408368189590277,PV per 1 volatility point
near-KI,M0,1,asset_3,3,0.0025,0.25 vol points,False,0.11517840001033619,3032680152,242366888,Vega,-8.217150491319103,-0.08217150491319103,PV per 1 volatility point
near-KI,M0,1,asset_3,3,0.005,0.50 vol points,False,0.1361144000547938,3032680152,242366888,Vega,-8.271336874129531,-0.08271336874129531,PV per 1 volatility point
near-KI,M0,1,asset_3,3,0.01,1.00 vol points,False,0.11180459999013692,3032680152,242366888,Vega,-10.509708610285884,-0.10509708610285884,PV per 1 volatility point
near-KI,M0,1,parallel,0,0.0025,0.25 parallel vol points,False,0.1072458999697119,3032680152,242366888,Parallel Vega,-45.13693300906425,-0.4513693300906425,PV per 1 parallel volatility point
near-KI,M0,1,parallel,0,0.005,0.50 parallel vol points,False,0.10168420005356893,3032680152,242366888,Parallel Vega,-45.98816323561152,-0.45988163235611523,PV per 1 parallel volatility point
near-KI,M0,1,parallel,0,0.01,1.00 parallel vol points,False,0.13389979995554313,3032680152,242366888,Parallel Vega,-55.06680526394163,-0.5506680526394163,PV per 1 parallel volatility point
near-KI,M0,2,asset_1,1,0.001,0.10% spot,True,0.12796920002438128,1594336259,242366888,Delta,193.77035157843014,1.4823431895749906,PV per 1% relative spot move
near-KI,M0,2,asset_1,1,0.001,0.10% spot,True,0.12796920002438128,1594336259,242366888,Gamma,-30722.273717513013,-1.7979442636331555,PV per squared 1% relative spot move
near-KI,M0,2,asset_1,1,0.0025,0.25% spot,True,0.1178576999809593,1594336259,242366888,Delta,150.84322669078165,1.1539506841844795,PV per 1% relative spot move
near-KI,M0,2,asset_1,1,0.0025,0.25% spot,True,0.1178576999809593,1594336259,242366888,Gamma,-17793.41548716341,-1.0413151578475206,PV per squared 1% relative spot move
near-KI,M0,2,asset_1,1,0.005,0.50% spot,True,0.10687230003532022,1594336259,242366888,Delta,143.90600397983158,1.1008809304457117,PV per 1% relative spot move
near-KI,M0,2,asset_1,1,0.005,0.50% spot,True,0.10687230003532022,1594336259,242366888,Gamma,-3441.4986732768957,-0.20140510610684714,PV per squared 1% relative spot move
near-KI,M0,2,asset_1,1,0.01,1.00% spot,True,0.11806159996194765,1594336259,242366888,Delta,121.82057498071109,0.9319273986024399,PV per 1% relative spot move
near-KI,M0,2,asset_1,1,0.01,1.00% spot,True,0.11806159996194765,1594336259,242366888,Gamma,-251.7338388352175,-0.014732093583234017,PV per squared 1% relative spot move
near-KI,M0,2,asset_2,2,0.001,0.10% spot,False,0.1318001999752596,1594336259,242366888,Delta,3.336152909881207,0.03336152909881207,PV per 1% relative spot move
near-KI,M0,2,asset_2,2,0.001,0.10% spot,False,0.1318001999752596,1594336259,242366888,Gamma,2.8421709430404007e-08,2.8421709430404007e-12,PV per squared 1% relative spot move
near-KI,M0,2,asset_2,2,0.0025,0.25% spot,False,0.11014499998418614,1594336259,242366888,Delta,3.3361529098840492,0.03336152909884049,PV per 1% relative spot move
near-KI,M0,2,asset_2,2,0.0025,0.25% spot,False,0.11014499998418614,1594336259,242366888,Gamma,4.547473508864641e-09,4.547473508864641e-13,PV per squared 1% relative spot move
near-KI,M0,2,asset_2,2,0.005,0.50% spot,False,0.10784890002105385,1594336259,242366888,Delta,3.370187318103035,0.03370187318103035,PV per 1% relative spot move
near-KI,M0,2,asset_2,2,0.005,0.50% spot,False,0.10784890002105385,1594336259,242366888,Gamma,-23.254543270923023,-0.0023254543270923023,PV per squared 1% relative spot move
near-KI,M0,2,asset_2,2,0.01,1.00% spot,False,0.1153997000074014,1594336259,242366888,Delta,3.629810604338246,0.03629810604338246,PV per 1% relative spot move
near-KI,M0,2,asset_2,2,0.01,1.00% spot,False,0.1153997000074014,1594336259,242366888,Gamma,-78.42606443730915,-0.007842606443730915,PV per squared 1% relative spot move
near-KI,M0,2,asset_3,3,0.001,0.10% spot,False,0.12707569997292012,1594336259,242366888,Delta,2.8526322149531325,0.028526322149531325,PV per 1% relative spot move
near-KI,M0,2,asset_3,3,0.001,0.10% spot,False,0.12707569997292012,1594336259,242366888,Gamma,2.8421709430404007e-08,2.8421709430404007e-12,PV per squared 1% relative spot move
near-KI,M0,2,asset_3,3,0.0025,0.25% spot,False,0.12198019993957132,1594336259,242366888,Delta,5.2789220968492145,0.052789220968492145,PV per 1% relative spot move
near-KI,M0,2,asset_3,3,0.0025,0.25% spot,False,0.12198019993957132,1594336259,242366888,Gamma,1910.055496671248,0.1910055496671248,PV per squared 1% relative spot move
near-KI,M0,2,asset_3,3,0.005,0.50% spot,False,0.11922260001301765,1594336259,242366888,Delta,3.6251552759139827,0.03625155275913983,PV per 1% relative spot move
near-KI,M0,2,asset_3,3,0.005,0.50% spot,False,0.11922260001301765,1594336259,242366888,Gamma,609.5737369020071,0.06095737369020071,PV per squared 1% relative spot move
near-KI,M0,2,asset_3,3,0.01,1.00% spot,False,0.12381660006940365,1594336259,242366888,Delta,5.419336711339895,0.05419336711339895,PV per 1% relative spot move
near-KI,M0,2,asset_3,3,0.01,1.00% spot,False,0.12381660006940365,1594336259,242366888,Gamma,549.8129902508708,0.05498129902508708,PV per squared 1% relative spot move
near-KI,M0,2,parallel,0,0.001,0.10% parallel spot,False,0.11751990002812818,1594336259,242366888,Parallel Gamma,-17979.442636331554,-1.7979442636331555,PV per squared 1% parallel relative spot move
near-KI,M0,2,parallel,0,0.0025,0.25% parallel spot,False,0.12046250002458692,1594336259,242366888,Parallel Gamma,-8472.218840422556,-0.8472218840422556,PV per squared 1% parallel relative spot move
near-KI,M0,2,parallel,0,0.005,0.50% parallel spot,False,0.12717210000846535,1594336259,242366888,Parallel Gamma,-1365.251708880919,-0.1365251708880919,PV per squared 1% parallel relative spot move
near-KI,M0,2,parallel,0,0.01,1.00% parallel spot,False,0.12457929999800399,1594336259,242366888,Parallel Gamma,378.4037497254644,0.03784037497254644,PV per squared 1% parallel relative spot move
near-KI,M0,2,asset_1,1,0.0025,0.25 vol points,True,0.11453460005577654,1594336259,242366888,Vega,-33.01477060445279,-0.3301477060445279,PV per 1 volatility point
near-KI,M0,2,asset_1,1,0.005,0.50 vol points,True,0.12918930005980656,1594336259,242366888,Vega,-34.82983669755555,-0.3482983669755555,PV per 1 volatility point
near-KI,M0,2,asset_1,1,0.01,1.00 vol points,True,0.12160820001736283,1594336259,242366888,Vega,-37.78190560518553,-0.3778190560518553,PV per 1 volatility point
near-KI,M0,2,asset_2,2,0.0025,0.25 vol points,False,0.1350321999634616,1594336259,242366888,Vega,-9.016634010060898,-0.09016634010060898,PV per 1 volatility point
near-KI,M0,2,asset_2,2,0.005,0.50 vol points,False,0.12636880000354722,1594336259,242366888,Vega,-9.14972158934404,-0.0914972158934404,PV per 1 volatility point
near-KI,M0,2,asset_2,2,0.01,1.00 vol points,False,0.12002680002478883,1594336259,242366888,Vega,-9.462583785470713,-0.09462583785470713,PV per 1 volatility point
near-KI,M0,2,asset_3,3,0.0025,0.25 vol points,False,0.11018710001371801,1594336259,242366888,Vega,-7.76803244741302,-0.0776803244741302,PV per 1 volatility point
near-KI,M0,2,asset_3,3,0.005,0.50 vol points,False,0.11243009997997433,1594336259,242366888,Vega,-10.970697593297984,-0.10970697593297984,PV per 1 volatility point
near-KI,M0,2,asset_3,3,0.01,1.00 vol points,False,0.10692799999378622,1594336259,242366888,Vega,-8.723702309951165,-0.08723702309951165,PV per 1 volatility point
near-KI,M0,2,parallel,0,0.0025,0.25 parallel vol points,False,0.11863829998765141,1594336259,242366888,Parallel Vega,-49.74117042649766,-0.4974117042649766,PV per 1 parallel volatility point
near-KI,M0,2,parallel,0,0.005,0.50 parallel vol points,False,0.11432170000625774,1594336259,242366888,Parallel Vega,-54.83326549614134,-0.5483326549614134,PV per 1 parallel volatility point
near-KI,M0,2,parallel,0,0.01,1.00 parallel vol points,False,0.11886490002507344,1594336259,242366888,Parallel Vega,-55.52369711034899,-0.5552369711034899,PV per 1 parallel volatility point
near-KI,M0,3,asset_1,1,0.001,0.10% spot,True,0.13837130001047626,3029087189,242366888,Delta,129.16181403896186,0.9880878773980583,PV per 1% relative spot move
near-KI,M0,3,asset_1,1,0.001,0.10% spot,True,0.13837130001047626,3029087189,242366888,Gamma,-100769.86841961213,-5.897304624586751,PV per squared 1% relative spot move
near-KI,M0,3,asset_1,1,0.0025,0.25% spot,True,0.13629709993256256,3029087189,242366888,Delta,125.25808972253162,0.958224386377367,PV per 1% relative spot move
near-KI,M0,3,asset_1,1,0.0025,0.25% spot,True,0.13629709993256256,3029087189,242366888,Gamma,-32577.786323202403,-1.9065335000996126,PV per squared 1% relative spot move
near-KI,M0,3,asset_1,1,0.005,0.50% spot,True,0.12886390002677217,3029087189,242366888,Delta,116.58213605494177,0.8918533408203045,PV per 1% relative spot move
near-KI,M0,3,asset_1,1,0.005,0.50% spot,True,0.12886390002677217,3029087189,242366888,Gamma,-11262.324457966746,-0.6590993830913588,PV per squared 1% relative spot move
near-KI,M0,3,asset_1,1,0.01,1.00% spot,True,0.12557670002570376,3029087189,242366888,Delta,98.90253395130566,0.7566043847274883,PV per 1% relative spot move
near-KI,M0,3,asset_1,1,0.01,1.00% spot,True,0.12557670002570376,3029087189,242366888,Gamma,-2459.8233317554354,-0.14395501093265747,PV per squared 1% relative spot move
near-KI,M0,3,asset_2,2,0.001,0.10% spot,False,0.12852249993011355,3029087189,242366888,Delta,3.22022453880777,0.0322022453880777,PV per 1% relative spot move
near-KI,M0,3,asset_2,2,0.001,0.10% spot,False,0.12852249993011355,3029087189,242366888,Gamma,-103.11598350654094,-0.010311598350654094,PV per squared 1% relative spot move
near-KI,M0,3,asset_2,2,0.0025,0.25% spot,False,0.13160240004071966,3029087189,242366888,Delta,3.2265306114481973,0.03226530611448197,PV per 1% relative spot move
near-KI,M0,3,asset_2,2,0.0025,0.25% spot,False,0.13160240004071966,3029087189,242366888,Gamma,-46.29125151950575,-0.004629125151950575,PV per squared 1% relative spot move
near-KI,M0,3,asset_2,2,0.005,0.50% spot,False,0.13116739998804405,3029087189,242366888,Delta,3.2107271833694995,0.032107271833694995,PV per 1% relative spot move
near-KI,M0,3,asset_2,2,0.005,0.50% spot,False,0.13116739998804405,3029087189,242366888,Gamma,-34.34372047195211,-0.003434372047195211,PV per squared 1% relative spot move
near-KI,M0,3,asset_2,2,0.01,1.00% spot,False,0.14485949999652803,3029087189,242366888,Delta,3.207690664171281,0.03207690664171281,PV per 1% relative spot move
near-KI,M0,3,asset_2,2,0.01,1.00% spot,False,0.14485949999652803,3029087189,242366888,Gamma,-47.57953071461429,-0.004757953071461429,PV per squared 1% relative spot move
near-KI,M0,3,asset_3,3,0.001,0.10% spot,False,0.21724289999110624,3029087189,242366888,Delta,7.2488102060361825,0.07248810206036183,PV per 1% relative spot move
near-KI,M0,3,asset_3,3,0.001,0.10% spot,False,0.21724289999110624,3029087189,242366888,Gamma,7797.860213941021,0.7797860213941021,PV per squared 1% relative spot move
near-KI,M0,3,asset_3,3,0.0025,0.25% spot,False,0.16571199998725206,3029087189,242366888,Delta,4.8913029317390055,0.048913029317390055,PV per 1% relative spot move
near-KI,M0,3,asset_3,3,0.0025,0.25% spot,False,0.16571199998725206,3029087189,242366888,Gamma,1208.0957057673913,0.12080957057673913,PV per squared 1% relative spot move
near-KI,M0,3,asset_3,3,0.005,0.50% spot,False,0.11727099999552593,3029087189,242366888,Delta,4.10190759708513,0.041019075970851304,PV per 1% relative spot move
near-KI,M0,3,asset_3,3,0.005,0.50% spot,False,0.11727099999552593,3029087189,242366888,Gamma,270.1087165547733,0.02701087165547733,PV per squared 1% relative spot move
near-KI,M0,3,asset_3,3,0.01,1.00% spot,False,0.13526110001839697,3029087189,242366888,Delta,3.7299717050323977,0.03729971705032398,PV per 1% relative spot move
near-KI,M0,3,asset_3,3,0.01,1.00% spot,False,0.13526110001839697,3029087189,242366888,Gamma,31.420714586118947,0.0031420714586118947,PV per squared 1% relative spot move
near-KI,M0,3,parallel,0,0.001,0.10% parallel spot,False,0.16201879997970536,3029087189,242366888,Parallel Gamma,-51087.85384096848,-5.108785384096848,PV per squared 1% parallel relative spot move
near-KI,M0,3,parallel,0,0.0025,0.25% parallel spot,False,0.24891580000985414,3029087189,242366888,Parallel Gamma,-17756.57057965418,-1.775657057965418,PV per squared 1% parallel relative spot move
near-KI,M0,3,parallel,0,0.005,0.50% parallel spot,False,0.2819999000057578,3029087189,242366888,Parallel Gamma,-6226.637829394122,-0.6226637829394122,PV per squared 1% parallel relative spot move
near-KI,M0,3,parallel,0,0.01,1.00% parallel spot,False,0.17063080007210374,3029087189,242366888,Parallel Gamma,-1289.9978315195426,-0.12899978315195426,PV per squared 1% parallel relative spot move
near-KI,M0,3,asset_1,1,0.0025,0.25 vol points,True,0.1500765000237152,3029087189,242366888,Vega,-53.321129183675,-0.53321129183675,PV per 1 volatility point
near-KI,M0,3,asset_1,1,0.005,0.50 vol points,True,0.1435355999856256,3029087189,242366888,Vega,-49.48716682104504,-0.49487166821045037,PV per 1 volatility point
near-KI,M0,3,asset_1,1,0.01,1.00 vol points,True,0.14137540000956506,3029087189,242366888,Vega,-49.08481495520647,-0.4908481495520647,PV per 1 volatility point
near-KI,M0,3,asset_2,2,0.0025,0.25 vol points,False,0.13780329999281093,3029087189,242366888,Vega,-9.05047558800618,-0.0905047558800618,PV per 1 volatility point
near-KI,M0,3,asset_2,2,0.005,0.50 vol points,False,0.12603170005604625,3029087189,242366888,Vega,-8.947958062586281,-0.08947958062586281,PV per 1 volatility point
near-KI,M0,3,asset_2,2,0.01,1.00 vol points,False,0.12974370003212243,3029087189,242366888,Vega,-9.224047425211523,-0.09224047425211523,PV per 1 volatility point
near-KI,M0,3,asset_3,3,0.0025,0.25 vol points,False,0.1217923000222072,3029087189,242366888,Vega,-9.414844638158115,-0.09414844638158115,PV per 1 volatility point
near-KI,M0,3,asset_3,3,0.005,0.50 vol points,False,0.1304670000099577,3029087189,242366888,Vega,-8.662145543077315,-0.08662145543077315,PV per 1 volatility point
near-KI,M0,3,asset_3,3,0.01,1.00 vol points,False,0.16797569999471307,3029087189,242366888,Vega,-8.334600928989744,-0.08334600928989744,PV per 1 volatility point
near-KI,M0,3,parallel,0,0.0025,0.25 parallel vol points,False,0.12643519998528063,3029087189,242366888,Parallel Vega,-71.81823487971712,-0.7181823487971712,PV per 1 parallel volatility point
near-KI,M0,3,parallel,0,0.005,0.50 parallel vol points,False,0.12426499999128282,3029087189,242366888,Parallel Vega,-67.11047020070993,-0.6711047020070993,PV per 1 parallel volatility point
near-KI,M0,3,parallel,0,0.01,1.00 parallel vol points,False,0.12573969998629764,3029087189,242366888,Parallel Vega,-66.95096107054184,-0.6695096107054184,PV per 1 parallel volatility point
near-KI,M3,0,asset_1,1,0.001,0.10% spot,True,1.1064484000089578,2847378271,3586461459,Delta,91.01400099610248,0.696257107620184,PV per 1% relative spot move
near-KI,M3,0,asset_1,1,0.001,0.10% spot,True,1.1064484000089578,2847378271,3586461459,Gamma,-6633.611291626768,-0.3882155168142276,PV per squared 1% relative spot move
near-KI,M3,0,asset_1,1,0.0025,0.25% spot,True,1.04352290002862,2847378271,3586461459,Delta,112.44706121728727,0.8602200183122477,PV per 1% relative spot move
near-KI,M3,0,asset_1,1,0.0025,0.25% spot,True,1.04352290002862,2847378271,3586461459,Gamma,-7326.8903849821545,-0.42878794255511815,PV per squared 1% relative spot move
near-KI,M3,0,asset_1,1,0.005,0.50% spot,True,1.0956884000333957,2847378271,3586461459,Delta,110.52226410219617,0.8454953203818008,PV per 1% relative spot move
near-KI,M3,0,asset_1,1,0.005,0.50% spot,True,1.0956884000333957,2847378271,3586461459,Gamma,-1889.348396165854,-0.11056939151461619,PV per squared 1% relative spot move
near-KI,M3,0,asset_1,1,0.01,1.00% spot,True,1.1251221999991685,2847378271,3586461459,Delta,104.49995549295159,0.7994246595210797,PV per 1% relative spot move
near-KI,M3,0,asset_1,1,0.01,1.00% spot,True,1.1251221999991685,2847378271,3586461459,Gamma,-147.90669960210784,-0.008655869827464356,PV per squared 1% relative spot move
near-KI,M3,0,asset_2,2,0.001,0.10% spot,False,1.0163018999737687,2847378271,3586461459,Delta,6.331397643180026,0.06331397643180026,PV per 1% relative spot move
near-KI,M3,0,asset_2,2,0.001,0.10% spot,False,1.0163018999737687,2847378271,3586461459,Gamma,3792.6843393165655,0.37926843393165655,PV per squared 1% relative spot move
near-KI,M3,0,asset_2,2,0.0025,0.25% spot,False,1.067121899977792,2847378271,3586461459,Delta,5.102819647152046,0.05102819647152046,PV per 1% relative spot move
near-KI,M3,0,asset_2,2,0.0025,0.25% spot,False,1.067121899977792,2847378271,3586461459,Gamma,502.9681024097954,0.05029681024097954,PV per squared 1% relative spot move
near-KI,M3,0,asset_2,2,0.005,0.50% spot,False,1.0505561000318266,2847378271,3586461459,Delta,4.723232432883151,0.04723232432883151,PV per 1% relative spot move
near-KI,M3,0,asset_2,2,0.005,0.50% spot,False,1.0505561000318266,2847378271,3586461459,Gamma,69.83365819905885,0.0069833658199058846,PV per squared 1% relative spot move
near-KI,M3,0,asset_2,2,0.01,1.00% spot,False,1.150287099997513,2847378271,3586461459,Delta,4.760058024388059,0.047600580243880586,PV per 1% relative spot move
near-KI,M3,0,asset_2,2,0.01,1.00% spot,False,1.150287099997513,2847378271,3586461459,Gamma,-56.43378719497605,-0.005643378719497605,PV per squared 1% relative spot move
near-KI,M3,0,asset_3,3,0.001,0.10% spot,False,1.0310465000220574,2847378271,3586461459,Delta,4.1710662693859035,0.041710662693859035,PV per 1% relative spot move
near-KI,M3,0,asset_3,3,0.001,0.10% spot,False,1.0310465000220574,2847378271,3586461459,Gamma,-43.453810079086,-0.0043453810079086,PV per squared 1% relative spot move
near-KI,M3,0,asset_3,3,0.0025,0.25% spot,False,1.0284542999579571,2847378271,3586461459,Delta,4.185096445323211,0.04185096445323211,PV per 1% relative spot move
near-KI,M3,0,asset_3,3,0.0025,0.25% spot,False,1.0284542999579571,2847378271,3586461459,Gamma,-126.3540580089284,-0.01263540580089284,PV per squared 1% relative spot move
near-KI,M3,0,asset_3,3,0.005,0.50% spot,False,1.024139799992554,2847378271,3586461459,Delta,4.18295089434082,0.0418295089434082,PV per 1% relative spot move
near-KI,M3,0,asset_3,3,0.005,0.50% spot,False,1.024139799992554,2847378271,3586461459,Gamma,-83.98931750434713,-0.008398931750434713,PV per squared 1% relative spot move
near-KI,M3,0,asset_3,3,0.01,1.00% spot,False,1.0864911999669857,2847378271,3586461459,Delta,4.501246381294521,0.045012463812945214,PV per 1% relative spot move
near-KI,M3,0,asset_3,3,0.01,1.00% spot,False,1.0864911999669857,2847378271,3586461459,Gamma,16.084462143481915,0.0016084462143481915,PV per squared 1% relative spot move
near-KI,M3,0,parallel,0,0.001,0.10% parallel spot,False,1.0458497999352403,2847378271,3586461459,Parallel Gamma,247.16603827812378,0.024716603827812378,PV per squared 1% parallel relative spot move
near-KI,M3,0,parallel,0,0.0025,0.25% parallel spot,False,1.0714487999211997,2847378271,3586461459,Parallel Gamma,-3443.897067720627,-0.3443897067720627,PV per squared 1% parallel relative spot move
near-KI,M3,0,parallel,0,0.005,0.50% parallel spot,False,1.075621800031513,2847378271,3586461459,Parallel Gamma,-797.0743137923364,-0.07970743137923364,PV per squared 1% parallel relative spot move
near-KI,M3,0,parallel,0,0.01,1.00% parallel spot,False,1.079408399935346,2847378271,3586461459,Parallel Gamma,186.60596297976895,0.018660596297976895,PV per squared 1% parallel relative spot move
near-KI,M3,0,asset_1,1,0.0025,0.25 vol points,True,1.1334827999817207,2847378271,3586461459,Vega,-43.5104050888242,-0.435104050888242,PV per 1 volatility point
near-KI,M3,0,asset_1,1,0.005,0.50 vol points,True,1.1860361999715678,2847378271,3586461459,Vega,-45.774122225773795,-0.45774122225773795,PV per 1 volatility point
near-KI,M3,0,asset_1,1,0.01,1.00 vol points,True,1.223429000005126,2847378271,3586461459,Vega,-43.05367800368032,-0.4305367800368032,PV per 1 volatility point
near-KI,M3,0,asset_2,2,0.0025,0.25 vol points,False,1.2011054000467993,2847378271,3586461459,Vega,-11.54324881241564,-0.11543248812415641,PV per 1 volatility point
near-KI,M3,0,asset_2,2,0.005,0.50 vol points,False,1.0967226999928243,2847378271,3586461459,Vega,-11.157242553640856,-0.11157242553640856,PV per 1 volatility point
near-KI,M3,0,asset_2,2,0.01,1.00 vol points,False,1.063623900001403,2847378271,3586461459,Vega,-11.222600979412078,-0.11222600979412078,PV per 1 volatility point
near-KI,M3,0,asset_3,3,0.0025,0.25 vol points,False,1.009468000032939,2847378271,3586461459,Vega,-8.034258485281498,-0.08034258485281498,PV per 1 volatility point
near-KI,M3,0,asset_3,3,0.005,0.50 vol points,False,1.0004024999798276,2847378271,3586461459,Vega,-9.243533929101488,-0.09243533929101488,PV per 1 volatility point
near-KI,M3,0,asset_3,3,0.01,1.00 vol points,False,0.9943385999067686,2847378271,3586461459,Vega,-9.048352304354523,-0.09048352304354523,PV per 1 volatility point
near-KI,M3,0,parallel,0,0.0025,0.25 parallel vol points,False,0.9898996000410989,2847378271,3586461459,Parallel Vega,-63.14743234385958,-0.6314743234385958,PV per 1 parallel volatility point
near-KI,M3,0,parallel,0,0.005,0.50 parallel vol points,False,1.0268703000620008,2847378271,3586461459,Parallel Vega,-66.5191281763768,-0.665191281763768,PV per 1 parallel volatility point
near-KI,M3,0,parallel,0,0.01,1.00 parallel vol points,False,1.0294781000120565,2847378271,3586461459,Parallel Vega,-63.4076217543857,-0.634076217543857,PV per 1 parallel volatility point
near-KI,M3,1,asset_1,1,0.001,0.10% spot,True,1.0061685999971814,4179773495,3586461459,Delta,74.65942867389573,0.5711446293553023,PV per 1% relative spot move
near-KI,M3,1,asset_1,1,0.001,0.10% spot,True,1.0061685999971814,4179773495,3586461459,Gamma,13997.620882865134,0.819175768117475,PV per squared 1% relative spot move
near-KI,M3,1,asset_1,1,0.0025,0.25% spot,True,0.9914613000000827,4179773495,3586461459,Delta,81.2941255411956,0.6219000603901463,PV per 1% relative spot move
near-KI,M3,1,asset_1,1,0.0025,0.25% spot,True,0.9914613000000827,4179773495,3586461459,Gamma,-11520.472575596019,-0.674206856305318,PV per squared 1% relative spot move
near-KI,M3,1,asset_1,1,0.005,0.50% spot,True,1.0044783999910578,4179773495,3586461459,Delta,84.2828542832568,0.6447638352669145,PV per 1% relative spot move
near-KI,M3,1,asset_1,1,0.005,0.50% spot,True,1.0044783999910578,4179773495,3586461459,Gamma,-5735.186800187678,-0.3356374695139834,PV per squared 1% relative spot move
near-KI,M3,1,asset_1,1,0.01,1.00% spot,True,0.985086600005161,4179773495,3586461459,Delta,85.94840669461671,0.6575053112138178,PV per 1% relative spot move
near-KI,M3,1,asset_1,1,0.01,1.00% spot,True,0.985086600005161,4179773495,3586461459,Gamma,-2903.304266643843,-0.1699086239446643,PV per squared 1% relative spot move
near-KI,M3,1,asset_2,2,0.001,0.10% spot,False,0.9888498000218533,4179773495,3586461459,Delta,2.436397327898021,0.02436397327898021,PV per 1% relative spot move
near-KI,M3,1,asset_2,2,0.001,0.10% spot,False,0.9888498000218533,4179773495,3586461459,Gamma,-0.2940914214377699,-2.940914214377699e-05,PV per squared 1% relative spot move
near-KI,M3,1,asset_2,2,0.0025,0.25% spot,False,0.9948463999899104,4179773495,3586461459,Delta,2.4364323539543875,0.024364323539543875,PV per 1% relative spot move
near-KI,M3,1,asset_2,2,0.0025,0.25% spot,False,0.9948463999899104,4179773495,3586461459,Gamma,-0.3014606045326218,-3.014606045326218e-05,PV per squared 1% relative spot move
near-KI,M3,1,asset_2,2,0.005,0.50% spot,False,1.0054140000138432,4179773495,3586461459,Delta,3.1909751845773826,0.031909751845773826,PV per 1% relative spot move
near-KI,M3,1,asset_2,2,0.005,0.50% spot,False,1.0054140000138432,4179773495,3586461459,Gamma,298.19807483818295,0.029819807483818295,PV per squared 1% relative spot move
near-KI,M3,1,asset_2,2,0.01,1.00% spot,False,1.0217699999921024,4179773495,3586461459,Delta,2.843951268317113,0.02843951268317113,PV per 1% relative spot move
near-KI,M3,1,asset_2,2,0.01,1.00% spot,False,1.0217699999921024,4179773495,3586461459,Gamma,49.46709167839458,0.004946709167839458,PV per squared 1% relative spot move
near-KI,M3,1,asset_3,3,0.001,0.10% spot,False,1.0073277999763377,4179773495,3586461459,Delta,3.658701727566438,0.03658701727566438,PV per 1% relative spot move
near-KI,M3,1,asset_3,3,0.001,0.10% spot,False,1.0073277999763377,4179773495,3586461459,Gamma,-345.6143326303618,-0.03456143326303618,PV per squared 1% relative spot move
near-KI,M3,1,asset_3,3,0.0025,0.25% spot,False,1.0017742000054568,4179773495,3586461459,Delta,3.710954508366626,0.03710954508366626,PV per 1% relative spot move
near-KI,M3,1,asset_3,3,0.0025,0.25% spot,False,1.0017742000054568,4179773495,3586461459,Gamma,-239.94044442360973,-0.023994044442360973,PV per squared 1% relative spot move
near-KI,M3,1,asset_3,3,0.005,0.50% spot,False,1.314007400011178,4179773495,3586461459,Delta,4.721585336211831,0.04721585336211831,PV per 1% relative spot move
near-KI,M3,1,asset_3,3,0.005,0.50% spot,False,1.314007400011178,4179773495,3586461459,Gamma,405.60470942239135,0.040560470942239135,PV per squared 1% relative spot move
near-KI,M3,1,asset_3,3,0.01,1.00% spot,False,1.3350520000094548,4179773495,3586461459,Delta,4.984706541642936,0.04984706541642936,PV per 1% relative spot move
near-KI,M3,1,asset_3,3,0.01,1.00% spot,False,1.3350520000094548,4179773495,3586461459,Gamma,-38.99626950982338,-0.003899626950982338,PV per squared 1% relative spot move
near-KI,M3,1,parallel,0,0.001,0.10% parallel spot,False,1.3200237000128254,4179773495,3586461459,Parallel Gamma,8529.791482672523,0.8529791482672523,PV per squared 1% parallel relative spot move
near-KI,M3,1,parallel,0,0.0025,0.25% parallel spot,False,1.299544200010132,4179773495,3586461459,Parallel Gamma,-6509.652755660227,-0.6509652755660227,PV per squared 1% parallel relative spot move
near-KI,M3,1,parallel,0,0.005,0.50% parallel spot,False,1.3006647999864072,4179773495,3586461459,Parallel Gamma,-2317.6644019179093,-0.23176644019179093,PV per squared 1% parallel relative spot move
near-KI,M3,1,parallel,0,0.01,1.00% parallel spot,False,1.3039694000035524,4179773495,3586461459,Parallel Gamma,-1433.2115411311008,-0.14332115411311008,PV per squared 1% parallel relative spot move
near-KI,M3,1,asset_1,1,0.0025,0.25 vol points,True,1.2489359000464901,4179773495,3586461459,Vega,-33.56738341731216,-0.3356738341731216,PV per 1 volatility point
near-KI,M3,1,asset_1,1,0.005,0.50 vol points,True,1.3108762000338174,4179773495,3586461459,Vega,-35.00964344262201,-0.35009643442622007,PV per 1 volatility point
near-KI,M3,1,asset_1,1,0.01,1.00 vol points,True,1.3248693999485113,4179773495,3586461459,Vega,-36.846078094192336,-0.36846078094192336,PV per 1 volatility point
near-KI,M3,1,asset_2,2,0.0025,0.25 vol points,False,1.2758033000282012,4179773495,3586461459,Vega,-7.8615572595339245,-0.07861557259533924,PV per 1 volatility point
near-KI,M3,1,asset_2,2,0.005,0.50 vol points,False,1.3153990999562666,4179773495,3586461459,Vega,-7.148522891037601,-0.07148522891037601,PV per 1 volatility point
near-KI,M3,1,asset_2,2,0.01,1.00 vol points,False,1.3127360999933444,4179773495,3586461459,Vega,-6.94245234003219,-0.0694245234003219,PV per 1 volatility point
near-KI,M3,1,asset_3,3,0.0025,0.25 vol points,False,1.385232599976007,4179773495,3586461459,Vega,-8.225474899430196,-0.08225474899430196,PV per 1 volatility point
near-KI,M3,1,asset_3,3,0.005,0.50 vol points,False,1.3126008000108413,4179773495,3586461459,Vega,-10.467967398498956,-0.10467967398498956,PV per 1 volatility point
near-KI,M3,1,asset_3,3,0.01,1.00 vol points,False,1.3820093999966048,4179773495,3586461459,Vega,-9.399855778343635,-0.09399855778343635,PV per 1 volatility point
near-KI,M3,1,parallel,0,0.0025,0.25 parallel vol points,False,1.3285443999920972,4179773495,3586461459,Parallel Vega,-49.69640378936333,-0.4969640378936333,PV per 1 parallel volatility point
near-KI,M3,1,parallel,0,0.005,0.50 parallel vol points,False,1.2996786999865435,4179773495,3586461459,Parallel Vega,-52.66861066548927,-0.5266861066548927,PV per 1 parallel volatility point
near-KI,M3,1,parallel,0,0.01,1.00 parallel vol points,False,1.2526910999440588,4179773495,3586461459,Parallel Vega,-53.252075764910956,-0.5325207576491096,PV per 1 parallel volatility point
near-KI,M3,2,asset_1,1,0.001,0.10% spot,True,1.2707848999998532,463206692,3586461459,Delta,126.92115837651933,0.9709468615803729,PV per 1% relative spot move
near-KI,M3,2,asset_1,1,0.001,0.10% spot,True,1.2707848999998532,463206692,3586461459,Gamma,-93022.52157369751,-5.443910518796712,PV per squared 1% relative spot move
near-KI,M3,2,asset_1,1,0.0025,0.25% spot,True,1.2803645000094548,463206692,3586461459,Delta,111.60008849181177,0.8537406769623601,PV per 1% relative spot move
near-KI,M3,2,asset_1,1,0.0025,0.25% spot,True,1.2803645000094548,463206692,3586461459,Gamma,-14861.61633342408,-0.8697389418728106,PV per squared 1% relative spot move
near-KI,M3,2,asset_1,1,0.005,0.50% spot,True,1.2934997000265867,463206692,3586461459,Delta,98.13971057033635,0.750768785863073,PV per 1% relative spot move
near-KI,M3,2,asset_1,1,0.005,0.50% spot,True,1.2934997000265867,463206692,3586461459,Gamma,-5326.858802523833,-0.311741094270701,PV per squared 1% relative spot move
near-KI,M3,2,asset_1,1,0.01,1.00% spot,True,1.2332820000010543,463206692,3586461459,Delta,96.25669129838519,0.7363636884326468,PV per 1% relative spot move
near-KI,M3,2,asset_1,1,0.01,1.00% spot,True,1.2332820000010543,463206692,3586461459,Gamma,-2920.6638470900343,-0.17092454999132653,PV per squared 1% relative spot move
near-KI,M3,2,asset_2,2,0.001,0.10% spot,False,1.251197199919261,463206692,3586461459,Delta,3.268352670623642,0.03268352670623642,PV per 1% relative spot move
near-KI,M3,2,asset_2,2,0.001,0.10% spot,False,1.251197199919261,463206692,3586461459,Gamma,-0.42412908385358605,-4.2412908385358605e-05,PV per squared 1% relative spot move
near-KI,M3,2,asset_2,2,0.0025,0.25% spot,False,1.2746073000598699,463206692,3586461459,Delta,4.056817296572035,0.04056817296572035,PV per 1% relative spot move
near-KI,M3,2,asset_2,2,0.0025,0.25% spot,False,1.2746073000598699,463206692,3586461459,Gamma,630.2946112691643,0.06302946112691643,PV per squared 1% relative spot move
near-KI,M3,2,asset_2,2,0.005,0.50% spot,False,1.3364327999879606,463206692,3586461459,Delta,3.6672712023388954,0.036672712023388954,PV per 1% relative spot move
near-KI,M3,2,asset_2,2,0.005,0.50% spot,False,1.3364327999879606,463206692,3586461459,Gamma,135.33569893695585,0.013533569893695585,PV per squared 1% relative spot move
near-KI,M3,2,asset_2,2,0.01,1.00% spot,False,1.2816864000051282,463206692,3586461459,Delta,3.830209529512274,0.03830209529512274,PV per 1% relative spot move
near-KI,M3,2,asset_2,2,0.01,1.00% spot,False,1.2816864000051282,463206692,3586461459,Gamma,-70.10738481397993,-0.007010738481397993,PV per squared 1% relative spot move
near-KI,M3,2,asset_3,3,0.001,0.10% spot,False,1.271062699961476,463206692,3586461459,Delta,3.6269253250509337,0.03626925325050934,PV per 1% relative spot move
near-KI,M3,2,asset_3,3,0.001,0.10% spot,False,1.271062699961476,463206692,3586461459,Gamma,-0.278816685295169,-2.78816685295169e-05,PV per squared 1% relative spot move
near-KI,M3,2,asset_3,3,0.0025,0.25% spot,False,1.296564500022214,463206692,3586461459,Delta,3.6350958049041537,0.03635095804904154,PV per 1% relative spot move
near-KI,M3,2,asset_3,3,0.0025,0.25% spot,False,1.296564500022214,463206692,3586461459,Gamma,-6.770653883449995,-0.0006770653883449995,PV per squared 1% relative spot move
near-KI,M3,2,asset_3,3,0.005,0.50% spot,False,1.2788247000426054,463206692,3586461459,Delta,4.048574214638734,0.04048574214638734,PV per 1% relative spot move
near-KI,M3,2,asset_3,3,0.005,0.50% spot,False,1.2788247000426054,463206692,3586461459,Gamma,-196.33608561093752,-0.01963360856109375,PV per squared 1% relative spot move
near-KI,M3,2,asset_3,3,0.01,1.00% spot,False,1.3435611000168137,463206692,3586461459,Delta,3.876895696198801,0.03876895696198801,PV per 1% relative spot move
near-KI,M3,2,asset_3,3,0.01,1.00% spot,False,1.3435611000168137,463206692,3586461459,Gamma,-82.65626741916776,-0.008265626741916776,PV per squared 1% relative spot move
near-KI,M3,2,parallel,0,0.001,0.10% parallel spot,False,1.2637289999402128,463206692,3586461459,Parallel Gamma,-54443.131182438265,-5.4443131182438265,PV per squared 1% parallel relative spot move
near-KI,M3,2,parallel,0,0.0025,0.25% parallel spot,False,1.2650996000156738,463206692,3586461459,Parallel Gamma,-8062.001001489989,-0.8062001001489989,PV per squared 1% parallel relative spot move
near-KI,M3,2,parallel,0,0.005,0.50% parallel spot,False,1.2466558999731205,463206692,3586461459,Parallel Gamma,-3066.8313315868545,-0.30668313315868545,PV per squared 1% parallel relative spot move
near-KI,M3,2,parallel,0,0.01,1.00% parallel spot,False,1.2792915999889374,463206692,3586461459,Parallel Gamma,-1677.4543411055731,-0.1677454341105573,PV per squared 1% parallel relative spot move
near-KI,M3,2,asset_1,1,0.0025,0.25 vol points,True,1.3147526000393555,463206692,3586461459,Vega,-38.90222040409128,-0.3890222040409128,PV per 1 volatility point
near-KI,M3,2,asset_1,1,0.005,0.50 vol points,True,1.3473169000353664,463206692,3586461459,Vega,-36.74660270117158,-0.3674660270117158,PV per 1 volatility point
near-KI,M3,2,asset_1,1,0.01,1.00 vol points,True,1.312800299958326,463206692,3586461459,Vega,-31.112956877132802,-0.311129568771328,PV per 1 volatility point
near-KI,M3,2,asset_2,2,0.0025,0.25 vol points,False,1.2724881999311037,463206692,3586461459,Vega,-9.406047580262111,-0.09406047580262111,PV per 1 volatility point
near-KI,M3,2,asset_2,2,0.005,0.50 vol points,False,1.279297899978701,463206692,3586461459,Vega,-8.950632142243364,-0.08950632142243364,PV per 1 volatility point
near-KI,M3,2,asset_2,2,0.01,1.00 vol points,False,1.294937899976503,463206692,3586461459,Vega,-9.0936058531355,-0.090936058531355,PV per 1 volatility point
near-KI,M3,2,asset_3,3,0.0025,0.25 vol points,False,1.2947323000407778,463206692,3586461459,Vega,-7.827216895984179,-0.07827216895984179,PV per 1 volatility point
near-KI,M3,2,asset_3,3,0.005,0.50 vol points,False,1.3370732999756,463206692,3586461459,Vega,-8.738230354239818,-0.08738230354239818,PV per 1 volatility point
near-KI,M3,2,asset_3,3,0.01,1.00 vol points,False,1.3223301999969408,463206692,3586461459,Vega,-8.485940513675416,-0.08485940513675416,PV per 1 volatility point
near-KI,M3,2,parallel,0,0.0025,0.25 parallel vol points,False,1.3327141999616288,463206692,3586461459,Parallel Vega,-56.13617892127252,-0.5613617892127252,PV per 1 parallel volatility point
near-KI,M3,2,parallel,0,0.005,0.50 parallel vol points,False,1.311217900016345,463206692,3586461459,Parallel Vega,-54.39492363428684,-0.5439492363428684,PV per 1 parallel volatility point
near-KI,M3,2,parallel,0,0.01,1.00 parallel vol points,False,1.3305407000007108,463206692,3586461459,Parallel Vega,-48.4498001511497,-0.484498001511497,PV per 1 parallel volatility point
near-KI,M3,3,asset_1,1,0.001,0.10% spot,True,1.282555199926719,3935672346,3586461459,Delta,146.52030033866498,1.120880297590787,PV per 1% relative spot move
near-KI,M3,3,asset_1,1,0.001,0.10% spot,True,1.282555199926719,3935672346,3586461459,Gamma,-63722.07377713533,-3.729175062622402,PV per squared 1% relative spot move
near-KI,M3,3,asset_1,1,0.0025,0.25% spot,True,1.2557957000099123,3935672346,3586461459,Delta,124.33538341833527,0.9511656831502648,PV per 1% relative spot move
near-KI,M3,3,asset_1,1,0.0025,0.25% spot,True,1.2557957000099123,3935672346,3586461459,Gamma,-3421.5305318252326,-0.2002365205487422,PV per squared 1% relative spot move
near-KI,M3,3,asset_1,1,0.005,0.50% spot,True,1.1597764999605715,3935672346,3586461459,Delta,112.28705007048318,0.8589959330391963,PV per 1% relative spot move
near-KI,M3,3,asset_1,1,0.005,0.50% spot,True,1.1597764999605715,3935672346,3586461459,Gamma,-3388.4609380706943,-0.1983012052482422,PV per squared 1% relative spot move
near-KI,M3,3,asset_1,1,0.01,1.00% spot,True,1.1337676999974065,3935672346,3586461459,Delta,106.37070482044881,0.8137358918764334,PV per 1% relative spot move
near-KI,M3,3,asset_1,1,0.01,1.00% spot,True,1.1337676999974065,3935672346,3586461459,Gamma,-2199.044488968603,-0.1286935811056651,PV per squared 1% relative spot move
near-KI,M3,3,asset_2,2,0.001,0.10% spot,False,1.188891199999489,3935672346,3586461459,Delta,3.524292659136563,0.03524292659136563,PV per 1% relative spot move
near-KI,M3,3,asset_2,2,0.001,0.10% spot,False,1.188891199999489,3935672346,3586461459,Gamma,-83.80622679737826,-0.008380622679737826,PV per squared 1% relative spot move
near-KI,M3,3,asset_2,2,0.0025,0.25% spot,False,1.208406499994453,3935672346,3586461459,Delta,3.511287796010265,0.03511287796010265,PV per 1% relative spot move
near-KI,M3,3,asset_2,2,0.0025,0.25% spot,False,1.208406499994453,3935672346,3586461459,Gamma,-24.117247235153627,-0.0024117247235153627,PV per squared 1% relative spot move
near-KI,M3,3,asset_2,2,0.005,0.50% spot,False,1.2216895999736153,3935672346,3586461459,Delta,3.515138683341945,0.03515138683341945,PV per 1% relative spot move
near-KI,M3,3,asset_2,2,0.005,0.50% spot,False,1.2216895999736153,3935672346,3586461459,Gamma,-26.259013700951073,-0.0026259013700951073,PV per squared 1% relative spot move
near-KI,M3,3,asset_2,2,0.01,1.00% spot,False,1.2249998000334017,3935672346,3586461459,Delta,6.45621930041429,0.0645621930041429,PV per 1% relative spot move
near-KI,M3,3,asset_2,2,0.01,1.00% spot,False,1.2249998000334017,3935672346,3586461459,Gamma,-630.2587186986841,-0.06302587186986841,PV per squared 1% relative spot move
near-KI,M3,3,asset_3,3,0.001,0.10% spot,False,1.1945996000431478,3935672346,3586461459,Delta,3.316991406805414,0.03316991406805414,PV per 1% relative spot move
near-KI,M3,3,asset_3,3,0.001,0.10% spot,False,1.1945996000431478,3935672346,3586461459,Gamma,-94.99021527403784,-0.009499021527403784,PV per squared 1% relative spot move
near-KI,M3,3,asset_3,3,0.0025,0.25% spot,False,1.2040739999501966,3935672346,3586461459,Delta,3.2863914963797924,0.032863914963797924,PV per 1% relative spot move
near-KI,M3,3,asset_3,3,0.0025,0.25% spot,False,1.2040739999501966,3935672346,3586461459,Gamma,-79.968757199822,-0.0079968757199822,PV per squared 1% relative spot move
near-KI,M3,3,asset_3,3,0.005,0.50% spot,False,1.1777521999902092,3935672346,3586461459,Delta,3.2873011922291084,0.032873011922291084,PV per 1% relative spot move
near-KI,M3,3,asset_3,3,0.005,0.50% spot,False,1.1777521999902092,3935672346,3586461459,Gamma,-58.60364962984477,-0.005860364962984477,PV per squared 1% relative spot move
near-KI,M3,3,asset_3,3,0.01,1.00% spot,False,1.1924493999686092,3935672346,3586461459,Delta,5.117360500145196,0.05117360500145196,PV per 1% relative spot move
near-KI,M3,3,asset_3,3,0.01,1.00% spot,False,1.1924493999686092,3935672346,3586461459,Gamma,-325.37318159398865,-0.032537318159398865,PV per squared 1% relative spot move
near-KI,M3,3,parallel,0,0.001,0.10% parallel spot,False,1.1748906000284478,3935672346,3586461459,Parallel Gamma,-37276.97238433336,-3.7276972384333367,PV per squared 1% parallel relative spot move
near-KI,M3,3,parallel,0,0.0025,0.25% parallel spot,False,1.1809124000137672,3935672346,3586461459,Parallel Gamma,-1977.7051203254814,-0.19777051203254814,PV per squared 1% parallel relative spot move
near-KI,M3,3,parallel,0,0.005,0.50% parallel spot,False,1.164435799990315,3935672346,3586461459,Parallel Gamma,-1953.8178357618108,-0.19538178357618108,PV per squared 1% parallel relative spot move
near-KI,M3,3,parallel,0,0.01,1.00% parallel spot,False,1.208941799995955,3935672346,3586461459,Parallel Gamma,-1743.3584832215843,-0.17433584832215843,PV per squared 1% parallel relative spot move
near-KI,M3,3,asset_1,1,0.0025,0.25 vol points,True,1.2091688999789767,3935672346,3586461459,Vega,-46.55666503528266,-0.4655666503528266,PV per 1 volatility point
near-KI,M3,3,asset_1,1,0.005,0.50 vol points,True,1.1883866999996826,3935672346,3586461459,Vega,-39.92853709448667,-0.3992853709448667,PV per 1 volatility point
near-KI,M3,3,asset_1,1,0.01,1.00 vol points,True,1.1743017000262626,3935672346,3586461459,Vega,-35.353280380306984,-0.35353280380306984,PV per 1 volatility point
near-KI,M3,3,asset_2,2,0.0025,0.25 vol points,False,1.2007635000045411,3935672346,3586461459,Vega,-9.364545103170485,-0.09364545103170485,PV per 1 volatility point
near-KI,M3,3,asset_2,2,0.005,0.50 vol points,False,1.1654131000395864,3935672346,3586461459,Vega,-12.548911833388843,-0.12548911833388843,PV per 1 volatility point
near-KI,M3,3,asset_2,2,0.01,1.00 vol points,False,1.1792353999917395,3935672346,3586461459,Vega,-12.176201543925913,-0.12176201543925913,PV per 1 volatility point
near-KI,M3,3,asset_3,3,0.0025,0.25 vol points,False,1.19445240002824,3935672346,3586461459,Vega,-7.2724121863700475,-0.07272412186370047,PV per 1 volatility point
near-KI,M3,3,asset_3,3,0.005,0.50 vol points,False,1.189962599950377,3935672346,3586461459,Vega,-10.976160190639916,-0.10976160190639916,PV per 1 volatility point
near-KI,M3,3,asset_3,3,0.01,1.00 vol points,False,1.1729613000061363,3935672346,3586461459,Vega,-10.751939246443953,-0.10751939246443953,PV per 1 volatility point
near-KI,M3,3,parallel,0,0.0025,0.25 parallel vol points,False,1.2321063000126742,3935672346,3586461459,Parallel Vega,-63.01294983726393,-0.6301294983726393,PV per 1 parallel volatility point
near-KI,M3,3,parallel,0,0.005,0.50 parallel vol points,False,1.208328899985645,3935672346,3586461459,Parallel Vega,-62.404385111048555,-0.6240438511104855,PV per 1 parallel volatility point
near-KI,M3,3,parallel,0,0.01,1.00 parallel vol points,False,1.1918120000045747,3935672346,3586461459,Parallel Vega,-58.23857821207454,-0.5823857821207454,PV per 1 parallel volatility point
near-autocall,M0,0,asset_1,1,0.001,0.10% spot,False,0.12267069995868951,3687991476,108305647,Delta,-7.097635293526903,-0.0712602583470101,PV per 1% relative spot move
near-autocall,M0,0,asset_1,1,0.001,0.10% spot,False,0.12267069995868951,3687991476,108305647,Gamma,12784.907687876614,1.2887391507902635,PV per squared 1% relative spot move
near-autocall,M0,0,asset_1,1,0.0025,0.25% spot,False,0.10670929995831102,3687991476,108305647,Delta,-0.018606340429428145,-0.0001868076579114586,PV per 1% relative spot move
near-autocall,M0,0,asset_1,1,0.0025,0.25% spot,False,0.10670929995831102,3687991476,108305647,Gamma,14492.526456788344,1.460869854886596,PV per squared 1% relative spot move
near-autocall,M0,0,asset_1,1,0.005,0.50% spot,False,0.10791299998527393,3687991476,108305647,Delta,11.45792859015322,0.11503760304513833,PV per 1% relative spot move
near-autocall,M0,0,asset_1,1,0.005,0.50% spot,False,0.10791299998527393,3687991476,108305647,Gamma,-1512.239253324659,-0.15243613631793096,PV per squared 1% relative spot move
near-autocall,M0,0,asset_1,1,0.01,1.00% spot,False,0.11197969998465851,3687991476,108305647,Delta,27.507900913826994,0.276179325174823,PV per 1% relative spot move
near-autocall,M0,0,asset_1,1,0.01,1.00% spot,False,0.11197969998465851,3687991476,108305647,Gamma,-3165.7879269718223,-0.31911648829944284,PV per squared 1% relative spot move
near-autocall,M0,0,asset_2,2,0.001,0.10% spot,False,0.11761310003930703,3687991476,108305647,Delta,120.23603021493113,1.2035626624514604,PV per 1% relative spot move
near-autocall,M0,0,asset_2,2,0.001,0.10% spot,False,0.11761310003930703,3687991476,108305647,Gamma,59316.96413993574,5.943565738517974,PV per squared 1% relative spot move
near-autocall,M0,0,asset_2,2,0.0025,0.25% spot,False,0.10168750007869676,3687991476,108305647,Delta,115.03575724031056,1.1515079299755084,PV per 1% relative spot move
near-autocall,M0,0,asset_2,2,0.0025,0.25% spot,False,0.10168750007869676,3687991476,108305647,Gamma,-19236.21400727439,-1.927470567150294,PV per squared 1% relative spot move
near-autocall,M0,0,asset_2,2,0.005,0.50% spot,False,0.10811919998377562,3687991476,108305647,Delta,78.90553646317672,0.7898444199963989,PV per 1% relative spot move
near-autocall,M0,0,asset_2,2,0.005,0.50% spot,False,0.10811919998377562,3687991476,108305647,Gamma,-8568.464144693051,-0.858560964144658,PV per squared 1% relative spot move
near-autocall,M0,0,asset_2,2,0.01,1.00% spot,False,0.10196599998744205,3687991476,108305647,Delta,64.02124483796587,0.6408526608280383,PV per 1% relative spot move
near-autocall,M0,0,asset_2,2,0.01,1.00% spot,False,0.10196599998744205,3687991476,108305647,Gamma,-4039.7181309147345,-0.40478016068946937,PV per squared 1% relative spot move
near-autocall,M0,0,asset_3,3,0.001,0.10% spot,True,0.10116240003844723,3687991476,108305647,Delta,144.37682885108256,1.440880751933804,PV per 1% relative spot move
near-autocall,M0,0,asset_3,3,0.001,0.10% spot,True,0.10116240003844723,3687991476,108305647,Gamma,173088.3331009344,17.239667212186305,PV per squared 1% relative spot move
near-autocall,M0,0,asset_3,3,0.0025,0.25% spot,True,0.09899759996915236,3687991476,108305647,Delta,108.66984654924606,1.0845250685614756,PV per 1% relative spot move
near-autocall,M0,0,asset_3,3,0.0025,0.25% spot,True,0.09899759996915236,3687991476,108305647,Gamma,-3705.198462182013,-0.3690392489127134,PV per squared 1% relative spot move
near-autocall,M0,0,asset_3,3,0.005,0.50% spot,True,0.10864399996353313,3687991476,108305647,Delta,102.94713473745142,1.0274124046797652,PV per 1% relative spot move
near-autocall,M0,0,asset_3,3,0.005,0.50% spot,True,0.10864399996353313,3687991476,108305647,Gamma,-5047.4843689672925,-0.5027314621428899,PV per squared 1% relative spot move
near-autocall,M0,0,asset_3,3,0.01,1.00% spot,True,0.12399680004455149,3687991476,108305647,Delta,105.2045822282633,1.0499417306380678,PV per 1% relative spot move
near-autocall,M0,0,asset_3,3,0.01,1.00% spot,True,0.12399680004455149,3687991476,108305647,Gamma,-379.0697381474365,-0.03775549754737994,PV per squared 1% relative spot move
near-autocall,M0,0,parallel,0,0.001,0.10% parallel spot,False,0.11114699998870492,3687991476,108305647,Parallel Gamma,239978.88671576107,23.997888671576106,PV per squared 1% parallel relative spot move
near-autocall,M0,0,parallel,0,0.0025,0.25% parallel spot,False,0.10331750003388152,3687991476,108305647,Parallel Gamma,-10003.683674287913,-1.0003683674287913,PV per squared 1% parallel relative spot move
near-autocall,M0,0,parallel,0,0.005,0.50% parallel spot,False,0.10151770000811666,3687991476,108305647,Parallel Gamma,-2483.1659075465495,-0.24831659075465495,PV per squared 1% parallel relative spot move
near-autocall,M0,0,parallel,0,0.01,1.00% parallel spot,False,0.10295219998806715,3687991476,108305647,Parallel Gamma,3525.1404890790636,0.3525140489079064,PV per squared 1% parallel relative spot move
near-autocall,M0,0,asset_1,1,0.0025,0.25 vol points,False,0.10794749995693564,3687991476,108305647,Vega,-2.3944462131311184,-0.023944462131311184,PV per 1 volatility point
near-autocall,M0,0,asset_1,1,0.005,0.50 vol points,False,0.10853450000286102,3687991476,108305647,Vega,-1.3975890091444398,-0.013975890091444398,PV per 1 volatility point
near-autocall,M0,0,asset_1,1,0.01,1.00 vol points,False,0.105286400008481,3687991476,108305647,Vega,-3.7404857103972233,-0.03740485710397223,PV per 1 volatility point
near-autocall,M0,0,asset_2,2,0.0025,0.25 vol points,False,0.10014920000685379,3687991476,108305647,Vega,-34.57406992203005,-0.3457406992203005,PV per 1 volatility point
near-autocall,M0,0,asset_2,2,0.005,0.50 vol points,False,0.10424800001783296,3687991476,108305647,Vega,-27.68850664368898,-0.2768850664368898,PV per 1 volatility point
near-autocall,M0,0,asset_2,2,0.01,1.00 vol points,False,0.11188600002788007,3687991476,108305647,Vega,-27.033199058934798,-0.270331990589348,PV per 1 volatility point
near-autocall,M0,0,asset_3,3,0.0025,0.25 vol points,True,0.11904240003786981,3687991476,108305647,Vega,-23.906029355970304,-0.23906029355970304,PV per 1 volatility point
near-autocall,M0,0,asset_3,3,0.005,0.50 vol points,True,0.10991309996461496,3687991476,108305647,Vega,-21.644492057180287,-0.21644492057180287,PV per 1 volatility point
near-autocall,M0,0,asset_3,3,0.01,1.00 vol points,True,0.1043480999651365,3687991476,108305647,Vega,-16.815472039716894,-0.16815472039716894,PV per 1 volatility point
near-autocall,M0,0,parallel,0,0.0025,0.25 parallel vol points,False,0.12272510002367198,3687991476,108305647,Parallel Vega,-60.89767252572642,-0.6089767252572642,PV per 1 parallel volatility point
near-autocall,M0,0,parallel,0,0.005,0.50 parallel vol points,False,0.11475699994480237,3687991476,108305647,Parallel Vega,-54.68378633951829,-0.5468378633951829,PV per 1 parallel volatility point
near-autocall,M0,0,parallel,0,0.01,1.00 parallel vol points,False,0.11324640002567321,3687991476,108305647,Parallel Vega,-51.191691258785,-0.51191691258785,PV per 1 parallel volatility point
near-autocall,M0,1,asset_1,1,0.001,0.10% spot,False,0.10880840005120263,3240953544,108305647,Delta,-0.6690409769815012,-0.006717171408894273,PV per 1% relative spot move
near-autocall,M0,1,asset_1,1,0.001,0.10% spot,False,0.10880840005120263,3240953544,108305647,Gamma,2204.955069284764,0.22226299891201506,PV per squared 1% relative spot move
near-autocall,M0,1,asset_1,1,0.0025,0.25% spot,False,0.106608200003393,3240953544,108305647,Delta,13.9697762146501,0.140256553195087,PV per 1% relative spot move
near-autocall,M0,1,asset_1,1,0.0025,0.25% spot,False,0.106608200003393,3240953544,108305647,Gamma,7149.248034714951,0.7206556406961226,PV per squared 1% relative spot move
near-autocall,M0,1,asset_1,1,0.005,0.50% spot,False,0.11442140000872314,3240953544,108305647,Delta,15.649890003454251,0.15712489563468068,PV per 1% relative spot move
near-autocall,M0,1,asset_1,1,0.005,0.50% spot,False,0.11442140000872314,3240953544,108305647,Gamma,-1752.2447474539172,-0.17662907413495077,PV per squared 1% relative spot move
near-autocall,M0,1,asset_1,1,0.01,1.00% spot,False,0.11189170001307502,3240953544,108305647,Delta,27.90162840933721,0.28013234922974556,PV per 1% relative spot move
near-autocall,M0,1,asset_1,1,0.01,1.00% spot,False,0.11189170001307502,3240953544,108305647,Gamma,-4435.6713905403585,-0.44712277324069305,PV per squared 1% relative spot move
near-autocall,M0,1,asset_2,2,0.001,0.10% spot,False,0.11261539999395609,3240953544,108305647,Delta,22.443738618658717,0.22466182357277373,PV per 1% relative spot move
near-autocall,M0,1,asset_2,2,0.001,0.10% spot,False,0.11261539999395609,3240953544,108305647,Gamma,10205.062993581867,1.022548332463202,PV per squared 1% relative spot move
near-autocall,M0,1,asset_2,2,0.0025,0.25% spot,False,0.11162109998986125,3240953544,108305647,Delta,29.369126005065425,0.29398495131070485,PV per 1% relative spot move
near-autocall,M0,1,asset_2,2,0.0025,0.25% spot,False,0.11162109998986125,3240953544,108305647,Gamma,-2880.82586609673,-0.28865903986547886,PV per squared 1% relative spot move
near-autocall,M0,1,asset_2,2,0.005,0.50% spot,False,0.11856800003442913,3240953544,108305647,Delta,43.20944381987431,0.4325265326369418,PV per 1% relative spot move
near-autocall,M0,1,asset_2,2,0.005,0.50% spot,False,0.11856800003442913,3240953544,108305647,Gamma,-5036.771159079045,-0.5046849738168361,PV per squared 1% relative spot move
near-autocall,M0,1,asset_2,2,0.01,1.00% spot,False,0.10955870000179857,3240953544,108305647,Delta,35.73735026086035,0.3577308761112121,PV per 1% relative spot move
near-autocall,M0,1,asset_2,2,0.01,1.00% spot,False,0.10955870000179857,3240953544,108305647,Gamma,-1719.8385436379228,-0.1723279940563742,PV per squared 1% relative spot move
near-autocall,M0,1,asset_3,3,0.001,0.10% spot,True,0.10906549997162074,3240953544,108305647,Delta,118.49597431597584,1.182589823673439,PV per 1% relative spot move
near-autocall,M0,1,asset_3,3,0.001,0.10% spot,True,0.10906549997162074,3240953544,108305647,Gamma,71883.48347477966,7.159623707481443,PV per squared 1% relative spot move
near-autocall,M0,1,asset_3,3,0.0025,0.25% spot,True,0.11378280003555119,3240953544,108305647,Delta,83.0943639356973,0.829281752078259,PV per 1% relative spot move
near-autocall,M0,1,asset_3,3,0.0025,0.25% spot,True,0.11378280003555119,3240953544,108305647,Gamma,-3541.6149229727102,-0.35274626297405115,PV per squared 1% relative spot move
near-autocall,M0,1,asset_3,3,0.005,0.50% spot,True,0.11493879999034107,3240953544,108305647,Delta,75.02419837499684,0.7487414997824685,PV per 1% relative spot move
near-autocall,M0,1,asset_3,3,0.005,0.50% spot,True,0.11493879999034107,3240953544,108305647,Gamma,-11755.361621252243,-1.1708387196213719,PV per squared 1% relative spot move
near-autocall,M0,1,asset_3,3,0.01,1.00% spot,True,0.11270040000090376,3240953544,108305647,Delta,60.487651061844005,0.6036667575972031,PV per 1% relative spot move
near-autocall,M0,1,asset_3,3,0.01,1.00% spot,True,0.11270040000090376,3240953544,108305647,Gamma,-4111.984706487756,-0.4095553215600631,PV per squared 1% relative spot move
near-autocall,M0,1,parallel,0,0.001,0.10% parallel spot,False,0.10988589999033138,3240953544,108305647,Parallel Gamma,83502.40940610832,8.350240940610831,PV per squared 1% parallel relative spot move
near-autocall,M0,1,parallel,0,0.0025,0.25% parallel spot,False,0.11883990000933409,3240953544,108305647,Parallel Gamma,2164.55842967207,0.216455842967207,PV per squared 1% parallel relative spot move
near-autocall,M0,1,parallel,0,0.005,0.50% parallel spot,False,0.11558340000919998,3240953544,108305647,Parallel Gamma,-8174.421839556771,-0.8174421839556771,PV per squared 1% parallel relative spot move
near-autocall,M0,1,parallel,0,0.01,1.00% parallel spot,False,0.11163409997243434,3240953544,108305647,Parallel Gamma,-1471.9481281150593,-0.14719481281150593,PV per squared 1% parallel relative spot move
near-autocall,M0,1,asset_1,1,0.0025,0.25 vol points,False,0.1030019999598153,3240953544,108305647,Vega,-9.616799023021372,-0.09616799023021372,PV per 1 volatility point
near-autocall,M0,1,asset_1,1,0.005,0.50 vol points,False,0.11319229996297508,3240953544,108305647,Vega,-5.163118118981913,-0.05163118118981913,PV per 1 volatility point
near-autocall,M0,1,asset_1,1,0.01,1.00 vol points,False,0.11041970003861934,3240953544,108305647,Vega,-2.7805011593180495,-0.027805011593180495,PV per 1 volatility point
near-autocall,M0,1,asset_2,2,0.0025,0.25 vol points,False,0.12056359997950494,3240953544,108305647,Vega,-25.15113481921105,-0.2515113481921105,PV per 1 volatility point
near-autocall,M0,1,asset_2,2,0.005,0.50 vol points,False,0.12286109995329753,3240953544,108305647,Vega,-21.52112934088848,-0.21521129340888479,PV per 1 volatility point
near-autocall,M0,1,asset_2,2,0.01,1.00 vol points,False,0.14003220002632588,3240953544,108305647,Vega,-25.95454255116465,-0.2595454255116465,PV per 1 volatility point
near-autocall,M0,1,asset_3,3,0.0025,0.25 vol points,True,0.11132899997755885,3240953544,108305647,Vega,-24.296026621397004,-0.24296026621397004,PV per 1 volatility point
near-autocall,M0,1,asset_3,3,0.005,0.50 vol points,True,0.11431629996513948,3240953544,108305647,Vega,-18.011059058433432,-0.18011059058433432,PV per 1 volatility point
near-autocall,M0,1,asset_3,3,0.01,1.00 vol points,True,0.10747270000865683,3240953544,108305647,Vega,-20.95810387300503,-0.2095810387300503,PV per 1 volatility point
near-autocall,M0,1,parallel,0,0.0025,0.25 parallel vol points,False,0.11173539992887527,3240953544,108305647,Parallel Vega,-50.17982330808479,-0.5017982330808479,PV per 1 parallel volatility point
near-autocall,M0,1,parallel,0,0.005,0.50 parallel vol points,False,0.11728629999561235,3240953544,108305647,Parallel Vega,-40.746504649708015,-0.40746504649708015,PV per 1 parallel volatility point
near-autocall,M0,1,parallel,0,0.01,1.00 parallel vol points,False,0.1213997999439016,3240953544,108305647,Parallel Vega,-48.527700764100956,-0.48527700764100956,PV per 1 parallel volatility point
near-autocall,M0,2,asset_1,1,0.001,0.10% spot,False,0.11674490000586957,3016487114,108305647,Delta,5.995968165220754,0.060199520378816374,PV per 1% relative spot move
near-autocall,M0,2,asset_1,1,0.001,0.10% spot,False,0.11674490000586957,3016487114,108305647,Gamma,-11614.739512274207,-1.1707843264204598,PV per squared 1% relative spot move
near-autocall,M0,2,asset_1,1,0.0025,0.25% spot,False,0.11358730000210926,3016487114,108305647,Delta,17.82844616660197,0.1789975995126838,PV per 1% relative spot move
near-autocall,M0,2,asset_1,1,0.0025,0.25% spot,False,0.11358730000210926,3016487114,108305647,Gamma,-15478.09146111124,-1.5602163842263508,PV per squared 1% relative spot move
near-autocall,M0,2,asset_1,1,0.005,0.50% spot,False,0.10592790000373498,3016487114,108305647,Delta,8.415003194681347,0.08448663207460072,PV per 1% relative spot move
near-autocall,M0,2,asset_1,1,0.005,0.50% spot,False,0.10592790000373498,3016487114,108305647,Gamma,-1145.6445482011572,-0.11548280348995377,PV per squared 1% relative spot move
near-autocall,M0,2,asset_1,1,0.01,1.00% spot,False,0.10767430003033951,3016487114,108305647,Delta,19.319960090715895,0.19397239931078758,PV per 1% relative spot move
near-autocall,M0,2,asset_1,1,0.01,1.00% spot,False,0.10767430003033951,3016487114,108305647,Gamma,-3280.3900271589887,-0.33066856336166955,PV per squared 1% relative spot move
near-autocall,M0,2,asset_2,2,0.001,0.10% spot,False,0.11351360002299771,3016487114,108305647,Delta,66.38587191682993,0.6645225778874675,PV per 1% relative spot move
near-autocall,M0,2,asset_2,2,0.001,0.10% spot,False,0.11351360002299771,3016487114,108305647,Gamma,74282.42463637669,7.443106376807405,PV per squared 1% relative spot move
near-autocall,M0,2,asset_2,2,0.0025,0.25% spot,False,0.1291394000290893,3016487114,108305647,Delta,36.44046591347234,0.36476906379385804,PV per 1% relative spot move
near-autocall,M0,2,asset_2,2,0.0025,0.25% spot,False,0.1291394000290893,3016487114,108305647,Gamma,10322.061138789948,1.0342715583128663,PV per squared 1% relative spot move
near-autocall,M0,2,asset_2,2,0.005,0.50% spot,False,0.13601260003633797,3016487114,108305647,Delta,37.913492516825926,0.3795140600934275,PV per 1% relative spot move
near-autocall,M0,2,asset_2,2,0.005,0.50% spot,False,0.13601260003633797,3016487114,108305647,Gamma,4151.570537720576,0.41598778303665535,PV per squared 1% relative spot move
near-autocall,M0,2,asset_2,2,0.01,1.00% spot,False,0.11524199997074902,3016487114,108305647,Delta,50.582705005196615,0.506332877102018,PV per 1% relative spot move
near-autocall,M0,2,asset_2,2,0.01,1.00% spot,False,0.11524199997074902,3016487114,108305647,Gamma,-791.3201513134127,-0.07929035829361906,PV per squared 1% relative spot move
near-autocall,M0,2,asset_3,3,0.001,0.10% spot,True,0.11081169993849471,3016487114,108305647,Delta,74.03146888696322,0.738834059491893,PV per 1% relative spot move
near-autocall,M0,2,asset_3,3,0.001,0.10% spot,True,0.11081169993849471,3016487114,108305647,Gamma,-89290.22528257947,-8.893342154235029,PV per squared 1% relative spot move
near-autocall,M0,2,asset_3,3,0.0025,0.25% spot,True,0.10502649995032698,3016487114,108305647,Delta,91.52154183791302,0.913384987542372,PV per 1% relative spot move
near-autocall,M0,2,asset_3,3,0.0025,0.25% spot,True,0.10502649995032698,3016487114,108305647,Gamma,12429.303297667277,1.23796358016898,PV per squared 1% relative spot move
near-autocall,M0,2,asset_3,3,0.005,0.50% spot,True,0.1131298000109382,3016487114,108305647,Delta,81.37293398396831,0.8121018811600037,PV per 1% relative spot move
near-autocall,M0,2,asset_3,3,0.005,0.50% spot,True,0.1131298000109382,3016487114,108305647,Gamma,1315.1278418872616,0.13098725910310802,PV per squared 1% relative spot move
near-autocall,M0,2,asset_3,3,0.01,1.00% spot,True,0.10473580000689253,3016487114,108305647,Delta,72.13010981284502,0.7198584959321933,PV per 1% relative spot move
near-autocall,M0,2,asset_3,3,0.01,1.00% spot,True,0.10473580000689253,3016487114,108305647,Gamma,-1161.4564493789076,-0.11568152694071894,PV per squared 1% relative spot move
near-autocall,M0,2,parallel,0,0.001,0.10% parallel spot,False,0.10935220000101253,3016487114,108305647,Parallel Gamma,-7754.215382263396,-0.7754215382263396,PV per squared 1% parallel relative spot move
near-autocall,M0,2,parallel,0,0.0025,0.25% parallel spot,False,0.10807749995728955,3016487114,108305647,Parallel Gamma,28219.915611377928,2.821991561137793,PV per squared 1% parallel relative spot move
near-autocall,M0,2,parallel,0,0.005,0.50% parallel spot,False,0.11142189998645335,3016487114,108305647,Parallel Gamma,10915.74590485152,1.091574590485152,PV per squared 1% parallel relative spot move
near-autocall,M0,2,parallel,0,0.01,1.00% parallel spot,False,0.10912849998567253,3016487114,108305647,Parallel Gamma,4754.632647022845,0.4754632647022845,PV per squared 1% parallel relative spot move
near-autocall,M0,2,asset_1,1,0.0025,0.25 vol points,False,0.11223770002834499,3016487114,108305647,Vega,-6.39288574105592,-0.0639288574105592,PV per 1 volatility point
near-autocall,M0,2,asset_1,1,0.005,0.50 vol points,False,0.10602869995636865,3016487114,108305647,Vega,-2.207156322626247,-0.02207156322626247,PV per 1 volatility point
near-autocall,M0,2,asset_1,1,0.01,1.00 vol points,False,0.11608949996298179,3016487114,108305647,Vega,-1.182935900686033,-0.01182935900686033,PV per 1 volatility point
near-autocall,M0,2,asset_2,2,0.0025,0.25 vol points,False,0.1059553999803029,3016487114,108305647,Vega,-26.615474462650468,-0.2661547446265047,PV per 1 volatility point
near-autocall,M0,2,asset_2,2,0.005,0.50 vol points,False,0.10838069999590516,3016487114,108305647,Vega,-28.13309690336183,-0.2813309690336183,PV per 1 volatility point
near-autocall,M0,2,asset_2,2,0.01,1.00 vol points,False,0.1098218000261113,3016487114,108305647,Vega,-27.38224431031142,-0.2738224431031142,PV per 1 volatility point
near-autocall,M0,2,asset_3,3,0.0025,0.25 vol points,True,0.10778119997121394,3016487114,108305647,Vega,-11.155484049606912,-0.11155484049606912,PV per 1 volatility point
near-autocall,M0,2,asset_3,3,0.005,0.50 vol points,True,0.114320199994836,3016487114,108305647,Vega,-10.572662550180212,-0.10572662550180212,PV per 1 volatility point
near-autocall,M0,2,asset_3,3,0.01,1.00 vol points,True,0.11006010003620759,3016487114,108305647,Vega,-13.721991390703181,-0.1372199139070318,PV per 1 volatility point
near-autocall,M0,2,parallel,0,0.0025,0.25 parallel vol points,False,0.10833489999640733,3016487114,108305647,Parallel Vega,-44.17316650757073,-0.44173166507570727,PV per 1 parallel volatility point
near-autocall,M0,2,parallel,0,0.005,0.50 parallel vol points,False,0.1063336999504827,3016487114,108305647,Parallel Vega,-44.2436489946374,-0.44243648994637397,PV per 1 parallel volatility point
near-autocall,M0,2,parallel,0,0.01,1.00 parallel vol points,False,0.10429789999034256,3016487114,108305647,Parallel Vega,-44.34702660711736,-0.44347026607117357,PV per 1 parallel volatility point
near-autocall,M0,3,asset_1,1,0.001,0.10% spot,False,0.10994140000548214,147619141,108305647,Delta,72.8288303379438,0.7312014565929558,PV per 1% relative spot move
near-autocall,M0,3,asset_1,1,0.001,0.10% spot,False,0.10994140000548214,147619141,108305647,Gamma,-147598.07201806747,-14.878121816336431,PV per squared 1% relative spot move
near-autocall,M0,3,asset_1,1,0.0025,0.25% spot,False,0.10426310001639649,147619141,108305647,Delta,26.668537429652606,0.26775211579371216,PV per 1% relative spot move
near-autocall,M0,3,asset_1,1,0.0025,0.25% spot,False,0.10426310001639649,147619141,108305647,Gamma,-21199.7404868744,-2.136967760661719,PV per squared 1% relative spot move
near-autocall,M0,3,asset_1,1,0.005,0.50% spot,False,0.10746989998733625,147619141,108305647,Delta,21.15126729114287,0.2123587236030744,PV per 1% relative spot move
near-autocall,M0,3,asset_1,1,0.005,0.50% spot,False,0.10746989998733625,147619141,108305647,Gamma,-8401.75465040205,-0.8469103115679673,PV per squared 1% relative spot move
near-autocall,M0,3,asset_1,1,0.01,1.00% spot,False,0.10557329998118803,147619141,108305647,Delta,32.16416127313305,0.3229281791822558,PV per 1% relative spot move
near-autocall,M0,3,asset_1,1,0.01,1.00% spot,False,0.10557329998118803,147619141,108305647,Gamma,-6395.998578767547,-0.6447268903374948,PV per squared 1% relative spot move
near-autocall,M0,3,asset_2,2,0.001,0.10% spot,False,0.1042110999696888,147619141,108305647,Delta,32.599745913807034,0.3263234565972084,PV per 1% relative spot move
near-autocall,M0,3,asset_2,2,0.001,0.10% spot,False,0.1042110999696888,147619141,108305647,Gamma,85333.32202983668,8.550407400721836,PV per squared 1% relative spot move
near-autocall,M0,3,asset_2,2,0.0025,0.25% spot,False,0.10090279998257756,147619141,108305647,Delta,76.37296093299732,0.764493338939303,PV per 1% relative spot move
near-autocall,M0,3,asset_2,2,0.0025,0.25% spot,False,0.10090279998257756,147619141,108305647,Gamma,7567.469988642223,0.7582612496089495,PV per squared 1% relative spot move
near-autocall,M0,3,asset_2,2,0.005,0.50% spot,False,0.10306429996853694,147619141,108305647,Delta,77.0070134719107,0.770840204853826,PV per 1% relative spot move
near-autocall,M0,3,asset_2,2,0.005,0.50% spot,False,0.10306429996853694,147619141,108305647,Gamma,-4879.2536285617025,-0.4889017015072454,PV per squared 1% relative spot move
near-autocall,M0,3,asset_2,2,0.01,1.00% spot,False,0.1015680999844335,147619141,108305647,Delta,81.9248343715715,0.8200675920594307,PV per 1% relative spot move
near-autocall,M0,3,asset_2,2,0.01,1.00% spot,False,0.1015680999844335,147619141,108305647,Gamma,-6556.796286001403,-0.656991643536969,PV per squared 1% relative spot move
near-autocall,M0,3,asset_3,3,0.001,0.10% spot,True,0.10378229996422306,147619141,108305647,Delta,6.99742605383262,0.06983431201724954,PV per 1% relative spot move
near-autocall,M0,3,asset_3,3,0.001,0.10% spot,True,0.10378229996422306,147619141,108305647,Gamma,-47825.37557095934,-4.763426537017779,PV per squared 1% relative spot move
near-autocall,M0,3,asset_3,3,0.0025,0.25% spot,True,0.10586779995355755,147619141,108305647,Delta,78.96989600529687,0.7881195621328628,PV per 1% relative spot move
near-autocall,M0,3,asset_3,3,0.0025,0.25% spot,True,0.10586779995355755,147619141,108305647,Gamma,9090.199065592407,0.9053874630126301,PV per squared 1% relative spot move
near-autocall,M0,3,asset_3,3,0.005,0.50% spot,True,0.11258509999606758,147619141,108305647,Delta,82.2183446401964,0.8205390795091602,PV per 1% relative spot move
near-autocall,M0,3,asset_3,3,0.005,0.50% spot,True,0.11258509999606758,147619141,108305647,Gamma,-9812.263654171902,-0.9773053848609831,PV per squared 1% relative spot move
near-autocall,M0,3,asset_3,3,0.01,1.00% spot,True,0.10477490001358092,147619141,108305647,Delta,84.78685156062792,0.8461727785750667,PV per 1% relative spot move
near-autocall,M0,3,asset_3,3,0.01,1.00% spot,True,0.10477490001358092,147619141,108305647,Gamma,-5754.328960407034,-0.5731334661881248,PV per squared 1% relative spot move
near-autocall,M0,3,parallel,0,0.001,0.10% parallel spot,False,0.11097069998504594,147619141,108305647,Parallel Gamma,-20577.318833915117,-2.057731883391512,PV per squared 1% parallel relative spot move
near-autocall,M0,3,parallel,0,0.0025,0.25% parallel spot,False,0.11287650000303984,147619141,108305647,Parallel Gamma,29139.391112237263,2.9139391112237263,PV per squared 1% parallel relative spot move
near-autocall,M0,3,parallel,0,0.005,0.50% parallel spot,False,0.11072330002207309,147619141,108305647,Parallel Gamma,-6246.810145430004,-0.6246810145430004,PV per squared 1% parallel relative spot move
near-autocall,M0,3,parallel,0,0.01,1.00% parallel spot,False,0.10481719998642802,147619141,108305647,Parallel Gamma,1125.1165973901323,0.11251165973901323,PV per squared 1% parallel relative spot move
near-autocall,M0,3,asset_1,1,0.0025,0.25 vol points,False,0.10780770005658269,147619141,108305647,Vega,-0.2344635748414703,-0.002344635748414703,PV per 1 volatility point
near-autocall,M0,3,asset_1,1,0.005,0.50 vol points,False,0.10828739998396486,147619141,108305647,Vega,-0.6722065552608569,-0.006722065552608569,PV per 1 volatility point
near-autocall,M0,3,asset_1,1,0.01,1.00 vol points,False,0.11053559998981655,147619141,108305647,Vega,-1.3615970410860712,-0.013615970410860712,PV per 1 volatility point
near-autocall,M0,3,asset_2,2,0.0025,0.25 vol points,False,0.10746029997244477,147619141,108305647,Vega,-15.355767964030065,-0.15355767964030065,PV per 1 volatility point
near-autocall,M0,3,asset_2,2,0.005,0.50 vol points,False,0.10042589996010065,147619141,108305647,Vega,-18.585225218599533,-0.18585225218599533,PV per 1 volatility point
near-autocall,M0,3,asset_2,2,0.01,1.00 vol points,False,0.10387939994689077,147619141,108305647,Vega,-20.15965882974271,-0.2015965882974271,PV per 1 volatility point
near-autocall,M0,3,asset_3,3,0.0025,0.25 vol points,True,0.10362770000938326,147619141,108305647,Vega,-14.663496098231121,-0.1466349609823112,PV per 1 volatility point
near-autocall,M0,3,asset_3,3,0.005,0.50 vol points,True,0.11015970003791153,147619141,108305647,Vega,-11.68384103886524,-0.11683841038865239,PV per 1 volatility point
near-autocall,M0,3,asset_3,3,0.01,1.00 vol points,True,0.1129122000420466,147619141,108305647,Vega,-13.18648290831348,-0.1318648290831348,PV per 1 volatility point
near-autocall,M0,3,parallel,0,0.0025,0.25 parallel vol points,False,0.10868190001929179,147619141,108305647,Parallel Vega,-30.317520024826194,-0.30317520024826194,PV per 1 parallel volatility point
near-autocall,M0,3,parallel,0,0.005,0.50 parallel vol points,False,0.10340129997348413,147619141,108305647,Parallel Vega,-31.388014599593816,-0.31388014599593816,PV per 1 parallel volatility point
near-autocall,M0,3,parallel,0,0.01,1.00 parallel vol points,False,0.106482999981381,147619141,108305647,Parallel Vega,-34.50177909959322,-0.3450177909959322,PV per 1 parallel volatility point
near-autocall,M3,0,asset_1,1,0.001,0.10% spot,False,0.5560524999746121,298356628,2187836212,Delta,11.353456112638717,0.11398869937089273,PV per 1% relative spot move
near-autocall,M3,0,asset_1,1,0.001,0.10% spot,False,0.5560524999746121,298356628,2187836212,Gamma,-19742.30551244323,-1.9900559833430973,PV per squared 1% relative spot move
near-autocall,M3,0,asset_1,1,0.0025,0.25% spot,False,0.5708663000259548,298356628,2187836212,Delta,18.97253954752668,0.19048429705716785,PV per 1% relative spot move
near-autocall,M3,0,asset_1,1,0.0025,0.25% spot,False,0.5708663000259548,298356628,2187836212,Gamma,8947.916336260208,0.901964283361167,PV per squared 1% relative spot move
near-autocall,M3,0,asset_1,1,0.005,0.50% spot,False,0.5716148000210524,298356628,2187836212,Delta,15.635194863468465,0.1569773564292234,PV per 1% relative spot move
near-autocall,M3,0,asset_1,1,0.005,0.50% spot,False,0.5716148000210524,298356628,2187836212,Gamma,559.2926789097954,0.056377596902393634,PV per squared 1% relative spot move
near-autocall,M3,0,asset_1,1,0.01,1.00% spot,False,0.5862943000392988,298356628,2187836212,Delta,19.88081124690295,0.19960334491890563,PV per 1% relative spot move
near-autocall,M3,0,asset_1,1,0.01,1.00% spot,False,0.5862943000392988,298356628,2187836212,Gamma,-2154.465434398047,-0.21717356293201817,PV per squared 1% relative spot move
near-autocall,M3,0,asset_2,2,0.001,0.10% spot,False,0.6108158000279218,298356628,2187836212,Delta,12.408282857505755,0.1242069114036326,PV per 1% relative spot move
near-autocall,M3,0,asset_2,2,0.001,0.10% spot,False,0.6108158000279218,298356628,2187836212,Gamma,32570.44133662539,3.263561478973997,PV per squared 1% relative spot move
near-autocall,M3,0,asset_2,2,0.0025,0.25% spot,False,0.5886901000631042,298356628,2187836212,Delta,45.87437798572883,0.45920252363714553,PV per 1% relative spot move
near-autocall,M3,0,asset_2,2,0.0025,0.25% spot,False,0.5886901000631042,298356628,2187836212,Gamma,14320.193114534326,1.4348847820956505,PV per squared 1% relative spot move
near-autocall,M3,0,asset_2,2,0.005,0.50% spot,False,0.5654089000308886,298356628,2187836212,Delta,42.847210095473045,0.42890057305568513,PV per 1% relative spot move
near-autocall,M3,0,asset_2,2,0.005,0.50% spot,False,0.5654089000308886,298356628,2187836212,Gamma,1381.9630124088453,0.1384728320396675,PV per squared 1% relative spot move
near-autocall,M3,0,asset_2,2,0.01,1.00% spot,False,0.579434700019192,298356628,2187836212,Delta,41.95235596430745,0.41994308320271756,PV per 1% relative spot move
near-autocall,M3,0,asset_2,2,0.01,1.00% spot,False,0.579434700019192,298356628,2187836212,Gamma,-2060.8678242066694,-0.20649916207229063,PV per squared 1% relative spot move
near-autocall,M3,0,asset_3,3,0.001,0.10% spot,True,0.5681298999697901,298356628,2187836212,Delta,55.26817976926704,0.5515764340972851,PV per 1% relative spot move
near-autocall,M3,0,asset_3,3,0.001,0.10% spot,True,0.5681298999697901,298356628,2187836212,Gamma,-9895.203393320706,-0.9855662160560996,PV per squared 1% relative spot move
near-autocall,M3,0,asset_3,3,0.0025,0.25% spot,True,0.5701609999523498,298356628,2187836212,Delta,123.64955801007773,1.2340225889405756,PV per 1% relative spot move
near-autocall,M3,0,asset_3,3,0.0025,0.25% spot,True,0.5701609999523498,298356628,2187836212,Gamma,44719.54354538225,4.4540844249374905,PV per squared 1% relative spot move
near-autocall,M3,0,asset_3,3,0.005,0.50% spot,True,0.5724920000066049,298356628,2187836212,Delta,93.20777379474896,0.9302135824715946,PV per 1% relative spot move
near-autocall,M3,0,asset_3,3,0.005,0.50% spot,True,0.5724920000066049,298356628,2187836212,Gamma,9910.95594153893,0.9871351761596542,PV per squared 1% relative spot move
near-autocall,M3,0,asset_3,3,0.01,1.00% spot,True,0.5923542000236921,298356628,2187836212,Delta,71.7128398817057,0.7156941420194229,PV per 1% relative spot move
near-autocall,M3,0,asset_3,3,0.01,1.00% spot,True,0.5923542000236921,298356628,2187836212,Gamma,-79.25833798494749,-0.007894162166635963,PV per squared 1% relative spot move
near-autocall,M3,0,parallel,0,0.001,0.10% parallel spot,False,0.5569790000445209,298356628,2187836212,Parallel Gamma,7748.07318789783,0.774807318789783,PV per squared 1% parallel relative spot move
near-autocall,M3,0,parallel,0,0.0025,0.25% parallel spot,False,0.554561700031627,298356628,2187836212,Parallel Gamma,91079.78030625645,9.107978030625645,PV per squared 1% parallel relative spot move
near-autocall,M3,0,parallel,0,0.005,0.50% parallel spot,False,0.5605134000070393,298356628,2187836212,Parallel Gamma,21313.709148736845,2.131370914873685,PV per squared 1% parallel relative spot move
near-autocall,M3,0,parallel,0,0.01,1.00% parallel spot,False,0.5641570999869145,298356628,2187836212,Parallel Gamma,4545.76926267805,0.454576926267805,PV per squared 1% parallel relative spot move
near-autocall,M3,0,asset_1,1,0.0025,0.25 vol points,False,0.6072085999767296,298356628,2187836212,Vega,-2.129445198440294,-0.02129445198440294,PV per 1 volatility point
near-autocall,M3,0,asset_1,1,0.005,0.50 vol points,False,0.6094416999840178,298356628,2187836212,Vega,-2.1705346030984174,-0.021705346030984174,PV per 1 volatility point
near-autocall,M3,0,asset_1,1,0.01,1.00 vol points,False,0.6160194000112824,298356628,2187836212,Vega,-2.20512770066037,-0.022051277006603698,PV per 1 volatility point
near-autocall,M3,0,asset_2,2,0.0025,0.25 vol points,False,0.6057480999734253,298356628,2187836212,Vega,-22.931479876137928,-0.22931479876137928,PV per 1 volatility point
near-autocall,M3,0,asset_2,2,0.005,0.50 vol points,False,0.6056740000494756,298356628,2187836212,Vega,-21.288189736706897,-0.21288189736706897,PV per 1 volatility point
near-autocall,M3,0,asset_2,2,0.01,1.00 vol points,False,0.6183739000116475,298356628,2187836212,Vega,-19.752641472584287,-0.19752641472584287,PV per 1 volatility point
near-autocall,M3,0,asset_3,3,0.0025,0.25 vol points,True,0.6179293000022881,298356628,2187836212,Vega,-12.638861463824469,-0.1263886146382447,PV per 1 volatility point
near-autocall,M3,0,asset_3,3,0.005,0.50 vol points,True,0.6166972999926656,298356628,2187836212,Vega,-18.30115718686045,-0.1830115718686045,PV per 1 volatility point
near-autocall,M3,0,asset_3,3,0.01,1.00 vol points,True,0.5866474999929778,298356628,2187836212,Vega,-16.992914344320553,-0.16992914344320553,PV per 1 volatility point
near-autocall,M3,0,parallel,0,0.0025,0.25 parallel vol points,False,0.6004684999934398,298356628,2187836212,Parallel Vega,-38.554223847486924,-0.38554223847486924,PV per 1 parallel volatility point
near-autocall,M3,0,parallel,0,0.005,0.50 parallel vol points,False,0.6005872000241652,298356628,2187836212,Parallel Vega,-41.87398153755595,-0.4187398153755595,PV per 1 parallel volatility point
near-autocall,M3,0,parallel,0,0.01,1.00 parallel vol points,False,0.600641299970448,298356628,2187836212,Parallel Vega,-38.977888153836915,-0.38977888153836915,PV per 1 parallel volatility point
near-autocall,M3,1,asset_1,1,0.001,0.10% spot,False,0.5910117999301292,85290377,2187836212,Delta,26.84976941057431,0.2695716848821661,PV per 1% relative spot move
near-autocall,M3,1,asset_1,1,0.001,0.10% spot,False,0.5910117999301292,85290377,2187836212,Gamma,-72434.4769523064,-7.301511171955609,PV per squared 1% relative spot move
near-autocall,M3,1,asset_1,1,0.0025,0.25% spot,False,0.5740156000247225,85290377,2187836212,Delta,42.927079707729526,0.4309878802656044,PV per 1% relative spot move
near-autocall,M3,1,asset_1,1,0.0025,0.25% spot,False,0.5740156000247225,85290377,2187836212,Gamma,-30616.084848228245,-3.0861503384371645,PV per squared 1% relative spot move
near-autocall,M3,1,asset_1,1,0.005,0.50% spot,False,0.5773274000384845,85290377,2187836212,Delta,44.423033086920924,0.4460072521926861,PV per 1% relative spot move
near-autocall,M3,1,asset_1,1,0.005,0.50% spot,False,0.5773274000384845,85290377,2187836212,Gamma,-16561.069010278978,-1.6693822539465375,PV per squared 1% relative spot move
near-autocall,M3,1,asset_1,1,0.01,1.00% spot,False,0.5820204000337981,85290377,2187836212,Delta,44.88652936608246,0.4506607548354679,PV per 1% relative spot move
near-autocall,M3,1,asset_1,1,0.01,1.00% spot,False,0.5820204000337981,85290377,2187836212,Gamma,-8463.788777963275,-0.8531634508807429,PV per squared 1% relative spot move
near-autocall,M3,1,asset_2,2,0.001,0.10% spot,False,0.5942819999763742,85290377,2187836212,Delta,129.17968822871848,1.2930886791694718,PV per 1% relative spot move
near-autocall,M3,1,asset_2,2,0.001,0.10% spot,False,0.5942819999763742,85290377,2187836212,Gamma,-272912.35699563957,-27.345845462198778,PV per squared 1% relative spot move
near-autocall,M3,1,asset_2,2,0.0025,0.25% spot,False,0.5900621999171562,85290377,2187836212,Delta,57.054141794824375,0.5711119593661919,PV per 1% relative spot move
near-autocall,M3,1,asset_2,2,0.0025,0.25% spot,False,0.5900621999171562,85290377,2187836212,Gamma,-44186.262156307144,-4.4274678866881905,PV per squared 1% relative spot move
near-autocall,M3,1,asset_2,2,0.005,0.50% spot,False,0.5684021000051871,85290377,2187836212,Delta,49.52308409456749,0.4957260717866205,PV per 1% relative spot move
near-autocall,M3,1,asset_2,2,0.005,0.50% spot,False,0.5684021000051871,85290377,2187836212,Gamma,-8898.544906529196,-0.891635089488716,PV per squared 1% relative spot move
near-autocall,M3,1,asset_2,2,0.01,1.00% spot,False,0.5953402999439277,85290377,2187836212,Delta,67.88354361577233,0.6795142715938809,PV per 1% relative spot move
near-autocall,M3,1,asset_2,2,0.01,1.00% spot,False,0.5953402999439277,85290377,2187836212,Gamma,-6159.136703335696,-0.6171461135879069,PV per squared 1% relative spot move
near-autocall,M3,1,asset_3,3,0.001,0.10% spot,True,0.5761268000351265,85290377,2187836212,Delta,173.7165263643281,1.7336909331159944,PV per 1% relative spot move
near-autocall,M3,1,asset_3,3,0.001,0.10% spot,True,0.5761268000351265,85290377,2187836212,Gamma,198422.04310879146,19.762914862452874,PV per squared 1% relative spot move
near-autocall,M3,1,asset_3,3,0.0025,0.25% spot,True,0.5647501000203192,85290377,2187836212,Delta,101.53435287513773,1.0133128416938746,PV per 1% relative spot move
near-autocall,M3,1,asset_3,3,0.0025,0.25% spot,True,0.5647501000203192,85290377,2187836212,Gamma,51602.58312501696,5.139637920284939,PV per squared 1% relative spot move
near-autocall,M3,1,asset_3,3,0.005,0.50% spot,True,0.5724404999637045,85290377,2187836212,Delta,165.47023734151628,1.6513929686683324,PV per 1% relative spot move
near-autocall,M3,1,asset_3,3,0.005,0.50% spot,True,0.5724404999637045,85290377,2187836212,Gamma,-18268.66211760722,-1.8195660543785261,PV per squared 1% relative spot move
near-autocall,M3,1,asset_3,3,0.01,1.00% spot,True,0.5765425999998115,85290377,2187836212,Delta,127.22553040614577,1.2697107934533347,PV per 1% relative spot move
near-autocall,M3,1,asset_3,3,0.01,1.00% spot,True,0.5765425999998115,85290377,2187836212,Gamma,-9831.147922550603,-0.9791862655452092,PV per squared 1% relative spot move
near-autocall,M3,1,parallel,0,0.001,0.10% parallel spot,False,0.5619945000507869,85290377,2187836212,Parallel Gamma,-149955.5058887836,-14.995550588878361,PV per squared 1% parallel relative spot move
near-autocall,M3,1,parallel,0,0.0025,0.25% parallel spot,False,0.5799698000191711,85290377,2187836212,Parallel Gamma,-6459.210860984967,-0.6459210860984967,PV per squared 1% parallel relative spot move
near-autocall,M3,1,parallel,0,0.005,0.50% parallel spot,False,0.5730646000592969,85290377,2187836212,Parallel Gamma,-21457.083544924557,-2.145708354492456,PV per squared 1% parallel relative spot move
near-autocall,M3,1,parallel,0,0.01,1.00% parallel spot,False,0.5555046999943443,85290377,2187836212,Parallel Gamma,-8077.51439849028,-0.807751439849028,PV per squared 1% parallel relative spot move
near-autocall,M3,1,asset_1,1,0.0025,0.25 vol points,False,0.5700503999833018,85290377,2187836212,Vega,-5.413432022257325,-0.05413432022257325,PV per 1 volatility point
near-autocall,M3,1,asset_1,1,0.005,0.50 vol points,False,0.5744292999734171,85290377,2187836212,Vega,-3.611844355364724,-0.03611844355364724,PV per 1 volatility point
near-autocall,M3,1,asset_1,1,0.01,1.00 vol points,False,0.5650299999397248,85290377,2187836212,Vega,-2.854660014083521,-0.02854660014083521,PV per 1 volatility point
near-autocall,M3,1,asset_2,2,0.0025,0.25 vol points,False,0.5774212999967858,85290377,2187836212,Vega,-19.647787269389028,-0.19647787269389028,PV per 1 volatility point
near-autocall,M3,1,asset_2,2,0.005,0.50 vol points,False,0.56231360003585,85290377,2187836212,Vega,-18.187746251975057,-0.18187746251975057,PV per 1 volatility point
near-autocall,M3,1,asset_2,2,0.01,1.00 vol points,False,0.5577250000205822,85290377,2187836212,Vega,-18.865419584849974,-0.18865419584849974,PV per 1 volatility point
near-autocall,M3,1,asset_3,3,0.0025,0.25 vol points,True,0.5593454000772908,85290377,2187836212,Vega,-23.33271053071826,-0.2333271053071826,PV per 1 volatility point
near-autocall,M3,1,asset_3,3,0.005,0.50 vol points,True,0.5505044999881648,85290377,2187836212,Vega,-21.297289013458,-0.21297289013457998,PV per 1 volatility point
near-autocall,M3,1,asset_3,3,0.01,1.00 vol points,True,0.5504730999819003,85290377,2187836212,Vega,-19.243369905308327,-0.19243369905308327,PV per 1 volatility point
near-autocall,M3,1,parallel,0,0.0025,0.25 parallel vol points,False,0.5551717999624088,85290377,2187836212,Parallel Vega,-49.103376945078026,-0.49103376945078026,PV per 1 parallel volatility point
near-autocall,M3,1,parallel,0,0.005,0.50 parallel vol points,False,0.5702652999898419,85290377,2187836212,Parallel Vega,-44.22934122966922,-0.44229341229669217,PV per 1 parallel volatility point
near-autocall,M3,1,parallel,0,0.01,1.00 parallel vol points,False,0.562874199997168,85290377,2187836212,Parallel Vega,-41.99021553513873,-0.4199021553513873,PV per 1 parallel volatility point
near-autocall,M3,2,asset_1,1,0.001,0.10% spot,False,0.5575245000654832,103616168,2187836212,Delta,-5.691336347002716,-0.05714101692390727,PV per 1% relative spot move
near-autocall,M3,2,asset_1,1,0.001,0.10% spot,False,0.5575245000654832,103616168,2187836212,Gamma,8706.729967286787,0.8776523114704559,PV per squared 1% relative spot move
near-autocall,M3,2,asset_1,1,0.0025,0.25% spot,False,0.5763396000256762,103616168,2187836212,Delta,3.8719182431589343,0.0388740591613157,PV per 1% relative spot move
near-autocall,M3,2,asset_1,1,0.0025,0.25% spot,False,0.5763396000256762,103616168,2187836212,Gamma,-7932.782477230511,-0.7996371661567991,PV per squared 1% relative spot move
near-autocall,M3,2,asset_1,1,0.005,0.50% spot,False,0.5905258000129834,103616168,2187836212,Delta,7.288790944461126,0.07317946108238971,PV per 1% relative spot move
near-autocall,M3,2,asset_1,1,0.005,0.50% spot,False,0.5905258000129834,103616168,2187836212,Gamma,-4129.1234787489,-0.41622225325545514,PV per squared 1% relative spot move
near-autocall,M3,2,asset_1,1,0.01,1.00% spot,False,0.6039124999660999,103616168,2187836212,Delta,33.03258044309044,0.33164710764862804,PV per 1% relative spot move
near-autocall,M3,2,asset_1,1,0.01,1.00% spot,False,0.6039124999660999,103616168,2187836212,Gamma,-6931.711308125369,-0.6987275905971303,PV per squared 1% relative spot move
near-autocall,M3,2,asset_2,2,0.001,0.10% spot,False,0.5705625000409782,103616168,2187836212,Delta,72.0430709165626,0.7211511398747915,PV per 1% relative spot move
near-autocall,M3,2,asset_2,2,0.001,0.10% spot,False,0.5705625000409782,103616168,2187836212,Gamma,-150032.80611574918,-15.033302176078674,PV per squared 1% relative spot move
near-autocall,M3,2,asset_2,2,0.0025,0.25% spot,False,0.5883145000552759,103616168,2187836212,Delta,85.32260539679812,0.8540792800219491,PV per 1% relative spot move
near-autocall,M3,2,asset_2,2,0.0025,0.25% spot,False,0.5883145000552759,103616168,2187836212,Gamma,-27662.270747747236,-2.771762295151347,PV per squared 1% relative spot move
near-autocall,M3,2,asset_2,2,0.005,0.50% spot,False,0.6222605999791995,103616168,2187836212,Delta,100.46288122065523,1.0056334410187588,PV per 1% relative spot move
near-autocall,M3,2,asset_2,2,0.005,0.50% spot,False,0.6222605999791995,103616168,2187836212,Gamma,-22232.985206576603,-2.2277473409974955,PV per squared 1% relative spot move
near-autocall,M3,2,asset_2,2,0.01,1.00% spot,False,0.5863952000509016,103616168,2187836212,Delta,63.67420621385125,0.637378804200651,PV per 1% relative spot move
near-autocall,M3,2,asset_2,2,0.01,1.00% spot,False,0.5863952000509016,103616168,2187836212,Gamma,-6175.83445127075,-0.6188192296007741,PV per squared 1% relative spot move
near-autocall,M3,2,asset_3,3,0.001,0.10% spot,True,0.5897083000745624,103616168,2187836212,Delta,137.59679015726775,1.3732159657695322,PV per 1% relative spot move
near-autocall,M3,2,asset_3,3,0.001,0.10% spot,True,0.5897083000745624,103616168,2187836212,Gamma,-86545.9304856712,-8.620009294745046,PV per squared 1% relative spot move
near-autocall,M3,2,asset_3,3,0.0025,0.25% spot,True,0.613576500036288,103616168,2187836212,Delta,99.58416754915366,0.9938499921405536,PV per 1% relative spot move
near-autocall,M3,2,asset_3,3,0.0025,0.25% spot,True,0.613576500036288,103616168,2187836212,Gamma,-17107.899953670174,-1.703953678545531,PV per squared 1% relative spot move
near-autocall,M3,2,asset_3,3,0.005,0.50% spot,True,0.6133152000256814,103616168,2187836212,Delta,144.43925253983815,1.4415037403475848,PV per 1% relative spot move
near-autocall,M3,2,asset_3,3,0.005,0.50% spot,True,0.6133152000256814,103616168,2187836212,Gamma,-24774.958234897647,-2.4675957501790995,PV per squared 1% relative spot move
near-autocall,M3,2,asset_3,3,0.01,1.00% spot,True,0.6361985999974422,103616168,2187836212,Delta,84.15057595639306,0.8398227480448027,PV per 1% relative spot move
near-autocall,M3,2,asset_3,3,0.01,1.00% spot,True,0.6361985999974422,103616168,2187836212,Gamma,-5606.369929467587,-0.5583966875229435,PV per squared 1% relative spot move
near-autocall,M3,2,parallel,0,0.001,0.10% parallel spot,False,0.6497785999672487,103616168,2187836212,Parallel Gamma,-163780.314079645,-16.3780314079645,PV per squared 1% parallel relative spot move
near-autocall,M3,2,parallel,0,0.0025,0.25% parallel spot,False,0.600591299997177,103616168,2187836212,Parallel Gamma,-48629.66344027654,-4.8629663440276545,PV per squared 1% parallel relative spot move
near-autocall,M3,2,parallel,0,0.005,0.50% parallel spot,False,0.5735195000306703,103616168,2187836212,Parallel Gamma,-34270.119847423644,-3.427011984742365,PV per squared 1% parallel relative spot move
near-autocall,M3,2,parallel,0,0.01,1.00% parallel spot,False,0.575984499999322,103616168,2187836212,Parallel Gamma,-5943.840239206111,-0.5943840239206111,PV per squared 1% parallel relative spot move
near-autocall,M3,2,asset_1,1,0.0025,0.25 vol points,False,0.5496043000021018,103616168,2187836212,Vega,-0.1412633511876038,-0.001412633511876038,PV per 1 volatility point
near-autocall,M3,2,asset_1,1,0.005,0.50 vol points,False,0.59432920004474,103616168,2187836212,Vega,-0.5789128386098241,-0.005789128386098241,PV per 1 volatility point
near-autocall,M3,2,asset_1,1,0.01,1.00 vol points,False,0.6144676999538206,103616168,2187836212,Vega,-0.8931694164211024,-0.008931694164211024,PV per 1 volatility point
near-autocall,M3,2,asset_2,2,0.0025,0.25 vol points,False,0.6095095000346191,103616168,2187836212,Vega,-26.733074573488125,-0.26733074573488125,PV per 1 volatility point
near-autocall,M3,2,asset_2,2,0.005,0.50 vol points,False,0.599991700029932,103616168,2187836212,Vega,-28.954773690600177,-0.2895477369060018,PV per 1 volatility point
near-autocall,M3,2,asset_2,2,0.01,1.00 vol points,False,0.5889888000092469,103616168,2187836212,Vega,-25.12059746245683,-0.2512059746245683,PV per 1 volatility point
near-autocall,M3,2,asset_3,3,0.0025,0.25 vol points,True,0.5999376999679953,103616168,2187836212,Vega,-15.804940344000329,-0.1580494034400033,PV per 1 volatility point
near-autocall,M3,2,asset_3,3,0.005,0.50 vol points,True,0.6465861000469886,103616168,2187836212,Vega,-16.236300493115152,-0.16236300493115152,PV per 1 volatility point
near-autocall,M3,2,asset_3,3,0.01,1.00 vol points,True,0.6066187999676913,103616168,2187836212,Vega,-12.196285332920809,-0.12196285332920809,PV per 1 volatility point
near-autocall,M3,2,parallel,0,0.0025,0.25 parallel vol points,False,0.6226819000439718,103616168,2187836212,Parallel Vega,-42.67854131267654,-0.42678541312676543,PV per 1 parallel volatility point
near-autocall,M3,2,parallel,0,0.005,0.50 parallel vol points,False,0.6300026000244543,103616168,2187836212,Parallel Vega,-45.8829350525761,-0.458829350525761,PV per 1 parallel volatility point
near-autocall,M3,2,parallel,0,0.01,1.00 parallel vol points,False,0.6343929999275133,103616168,2187836212,Parallel Vega,-38.493838798999036,-0.38493838798999036,PV per 1 parallel volatility point
near-autocall,M3,3,asset_1,1,0.001,0.10% spot,False,0.6058700999710709,1651948577,2187836212,Delta,-2.8254372744948473,-0.028367390235928266,PV per 1% relative spot move
near-autocall,M3,3,asset_1,1,0.001,0.10% spot,False,0.6058700999710709,1651948577,2187836212,Gamma,6315.880633340916,0.6366508732497776,PV per squared 1% relative spot move
near-autocall,M3,3,asset_1,1,0.0025,0.25% spot,False,0.6150678000412881,1651948577,2187836212,Delta,-0.10984062510044577,-0.0011027998760084756,PV per 1% relative spot move
near-autocall,M3,3,asset_1,1,0.0025,0.25% spot,False,0.6150678000412881,1651948577,2187836212,Gamma,3721.258775207727,0.37510883855497923,PV per squared 1% relative spot move
near-autocall,M3,3,asset_1,1,0.005,0.50% spot,False,0.5990471999975853,1651948577,2187836212,Delta,20.288220966107872,0.20369373849972303,PV per 1% relative spot move
near-autocall,M3,3,asset_1,1,0.005,0.50% spot,False,0.5990471999975853,1651948577,2187836212,Gamma,-7117.262394674012,-0.717431437002972,PV per squared 1% relative spot move
near-autocall,M3,3,asset_1,1,0.01,1.00% spot,False,0.6608089999645017,1651948577,2187836212,Delta,23.283061910488705,0.2337619415813066,PV per 1% relative spot move
near-autocall,M3,3,asset_1,1,0.01,1.00% spot,False,0.6608089999645017,1651948577,2187836212,Gamma,-4367.898097700746,-0.4402911168851915,PV per squared 1% relative spot move
near-autocall,M3,3,asset_2,2,0.001,0.10% spot,False,0.6431571000139229,1651948577,2187836212,Delta,33.77671268908414,0.33810489401773225,PV per 1% relative spot move
near-autocall,M3,3,asset_2,2,0.001,0.10% spot,False,0.6431571000139229,1651948577,2187836212,Gamma,-67206.2747163629,-6.734075447207032,PV per squared 1% relative spot move
near-autocall,M3,3,asset_2,2,0.0025,0.25% spot,False,0.6565649999538437,1651948577,2187836212,Delta,61.084026908249484,0.6114511093515772,PV per 1% relative spot move
near-autocall,M3,3,asset_2,2,0.0025,0.25% spot,False,0.6565649999538437,1651948577,2187836212,Gamma,-17316.840412196154,-1.7351491409860953,PV per squared 1% relative spot move
near-autocall,M3,3,asset_2,2,0.005,0.50% spot,False,0.6456049000262283,1651948577,2187836212,Delta,64.39962767069153,0.6446402729836221,PV per 1% relative spot move
near-autocall,M3,3,asset_2,2,0.005,0.50% spot,False,0.6456049000262283,1651948577,2187836212,Gamma,4410.175131036528,0.4418999891473731,PV per squared 1% relative spot move
near-autocall,M3,3,asset_2,2,0.01,1.00% spot,False,0.7108613000018522,1651948577,2187836212,Delta,65.18845556982626,0.6525364402539608,PV per 1% relative spot move
near-autocall,M3,3,asset_2,2,0.01,1.00% spot,False,0.7108613000018522,1651948577,2187836212,Gamma,-2257.2096575876913,-0.22617263341125238,PV per squared 1% relative spot move
near-autocall,M3,3,asset_3,3,0.001,0.10% spot,True,0.6850643999641761,1651948577,2187836212,Delta,56.86159316880378,0.5674786998246617,PV per 1% relative spot move
near-autocall,M3,3,asset_3,3,0.001,0.10% spot,True,0.6850643999641761,1651948577,2187836212,Gamma,-28884.952097808993,-2.8769527829226154,PV per squared 1% relative spot move
near-autocall,M3,3,asset_3,3,0.0025,0.25% spot,True,0.6500230000237934,1651948577,2187836212,Delta,84.14027580958766,0.8397199525796849,PV per 1% relative spot move
near-autocall,M3,3,asset_3,3,0.0025,0.25% spot,True,0.6500230000237934,1651948577,2187836212,Gamma,-20902.713615092372,-2.0819186371486462,PV per squared 1% relative spot move
near-autocall,M3,3,asset_3,3,0.005,0.50% spot,True,0.6508207999868318,1651948577,2187836212,Delta,97.65860223234984,0.9746328502788514,PV per 1% relative spot move
near-autocall,M3,3,asset_3,3,0.005,0.50% spot,True,0.6508207999868318,1651948577,2187836212,Gamma,-3088.320822891242,-0.3075979892882969,PV per squared 1% relative spot move
near-autocall,M3,3,asset_3,3,0.01,1.00% spot,True,0.6470372999901883,1651948577,2187836212,Delta,83.398564303335,0.8323176717472832,PV per 1% relative spot move
near-autocall,M3,3,asset_3,3,0.01,1.00% spot,True,0.6470372999901883,1651948577,2187836212,Gamma,-4761.166830352811,-0.4742141207698722,PV per squared 1% relative spot move
near-autocall,M3,3,parallel,0,0.001,0.10% parallel spot,False,0.6616177999530919,1651948577,2187836212,Parallel Gamma,-89671.17523920366,-8.967117523920367,PV per squared 1% parallel relative spot move
near-autocall,M3,3,parallel,0,0.0025,0.25% parallel spot,False,0.6605291999294423,1651948577,2187836212,Parallel Gamma,-37209.61170927694,-3.720961170927694,PV per squared 1% parallel relative spot move
near-autocall,M3,3,parallel,0,0.005,0.50% parallel spot,False,0.6290649999864399,1651948577,2187836212,Parallel Gamma,2608.4761964773406,0.26084761964773406,PV per squared 1% parallel relative spot move
near-autocall,M3,3,parallel,0,0.01,1.00% parallel spot,False,0.6112753999768756,1651948577,2187836212,Parallel Gamma,315.66681151915077,0.03156668115191508,PV per squared 1% parallel relative spot move
near-autocall,M3,3,asset_1,1,0.0025,0.25 vol points,False,0.6734298000228591,1651948577,2187836212,Vega,-4.619375383043689,-0.04619375383043689,PV per 1 volatility point
near-autocall,M3,3,asset_1,1,0.005,0.50 vol points,False,0.6308339000097476,1651948577,2187836212,Vega,-1.9731596099163085,-0.019731596099163085,PV per 1 volatility point
near-autocall,M3,3,asset_1,1,0.01,1.00 vol points,False,0.6281534000299871,1651948577,2187836212,Vega,-1.3044023737386112,-0.013044023737386112,PV per 1 volatility point
near-autocall,M3,3,asset_2,2,0.0025,0.25 vol points,False,0.6363333000335842,1651948577,2187836212,Vega,-24.050336417457174,-0.24050336417457174,PV per 1 volatility point
near-autocall,M3,3,asset_2,2,0.005,0.50 vol points,False,0.6129682999453507,1651948577,2187836212,Vega,-23.199516278165788,-0.23199516278165788,PV per 1 volatility point
near-autocall,M3,3,asset_2,2,0.01,1.00 vol points,False,0.6366351000033319,1651948577,2187836212,Vega,-24.352110141246186,-0.24352110141246186,PV per 1 volatility point
near-autocall,M3,3,asset_3,3,0.0025,0.25 vol points,True,0.6375193999847397,1651948577,2187836212,Vega,-14.472615326675964,-0.14472615326675964,PV per 1 volatility point
near-autocall,M3,3,asset_3,3,0.005,0.50 vol points,True,0.6291477999766357,1651948577,2187836212,Vega,-14.438982899464747,-0.14438982899464747,PV per 1 volatility point
near-autocall,M3,3,asset_3,3,0.01,1.00 vol points,True,0.6218633999815211,1651948577,2187836212,Vega,-14.510393434133562,-0.14510393434133562,PV per 1 volatility point
near-autocall,M3,3,parallel,0,0.0025,0.25 parallel vol points,False,0.5993583999807015,1651948577,2187836212,Parallel Vega,-43.170073228739625,-0.43170073228739625,PV per 1 parallel volatility point
near-autocall,M3,3,parallel,0,0.005,0.50 parallel vol points,False,0.6068137999391183,1651948577,2187836212,Parallel Vega,-39.648431206272505,-0.39648431206272505,PV per 1 parallel volatility point
near-autocall,M3,3,parallel,0,0.01,1.00 parallel vol points,False,0.618550100014545,1651948577,2187836212,Parallel Vega,-40.20636189457676,-0.4020636189457676,PV per 1 parallel volatility point
